TRJWZII128F92CA924,10
TRHFNHQ128F42A24FF,1
TRKFBKX128F4292AE1,1
TRFXPXE128F933B1E7,144
TRQRPXE128EF340BE1,4
TRTDCHK128F92C7A0D,1
TRJJYOO128F428D132,2
TRBWBYD128E078E2E6,3
TRDWBCU128F426C536,2
TRHFLLH128F92CEE53,1
TRKDHLY128F92FAD25,1
TRQZAUE128E07849B8,1
TRNMCEC128F1483290,1
TRZUDSO128F9345718,1
TRMTXON128F148424D,2
TRTBVMN128F149ADF9,4
TRPDNDH128F4278C1F,1
TRNECZC128F14539D7,5
TRFPSBS128F4298DD4,1
TRABFDT12903CADD73,19
TRXXPFF128F424A10A,1
TRCIVPR128F14831B1,2
TROSDLC128F92CA920,5
TRGEIPC128EF357B2F,2
TRYVCKD128F425BDD9,5
TRETANL128F145551F,1
TRIVUXL128F9311BEC,2
TRCDAQN128F4278BF7,1
TRAGLSU128F145FFB2,1
TRUDOYR128F14528B9,1
TRFIIDH12903CAF5F8,1
TRSAFQM128F14988BC,2
TRDFBOS12903CE305E,1
TRXDYRW128F932C8DD,5
TRMCCJT128E079251A,5
TRIELPM128F424F993,6
TRVKETZ128F4284AB8,3
TRPINGC128F9323097,1
TRSRNYG128F4250683,2
TRKWAUG128F147481E,1
TRVNXGU128F42752AC,3
TRBCUMO128F4233650,6
TRHWARO128F14760D6,1
TROVQHL128EF3439DE,5
TRBYEJG128F14875D2,1
TRFUEJH128F424E144,14
TRGZWLB128F4235B82,4
TRSDTVE128F1468731,3
TRZHDBZ128E0798B8C,4
TRKCONP128F147C349,1
TRMMABF128F425862B,1
TRIDWHS12903CE17C8,8
TRNPOFZ12903CA9B1E,1
TRZYYHM128EF342B8A,2
TRDMSOB128F4284A85,1
TRXVPRG128E0784A11,1
TRAZJGD128F4289D2A,1
TRAEXHW128F92E2602,6
TRAEYSG128F92DF5E7,2
TRUXSFC12903CB50C8,1
TREXJSR128F429576B,1
TRWVQFX128F4234CED,1
TRYVFYV128F9341A5C,1
TRZVPZQ128E078F0E3,5
TRQOOCU128F92F2F9A,1
TRRBGPL128F425D542,2
TRLODKJ128F4239290,1
TRDLBMZ128F4255D32,1
TRUYVFE128F92F6201,1
TRUHSNQ128F933AFCE,2
TRIRKHA128F426AE01,4
TRAAGCZ128F93210FD,1
TRWAHKF128F4235B8F,7
TRIHFYR128C7196470,1
TRYOAHU128F429D545,1
TRIPCCZ12903D051E2,1
TRQNYOA128F1469E1D,15
TRYVUXO128F429EC19,1
TRZCBXC128E0798C9F,2
TRJVOIA128F4258138,1
TRXHYNW128E078EDF9,1
TRULGDW128F92F5808,4
TRBLJRN128F933B1D8,90
TRACFZI128E0795424,1
TRIDEVW128F424E13A,14
TRIAGVW12903CE661E,2
TRCSYFH128F92CEB70,1
TRRYITU128F425045B,1
TREPCYD128F92F20C7,3
TRMACAH128F92CA05A,4
TRZVYVZ128F42A34CE,6
TRTEYCE128F4228E7A,6
TRMVMYE128F4249A0F,1
TROLGCJ128E07872CE,2
TRSZYKB128F42A65F0,1
TRRXGAK128EF349F1A,3
TRHNNWL128F4227C3D,2
TRONFTB128F428CD9D,3
TRRWDDC128E079691A,12
TRJNUHC12903CCFB44,1
TRLBBLG128F933C0E1,34
TRYENWK128F4266028,4
TRQYCZI128F425A861,1
TRRHGFY12903CD2DC8,1
TROTLZV128F4241A35,1
TRDWVGD128F9309BED,2
TRFQYLJ128F42576F8,1
TRULBWZ128EF33FA13,2
TRHEQEQ12903CDA12D,4
TRKZOBJ128F428AF61,80
TRBJREH128F426AEA0,3
TRWDMMS128F9343531,1
TRJUSEP128F4250662,1
TRDKHVX12903CC509B,1
TRSWZEO128F422F591,2
TRHVEYG128F42A34CD,30
TRVSJPS128F425E580,5
TRISVIR128EF343497,1
TRJLMSU128F932BB3A,5
TRIUJGF128F4272CFB,1
TRKWXJB128F14A20FF,2
TRPASFW128F147AA10,1
TRCLXTI128F932D0C9,2
TRQHFIK128F146E0EC,4
TRNCBCI12903CB5CCF,5
TRUIIFY128F4278C17,3
TROFESO128F14979E6,3
TRMFOLG128F9316A8F,1
TRWFQQH128F423B81C,1
TRMXOBA128F147FD8C,3
TRNIVFM128E0789987,1
TRNIACV128F9301DC2,2
TRKIHEB12903CE018A,9
TRAWEMH128F92CE562,2
TRHICRN128F42AF416,1
TRJCBWH128F423938A,1
TRCETGK12903CD83AA,3
TRKTJSM12903CADD6A,9
TRVCBZL128F42A34CB,52
TREFVHH128F14A2C7B,1
TRLMQDD128F42820AD,10
TRTXDAE128F428B08F,1
TRXAHGI128F42AF159,1
TRCYBGM128F92F942A,2
TRYKKOX128F4241839,1
TRMYRGX128F425BDD3,13
TRXOPOM12903CC5B97,12
TRGLDNN128F9308DD7,10
TRHABYT128F426726B,3
TRMRDRH128F92D524D,1
TRZBKTA128F4283CAB,2
TRHUMJM128E07899B9,4
TROGDFL128F92F1B6A,1
TRNHSZL128E078DEE3,1
TRRORBU128F93113D1,1
TRYVAYH128F9307D3E,1
TRVEXJA12903CADD6F,4
TRKQXHQ128F423458A,2
TRXQMCE128E078D2AC,1
TRQJHMM12903D0521D,2
TRJBAZB128F4235B92,6
TRAKVLG12903CCC41E,1
TRTEWUA128F9333BFD,1
TRKSALT128F14ADAF5,1
TRLOEEC128F931F54F,1
TRRSMFF128F14853C1,1
TRPMNRL128F9302AD7,1
TRKQMVH128F42891C8,1
TRLPVSO128F9336EFE,1
TRCESAE128F14979EA,1
TRGELCD128F148EBA0,1
TRVEBWL128F933B4DA,1
TRVJJVC128F428E001,1
TRYPFDD12903CE9BD6,6
TRHSAIM128F92DF5DD,2
TRDNTAX128F425D550,20
TRVDTJL12903CB6377,2
TRLLHES128F4255505,1
TRSUAYO128F933DCDB,1
TRAXLIU128E07860D4,1
TRDGUSQ128F42BA7D8,3
TRLIGQP128F92FEA59,1
TRWOAMJ128E079520B,2
TRJBBDL128F1494D11,2
TRKKTAN128F92D4A40,2
TRKFGFE128F149330F,1
TRBOLVY128E078DEEF,1
TRTJXIC128F9342496,1
TRYZBBQ128F4289D23,1
TRLSONI128F92FBC4B,1
TRVJSER128F92FFB5E,2
TRRGMTA128F9304FC5,1
TRYHFWT128E07845CA,1
TRUXMXI128E07966AF,1
TRZQOLV128F14979EF,4
TRYMQOT128F4255CB5,2
TREAVGX12903CE4E33,1
TRIUCFM12903CDCCBF,1
TRFOADV128F425B771,1
TRICWPS128F92C4A34,6
TRBXZVN128EF354D31,1
TRRCYFK128F4287289,1
TRWYUZT128F9311672,1
TRPQPTG12903CE17BB,8
TRPFSJI128F422F31A,1
TRLASRA12903CAD7A3,13
TRSBOQY128F4298354,1
TRECPXO12903CB7926,1
TRVDCJN128F14B0253,2
TREVHLY128C71964C1,1
TRWOZCK128F426831D,1
TRODGGY128F42BA7D4,5
TRWXJCJ128EF357B2A,1
TRSLWYV128F9309697,1
TRPVOFM128F932FA71,1
TRZODGD128F146B3A6,1
TRCJSDC12903CE42B6,1
TRMKISK12903CAD7B9,7
TRJRHOS128E0780D07,3
TRTFQAW128F92D45CD,1
TRFRHOW128F93365AB,1
TRDWYBW128EF357B37,1
TRGSAGE12903CE73FD,10
TROKYVE128F1461E5D,1
TRFHNYT128F9334372,1
TRNTRJZ128F4250689,3
TROUMVZ128E0798B84,4
TRJLDHG128F932647A,1
TRVHYCH128F148BE9C,2
TREDYLA128F9302ADB,1
TRAYYRI128F4298AB8,6
TROYLCX128F42722D7,1
TROYMTB128F4260720,1
TRJQXHJ128EF345667,3
TRDATRX128F146966C,4
TRLKAPD128E07899B3,3
TRMEQQX12903CCD9D5,3
TRAANIX128F92DF5E3,2
TRCLRJF128F9349B59,2
TRCIDGT128F423A771,2
TRQIPME12903CE0A48,1
TRQXXUQ128E0792395,1
TRZPUPE128F92D8BE4,1
TRCSJTV12903CD2DC4,1
TRBBEYU128F4235623,1
TRLZWQM128F4255259,1
TRNOTEX128F92F4806,1
TRBJSQR128F934B0FD,5
TRIRKND12903CDCCA6,1
TRQDTSS128C719636B,1
TRKDAZO128F933D8B3,11
TRBRIYH128F92DFD5D,2
TRFBBCK128F933B1DD,28
TRJEKSZ128F4235B91,8
TRJUJBV128EF3425BB,4
TRMSDIK128F9300AC0,1
TRTLNFL128F425D559,16
TRHAJOD128F423D47F,2
TRKXGAT128F422F316,1
TRWQTGI128E07872D5,2
TRNBWCN128EF34C26B,2
TRFTBYV128F423693A,5
TRJZZLD128F14676C6,1
TRTTGUI128F931BC60,3
TRXJCKL128EF33FA0C,1
TRDZVRJ128F4235B7F,3
TREDEKT128F425B77A,1
TRFUXWR128F1486971,1
TRQHVTY12903CFE368,1
TRQRLNF128E07899C1,2
TRCLKUV128F1479BE6,1
TREFLTB128F145B1EA,1
TRFFLPI128F428DFF7,1
TRVFDBG128F4267574,1
TRUSVHR128F428BE53,15
TRBBWXA128F92CE697,3
TRXBVYL128F4271F66,1
TRSPNFS128F4235B80,3
TRFYKEN128F425F861,5
TRMKYCG128F4288C7D,1
TRMOLCE128F4289D20,5
TRSSZGF128F42910AF,1
TRRBAPS128F4279201,2
TRYHPRR128F427DB50,3
TRLSQEG128E07872CF,1
TRSJZNJ128F4235B79,7
TRWYHOJ128E0795214,2
TRWFHAL128E0783E9F,1
TRBTBAQ128F9339E9F,1
TRUSWXN128F149E2F1,1
TRQLDPU12903CC5C12,9
TRFFIDX128F424B8C5,1
TRKHJNS128F145482C,1
TRDIWSI128F427263B,1
TRAICJY128F92C3FF2,5
TRNOIMK128F92EBEB8,3
TRLDRRJ128F145F5EE,24
TRVLIPF128F9336661,4
TRZWJXR128F93456BE,9
TRJJCJQ12903CD2DD3,3
TRYWHWO128F92C7A30,1
TRRLMAQ128F4231181,1
TRTIRVO128F4286608,2
TRIJEEJ128F1452B71,2
TRCZLAJ128F1484253,3
TRJQNSM128F428CD8B,1
TRPBTFD128F92F876B,1
TRGUFCB128F425AAF3,7
TRIBBBU12903CE41F3,8
TRVAOMF128F1472404,6
TRLETIQ128F931FB91,1
TRJTKZM128F4255285,6
TRSXDNT128F92D68B9,1
TRCJYYI128F14B0258,1
TRDEIQI128F93267AC,1
TRAGJQZ128F9302ADA,2
TRDTRJP12903CE17BD,8
TRVEQJR128EF34278F,1
TRGROIL128F423A773,1
TRIJWBE128F93278EB,1
TRZZFQW128E078FC5A,1
TRMHZWU128F425B776,1
TRDCHEZ128F4267271,3
TRNZQVO128F427A71E,1
TRUVWNZ128EF342B86,1
TRGWWUQ128F4283059,1
TRCJNUV128F42430C5,1
TRKNVSL128F4263BAB,3
TRNYPID128F423A777,3
TRHRPBY128F42752A8,1
TRSCEFJ128F146723F,5
TREJGVP128EF3436BE,1
TRUEYVJ128F425B781,1
TRUQHZM128F42430C1,1
TRPFYZM128F93131CD,21
TRYJYKE12903CD2DC5,1
TRFMUDA128F92E8457,10
TROHBZH128F422C0C5,3
TRVLVXQ128F9301DD3,6
TRXZBGD128F423A75B,2
TRWDNHX128F92DAC44,57
TRWZXSM12903CE0140,5
TRHOGAO128F148A997,5
TRGBSDN128F9315688,22
TRRGWHY128F93043DB,2
TROXAGN128F423B69F,2
TRXSQLW128E078B2EE,1
TRZGTIL128F42551E7,2
TRZCPUS128F92C5819,2
TRKYTUX128F14B102C,6
TRMMHBF12903CF6E59,3
TRSCYYX128F424E0F9,1
TRZUHJX128F9311B1C,1
TRQIZRF128F4277002,1
TRQHVCX128F424D684,1
TRYOBGB128F425AB0C,5
TRIAJNC128F92F7E77,2
TRHBUZD128F92E08BB,8
TRLNVSC12903CADD67,6
TRINXZK128EF35C8B2,2
TREIEOO128F42B0099,48
TRYXPQV128F14B0257,2
TRRYYGH128F427691C,7
TRGQDRC128F4255CB0,1
TRQPPAD128F93092E0,2
TRZAVEC12903CD2DD2,1
TRYLDUZ128F92C5828,2
TROPTXB128F4255CBA,1
TRCKTDI128E078EE4A,1
TREVOQB128E079520D,5
TRKKGRS128E07899C2,2
TRWQTOT128F92FBF5A,1
TRYTFCQ128F428A1D6,1
TRDLSSO12903CC5BBF,7
TROVDFH128F423C300,3
TRKAMAH128F92CE68B,1
TRPAMRR128F9303CA7,5
TRXTVKN128F92DF5DA,1
TRYPJKD128F42283B4,1
TRAJWCE128F1490E1C,1
TRLCHRW128F146D965,3
TRWSYHO128F4282346,2
TRFIOFB128E078631D,5
TRSGRQW128F1486973,1
TRVQEUF128F42A34D0,3
TRTRGQY128F93420FD,1
TRPNLAJ128F427512C,1
TRUBFGA12903CBFB8B,1
TRTNIBM128F42AC946,1
TRPCXPP128F423A3E3,5
TRQACCY128E0798CAB,1
TRSYWWY128F42430BF,1
TRBDODQ128F423A780,1
TRMICLU128E0792719,1
TRDTYHN128E079504D,8
TRXCZLM12903CE4E47,1
TRCHOAT128F4298AB6,7
TRUDRTO128F425BDD1,8
TRMUKFC128F42A24CE,1
TRPFJPH128F427A71D,2
TRGUTUA128F428B4A6,1
TRMVCRS128F1460C82,1
TRHAGFQ128F428B8EA,2
TRGYRAZ12903CE17C2,15
TRONVVA128F425BDC2,4
TRZUHWO128F9305372,2
TRTGSVG128E079281F,1
TRCTXZT128F4227C0E,1
TRBLXNI128F1480B84,2
TRQQRFN128F425068E,4
TRCBARL128F4283054,2
TRXLJIJ128F92E1C5D,1
TRPXFVQ128EF362D2E,1
TRFEIPI128F425C13B,1
TRBERSN128F932CE99,5
TRPTCMZ128F9340B09,2
TRZETXI128F1499E2D,1
TRQDZJC128F42B2224,2
TRSSRRO128F423364F,5
TRJLMAI128F92EBB04,3
TRMVVWQ128F422BB64,1
TRRERJT128F9346E89,2
TRIUKAJ128F4232263,1
TRFDIRZ128F933809F,2
TRNQKXI128F145F5F4,6
TRZRJRM128F1454107,7
TRJVCLO128F14ADAF2,2
TRWAUYP128E078E1D2,1
TROWMCV12903CFCA8E,2
TRYEGSH12903CD2DCE,1
TRVJPPB128F423458B,2
TRHSXSU128F147C1DD,1
TRQAAJV128F4292009,1
TRKWLYT128F93420D7,1
TRWRLGE128F9300CB3,1
TRJKRGC128F933B1D6,15
TRMEYDR128F92F1916,1
TREBTQL128F42ADD2D,1
TRONVCC128F92D5D89,1
TRSHELH128F147BB43,1
TRGAFMD128F148CDA3,1
TRUXWMW128F4256CC6,18
TRJTOFJ128F4271771,1
TRSXBLY128F425BDD5,13
TRPPYKK12903CB744B,1
TRDOTLE128F4296760,3
TRSVGHO128E0789014,1
TRWSDEV128F93119BF,1
TRRVNOM128F4248601,5
TRPRBXS128F42B879C,3
TRLLJWV128E07849BE,2
TRCXKQR128E0780D10,1
TRBWMCF128F92CE553,1
TRSCEMZ128F425BDC6,7
TRXLRLY128F148C73B,1
TRYSHLP128F14A92B2,1
TRPGUZQ128E079520F,57
TRNBXKZ128F14988F8,1
TRGUZLP128F4233F62,9
TREFBPZ128F147CCEC,2
TRXOCVG128F933B1E9,13
TRKVILR128F4255CB4,3
TRCLQDW128F934E751,5
TREAXMY128F147CCE1,1
TRCMUJL12903CC018A,3
TRAFGLI128F14ADAF4,4
TRRKIOF128F424E134,11
TRKOQDF128F14671CC,1
TRQROPW128F14585AF,2
TRCJBGP12903CA91FC,1
TRLNTYR128E07861B8,1
TRHJRIH128F92FC6B7,1
TRIGVWQ12903CE016D,2
TREGTBA128F92FA806,2
TRNLVUR128F42918AA,2
TRQGEFB12903CCDAA1,5
TRGLLLM128F92C454F,2
TROAUGP128F428660A,1
TRMFVJS12903C95B1A,1
TRGIVRT128F92F7E79,1
TRLVEBO12903CF61F1,10
TRGZVPW12903CEBC91,1
TRNZUTZ128F42BCEA5,1
TRZCTOU128F423A768,1
TRLMUCT128F146E0EA,2
TRMQNLL128F92CEDEA,3
TREWXRV128F422F3A4,1
TRPOMAV128F92CA91A,7
TRZJCTH128F424AEA9,3
TRTZKJM128F92FBC68,5
TRXKFNJ128F427E664,1
TROSOJI128F92FEED8,1
TRECXCE12903CCFB4F,1
TRJYVRC12903CE011C,7
TRJGDRR128F92E08BC,6
TRKMUAM128F428E009,1
TRDUHIU128F4233652,95
TRXWPKG128E0782E7C,1
TRYODZY128F9308DDE,3
TRKYGDP128F146872B,2
TRFUTZX128F93500FE,1
TRBPFLW128F4227C24,3
TROJDXK128F425B76E,1
TRCPMBT12903CAF841,5
TRUBZKT128F9307E53,1
TRVQJKT128F4289D2D,2
TRHVGBA128E0795209,4
TRKAZKT128F425D555,28
TRVIPGB128F92D28E4,5
TRJAPEE128F14ADAF3,6
TRETVEK128F428660F,3
TRJATYK128F42430BD,1
TRHMZTC128E0780D0B,2
TRANAPL128F42BA7D6,6
TRSNGFW128F426C425,1
TRTAHDI128F934C876,1
TRPSIFN128F933B1DF,35
TRTYOLU128F9308DE0,3
TRSBCQW128F9311B0E,1
TRKULJX128E0783A32,1
TRTUVYM128F92DF5E1,1
TRHUSRB128F92C7F8A,2
TRJFKID128F92F2377,1
TRBZWDH128F4283CB0,1
TRMTADP128F92CC994,4
TRGDFER128F427009C,1
TRZBHDO128F147C8D1,1
TRWINNX128F934C87F,1
TRYTPHN128F423364A,2
TRSEJRU128F9308DD3,3
TRYHWLD128F426BF7D,1
TRWWYNB128E0795215,3
TRWVNZF128E078A49E,1
TRKHXGY128F4298750,1
TRHCYPF128F422C0DC,1
TRCEIKR128F424A017,1
TRFOTCA128E07899C0,4
TRQCJLO128F4228E79,1
TRAUTGZ128F1468732,6
TRXBVOL12903CE17B7,9
TRPJMZV128F92E28A2,1
TRNCKBT12903D0CE46,1
TRUCRUF128F14B0255,1
TROEEKY128E079159E,2
TRWCCTS128E07849A4,1
TRJJNGC128F4255FD2,1
TRSNKHK128F427C415,1
TRZCOTM128F148696E,1
TRVVZGS128EF348E6A,14
TRJIZEK128F42AC2A0,5
TRVBWHK128E0791ED1,3
TRLCTQQ128F4235B81,13
TRZBCGN128F9303CB8,1
TRXYWJA128E07966B0,1
TRPPZFD128F1480DA7,1
TRXIIOF128F42724E5,1
TRJSOLZ128F14ADAF9,2
TRMNGCJ128F147C34E,1
TRNRPWE12903CA9CFD,1
TRXUGTN128F1474B98,1
TRRLKWH12903CE17BA,5
TRFAFHY128E0780D0E,2
TRZOGBW128F424F086,1
TRFGMTD128F4284394,1
TROQQYW128F427B861,7
TROYTES128F148C87E,21
TRPBGJR128F92FA7FE,5
TRGRSVX128F92E71F5,1
TRYBBHG128E07845CC,3
TRYHRFM128F425B772,1
TRRESLJ128F42430C3,1
TRLZBSO128F148C39F,5
TRDSGNL128F93278E6,1
TRDFZTB12903CF1CBD,1
TRNNCEO128F148A82E,2
TRHFKSM128F428F67A,1
TRLRWJE12903D051EE,2
TROHFJK12903CC4BCE,18
TRVKUTH128EF34C266,1
TRDYTYV128E0799476,1
TRJHROG128F4255CBB,1
TRIFVND128F423EEDF,1
TRISQBH12903CC5C07,16
TRVYXYP128F147CCF5,2
TRUGNPR128F14523EB,1
TRMNLGN128F4266024,1
TRKTDXK128E0780E4A,1
TRWEVEA128E0791592,4
TRMMQOL128F9340687,1
TRHEQBY128F4293027,1
TRZTQNB128F92F7F42,7
TRYFTYE128F1484269,2
TRKHWAX128F423BB59,3
TROTQVJ128F14528BB,1
TRPJFPR128F4227C1B,2
TRLTKSG128F424E139,5
TRWDPUY128F9339D39,1
TRSCACL128F148424F,59
TRUQKFQ128F423A774,3
TRXBXZT128F42A8E06,4
TREQOZD128F1498904,1
TRINVZL128E07850C0,1
TRHZBOG128F146E597,2
TRJOAPN128F14979EB,1
TRDIJCL128F14745D7,1
TRXQNOA128F425B780,1
TROWWWW128F424E132,10
TRIYVUR128F423A75F,1
TROTOFI128F148B148,1
TRRHDGZ128F9340B22,1
TROVNME128F4266026,2
TRVQNSA128F92F58C7,5
TRWPEBP128F422F183,6
TRAEVAO12903CF4B44,4
TRVHWHS128E0781ED4,3
TRXRKFV128F4250697,2
TRCKDYN128F9340E69,10
TREEAAM128F4278BF4,1
TRMUWGC128F42AF2FE,1
TRQOVIQ128F42B823A,2
TRGPMVB128E0781AF4,1
TRPDSBX12903C9F929,17
TRAXUHM128E078900C,2
TRGCXEV12903CF6036,1
TROKTBO128F146E8C8,4
TRDXDPO128EF34E2F4,5
TRNYWLT128EF3437DB,1
TRGDJFO128F9307D44,1
TRJCCNX12903CAF608,1
TRJCOGM128E0780C9E,5
TRBLUCM128E078B2E7,1
TRLFZYA128EF35A1A8,1
TRVXZVA128F4252E27,8
TRLAMKB128F93609AF,1
TRHCPPD128F4266020,1
TRLLAVP128F423645F,2
TRWWAWV12903CE17BF,6
TREOICN128F14979EE,1
TRCIBAL128F421BCEA,13
TRHREOY128F427CA2F,5
TRBCMKM128E078B7DD,7
TREELKK128F147C7D5,5
TRKUAZV128F93096FA,1
TROVWLB128F92DF5DE,3
TRDLPGF128F42BC9B4,2
TRYARRR128F4284390,1
TRZYLGO128F4279005,2
TRJAJOK128F425068B,2
TRFBFJE12903CB5057,1
TRSBUCO128E079436C,15
TRNADKK128F92E01CB,21
TRUWKIL128F1477686,1
TRTWORV12903CF6020,1
TRTYVPF128F145FFB0,2
TRSABJB128F1456BB9,2
TROFPNL128F428CDAF,6
TRRZLGR128F14ADAF7,4
TRHDLWA128F422A755,37
TRCNVLA12903CF6052,1
TREQNVD128F424EA17,13
TRVBKFP128E078FC79,3
TRAJGAB12903CCBA42,1
TRBBQGV12903CB5CD3,7
TRUZVUE128F42415EE,1
TRKZVPE12903CCF746,6
TRZVQGB128F4292FFC,1
TRMCQNQ12903CC5C9C,3
TRFUDFO12903CC5B54,15
TRUHCIP128F428CDAB,1
TRFWOAG128F14B12CB,1
TRVEKRD128F148FF1F,3
TRNZRAH128E07873CE,1
TRWBTFY128F1484B23,1
TRXNHYZ128F1468728,1
TREIQVL128F149B9AF,2
TRAQOWW128F4278BED,1
TRILPIH128F9300DB2,1
TRYGIAU128F425C148,1
TREITBQ12903CE01EF,1
TRSYMRY12903CD2DC0,1
TRDEUGD12903CB5CD5,12
TRCAIKJ128F92CE68E,1
TRJGBRH128E0783DAC,1
TRATDHO128F1464838,6
TRNUVPD128F42B83F6,1
TRQDOEU128F4289F7E,1
TRBXVEA12903CD2DCA,2
TRGCWHZ128F92E6F2B,1
TRZPKWW128F147F77A,2
TRDMQMC128F9338FCD,2
TRDCEHW128F92E3887,1
TRQAHUW128F42933D1,6
TRVZBUH128F4259778,1
TRBNDRV128F92F0D80,1
TRQANXN12903CAD7B5,16
TRMCOJO128F9330F7C,2
TRSVVOP12903CEF20F,5
TRXIPVM128F92CEDDD,4
TRKKROD128F428A97C,1
TRDJOCY128F4294CD5,2
TRPKYHA128F14964EC,1
TRMSIQB128E078E1DA,1
TRKPRLU128F933B1E3,59
TRUAHNG12903CE17CA,62
TRVNSAU128F1480A4B,2
TRPYYZN128F9304FBA,3
TRSGZOD128F4278BFC,1
TRCVKVH12903CB7452,1
TRLWDZA128F424E13C,8
TRKTEVM128F4289D29,2
TRVDSRE128F4235B86,1
TRAEJVE12903CB0F9E,17
TRJANJF128F145E764,1
TRUTURG128F92C3BF5,1
TRZCWYC128F4233653,3
TRMJGAC128F428AEC7,5
TRPZHEM128F93043E3,3
TRVNRFI128F4286643,1
TRMGNHN128F42AC775,3
TRIJWTW128F4260BA3,1
TRSFISL128F1473AE3,1
TRAHZWL128F1475A0C,2
TRTAEKL128F92F8DB8,1
TRVWJZL128E0785F06,1
TRZRXRD128F931113D,1
TRTPICT128F1499947,4
TRNMQIL128F145CF27,7
TRBGLJU12903CEFCEB,5
TRBEDVH128F14599C7,1
TRQFKDC128F92E25D2,5
TRPFQLJ128F425DC0A,9
TRLCUFZ128F9301B9F,6
TRDJFSA12903CC04E1,1
TRRANBK128F4222CD5,85
TRSTLSG128E078370C,4
TRVVZRM128F933B1E2,22
TRHEUFY128F425CF43,4
TROKJLV128F1484251,2
TRHCUPK128F42B53E5,4
TRDSCMR128F4298AB9,1
TRHWQGA128F423B5AD,3
TRDHILL128F14875DD,1
TRQFRIT128F42A6519,1
TRCKWGF12903CD2DCD,1
TRXZKXC128F146D968,2
TRTCIDS128F4278C1C,1
TRXOMID12903CE8350,1
TRIZMUB128F424AEA5,6
TRTJCTI128F149C4EA,1
TRKRXDU128F42758EB,3
TRVLAIA128F1460C77,1
TRZFCPC128F4255CB3,1
TRFUMNQ128F933906A,1
TRMFRFX12903CD6E4C,7
TRUOXFV128F92F9297,1
TRXTSRO128F1499FB3,3
TRWFRQD128F4250685,4
TRSMIGQ128E0783A31,3
TRJRZAK128F931FD83,1
TRJOWHR128F9307B76,1
TRRSBWA128F427B96E,1
TRPSZSC128F425BDCC,11
TRJGQGP128F42514F2,3
TRTFAZC128F423C53B,1
TRYUJEU128F14AE21C,1
TRSLDDC12903CC36E7,2
TRMEBYQ128F932FEFF,1
TREKBMA128F14B024F,1
TRZBPAA128F92FDDA8,1
TRDEHKB128F14AE33E,1
TRCOANP128F92DD24F,1
TRDQMCL128F4265307,5
TROASQS128E07899A8,2
TREQNRF12903CF2405,2
TRZOQKL128F42B0091,10
TRNFEEX128F9320829,3
TRDDQBD128F428CDB4,2
TRAKUJE128F42AE89C,1
TRVZCPR128E0791599,2
TRGLTZW128F146E590,1
TRYVWSQ128F146D967,8
TRFVCSM128F146DE01,1
TRBJONA128F148696C,1
TRGQTIC128F1480A45,3
TRAZIQK12903CCFB3A,2
TRGPAAG128E0784B34,1
TRLCZNW128F423364D,1
TRJPYZE128F4265869,3
TRBRNIN128F145E85E,1
TRRZFGE128F1484258,3
TRJEKOU128F4255CB2,2
TRAEFIU128F4255272,1
TRGSMXU12903D081E7,1
TRTJWEE128F42A34C9,25
TRAUXAP128F423A753,1
TRLPRXA128F92EF8FA,2
TRRZUZL128F146D969,4
TRVPNGN128F425FBB8,6
TRTMUDY12903CD9EDA,1
TRLWHBJ128F4272002,1
TRRNAKT12903CD6650,1
TRQODXD128F92C663C,1
TRBFIGX12903CC4708,1
TRHJJZE128F14A2B3D,21
TRRYXWO128F148426A,1
TRPDWNZ128F148C4C2,5
TRXQPGR128F92E23BE,1
TRQSEEK128F145FFB4,1
TREMMOT128F14523E4,1
TRAFMHY128F92FDDBF,1
TRXKRON128F145E766,1
TRXKAYV128F9333C46,1
TROLKMA128F4274A30,3
TRHSSLT128F92D041C,1
TRMXHHY128F9302AD8,1
TRINXGB128F427E6FF,5
TRYLHVP128F92F158A,1
TRNONRX128F424E136,13
TRLXQVK128EF357B32,1
TRDRPUS12903CB6366,1
TRVSJOM12903CD2DC1,2
TRFDCBZ128E07899BB,1
TRIYYAB128F933B1EA,36
TRGBVBY128F4296763,1
TRZXPKR128F422AFCA,2
TRQXVQF128EF34E2F5,5
TRYIXBZ12903CD4DE2,1
TRLCLEM128F93402D3,1
TRLTNTK128F424E13B,13
TRSYNTV128F1462B70,1
TRDVFTP128F9300AC4,1
TRCXIHJ128F4255CB7,1
TRZNQMG128F146E0ED,3
TRAPTOE128F4272000,3
TRAKYGX128F93246B0,2
TRGCENZ128F931F61D,2
TRVETJQ12903CADD74,24
TRABCKL128F423A778,1
TRWTRDP128F4233656,2
TRKUVRX128F4228EBA,6
TRMAJLS128E0780D0F,2
TRTIRFG128F428D2F8,1
TRCSHPZ128F9348149,7
TRTSWKJ128F145FFB6,1
TRBFEID128F42368AC,1
TRCQNKF12903CB507B,1
TRFFKVG128F424AEA2,2
TRRMXDJ128F146872A,2
TRHHNMD128F92F1ED2,1
TRWFJZU128F92E24F1,2
TRPQDHV128E07845CB,1
TRFUOXD128F145F5F1,9
TRTWNXH128F145E765,1
TRZISCA128F932FD42,1
TRCCVVV128F42838D9,1
TRGNHAO128F425FBB7,1
TRWNAYV128F92E6CCB,1
TRLXHNO128E0784B35,1
TRSJTDA128F92F9584,1
TRRVSBS128F425A7B0,71
TRLWGUQ128EF3425C2,2
TROIJOR128F9307D39,1
TRVGDMZ128F428D313,1
TRZQLVT128F429B2CC,1
TRIVGUG128F4283051,1
TRKIOUF128F42397FC,1
TRHRZMH128F92F0052,1
TRJPCIM128F92D234D,1
TRQLAKM128EF34C269,3
TRUIATC128EF343580,2
TRYUAED128F42858BF,2
TRZCCLT128F429552E,1
TRQLDFQ128F1453F84,1
TRZHFRQ128F4286615,1
TRKXDIQ128E07899BD,1
TRHWJCD128EF33FA15,1
TRJIKXI128F4227C02,2
TRFSHYV12903CD732D,1
TRKAFKC128F4250693,4
TROYFRA128F14A3ABF,1
TREWLBF128F92F25B2,1
TRXGHCY128F14ADAF8,2
TRADWVP128F1465037,1
TRHWFCJ128F145B3AC,1
TRUJVNN128F148BEA0,1
TRDXCIC128F425065E,1
TRIVIUK128F92FDDBD,1
TRPHDFT128F92C5A75,5
TRJTEPF128F42368A2,1
TRHRNJY128F42530E2,1
TROWMJL128F92CB6AE,1
TRWXYAV128F1484268,2
TRZYGJU12903CE0192,4
TRSTZKV128F92D45BF,1
TRAJWCU12903CE4E1B,1
TRFHMSQ12903CE016A,2
TRYAPSA128F422F25A,2
TRRAMCS128F934B99D,1
TRMGNJG128F92FBC4E,1
TREUTSM128F4266025,1
TRUEGXP128F92F7E6D,3
TRLSGLD128F4255273,1
TRBCQHZ128F428B892,2
TRUFYJR128F423BE2D,7
TRFTLTV128E079167B,1
TRFGZVJ128E078E02D,9
TRFDGFW128F4286BFF,3
TRVYOXR128F4233655,3
TRHUJDI128F146A5D8,6
TRINNRM12903CE5700,1
TRUZKQP128F4233648,4
TRERQXH128F9341DF8,1
TRTFRVT128EF34C26D,2
TRKXJVX128F14656BB,2
TRJNISQ128F42B9386,2
TRWKAWC128E07917D7,1
TRFMKZO128EF33FA0E,2
TRQOORL128F42ADDFD,32
TRLCAXW128F93211EA,1
TRLEEEC128F4258CE6,5
TRLHZRQ128F92F8123,2
TRLOHCZ128F4279DF0,1
TRNXWET128F9339E88,1
TRGSPUQ128E0780DA5,3
TREXLMI128F933C1FC,5
TRZYAGJ128F9332CEF,2
TRSNJRR128F428ABD2,1
TRTOELE128F422F236,1
TRDOXUZ128F425E856,68
TRMYDIX128F931DECA,1
TRLDXPK128F426602B,1
TRSQFTM12903D08185,1
TRIMZKU128F423A77C,1
TRQXLRD128F93285F5,1
TRAPHRO128E0792510,1
TRHGEMR128F424E142,2
TRZFXKQ128F4233646,2
TRZORUN128F1454966,3
TRPNXLW128F1484259,1
TRWOLSE128E07896F4,1
TRANGQX128F422F1DE,1
TRTNASX128F14979AA,1
TRWCCFZ128F93198FA,1
TRBCYWT128EF34C263,1
TRLJVEW128F4235B8E,4
TRJPIVA128F932E8A1,1
TRILGTQ128F425C143,1
TRZJDAX128F93096A4,1
TROPDDR128F9366873,1
TRUDTQJ128F4286630,2
TRHOYMQ128EF34C26C,2
TRBJONM128F145FFB7,1
TREVUJI128F933B1F0,35
TRSNXEA128F42ACB2F,0
TRYFKHO128F933C5F2,0
TREQCUX128F1459CE5,0
TRVSXVK12903CBAD1F,0
TREPWWJ128F9325271,0
TRXKHNV128F933EA78,0
TRSIZOJ128F428DE53,0
TRKSOCY128F423B290,0
TRENTQA128F4239B0B,0
TRMROAR128F427D1E6,0
TRMIQXP128F427ACCF,0
TRJSNTH128F427A62E,0
TRNKVKU12903CFCD30,0
TRMUDOK12903CC5A3C,0
TRDANNC128F428B304,0
TRBFRQE128E079608F,0
TRYDZZP128F427E8B3,0
TRSJKIY128F930C5D5,0
TRNFSPE128F4298DB5,0
TRJZDYW128F429E7CF,0
TRBEJTG128F42283D4,0
TRTHIYG128F92F0728,0
TRLHSKI128F428F5D9,0
TRZIMBE128F4262D63,0
TRHRRRB128F92EF3DC,0
TRIXRCA128F4241228,0
TRFIWHJ128F93207C5,0
TRBVTCW128F93293E4,0
TRWSGNJ12903CFBA44,0
TRAMNMN12903CB76F7,0
TRKSXWF12903CA3FA5,0
TRDZTNK128F92EC313,0
TREZOZB128F92C80E8,0
TRQZHPV12903CA8864,0
TRHVTZC128E078FD65,0
TRTGNQI128F424E036,0
TRWIZVY12903CB50A6,0
TRMDIWG12903CAA7B0,0
TRIRPAJ128F930C8E7,0
TRYNUGI128F4298F1C,0
TRHRRYB12903CE80DD,0
TRGIJPK12903D1045E,0
TRZSULI12903D016E7,0
TRNQRIP128F426F5F0,0
TRFUJPY128F146CA22,0
TRKNKZI128F9343D2E,0
TRGNTPB12903CC3E39,0
TRWDNLT128F429762F,0
TRLMDQX12903CA09AD,0
TRGADGY128F422C6D9,0
TRRGBLX128F146B547,0
TRLTMES128F42325E2,0
TRANWIK128F930CDE2,0
TRNXMDT128E07828CD,0
TRBRJWC128F426392C,0
TRKQSKU128F93004EC,0
TRMEEMZ128F933214E,0
TRTUUPX128F92E7B96,0
TRIKZDD12903CB2381,0
TRUVLJT128F92CF26E,0
TRVQPLU128F92D16C6,0
TRPEGKI128F1474A10,0
TRVAQFK128F930BF86,0
TRSLRLR128F429DFCB,0
TRVGVWD128F92F906F,0
TRVDXTO128F92D4531,0
TRSVDAG128F145D06D,0
TRFKBGS128F428FE9B,0
TRUGVLP128F4256A51,0
TRPJRZL128F4234A35,0
TRZBCVH12903D08363,0
TRVEHEN128F92E1F2E,0
TROUKMF128F9326D14,0
TRWTOWG128F92FD8EF,0
TRRQCRJ128F425A244,0
TREDMZF128F4275418,0
TRNJGKZ12903CF0882,0
TROEMNQ12903CFA4AC,0
TRCMZGG128F427CAF2,0
TRGXOVI128F14ADD98,0
TRPHLZG128F425FBB3,0
TRRJHJW128F92DE056,0
TROVAKT128F428DFFF,0
TRBAORP128F93034B0,0
TRIRNFG128F429AAA5,0
TRAOBIJ128F1456AFB,0
TRIHPQQ12903CA17E7,0
TRWZTWK128F4231083,0
TRKDJTA128F1459610,0
TRKZRIU128F426597C,0
TRLXGWA128F145F479,0
TRPOESR128F42615B6,0
TRAWXSD128E07917E1,0
TRWVJLJ128F4282D04,0
TRICIEJ128F93171D3,0
TRNMXFA128F425BD3C,0
TRVLRTL128F931B918,0
TRBATHO12903C9E794,0
TRBNIIU12903CCD89E,0
TRIUOPI128F92F6ABA,0
TRLBPBJ128F422544B,0
TRXCGGX128F932CF36,0
TRJOSWF128F9332FBA,0
TRERNSR12903CA259A,0
TRQZDAS128F9354899,0
TRDPRGI128F92D499A,0
TRMPELH12903D0182E,0
TROLYVC128F4233CBF,0
TRJIKIH128F422AA45,0
TRCEAJY128F92D319D,0
TRVIEUC128F427FFE9,0
TRDKCSE128F92F6811,0
TRLTPLP128F92EF82A,0
TRZOERL128F92E0B1C,0
TRWXSWC128F42354B9,0
TROXPOS128F42623D6,0
TRCOEWF128F93218D9,0
TRZYZLN128F9303B91,0
TRGOUCL128E078550F,0
TRNOXWO128F427653A,0
TRLJEJP128F92F8FAF,0
TRGVTSE128F93397B3,0
TRFZPYX128F4255CA6,0
TRGDAXE12903C99B59,0
TRVLUAL128F92CBD89,0
TRMKGAU128F4282985,0
TRJLCOA12903CC2FD3,0
TRZVMKY128F425A836,0
TRAFUVM12903CF3DD3,0
TRVQYTB128F424A8E0,0
TRAENOH128F933978A,0
TRRLMXH12903CC0224,0
TRXRFGV128F423B9FA,0
TRIGJWJ128F92FFB88,0
TROYCIS128F4283922,0
TRBIGBJ128F92ECBD0,0
TRKTCOG128EF351827,0
TRYTERL128F92ECE77,0
TRDVUJY128F148C162,0
TRLDLDL12903CC6437,0
TRUCBZZ128F4271B6E,0
TRDCYTA128F92F370E,0
TRGCIEW128F4266D9A,0
TRIOMIW128F934AAF8,0
TRXQRYJ128F932006D,0
TRXNXTT12903D06192,0
TRWSXJU12903CEF30F,0
TRVWRNN12903CAF2EA,0
TRTKRHL128F421914A,0
TROJYOX12903CDCFB3,0
TRITKSS128F425D88F,0
TROCIVU128F429810C,0
TRWUNHS128F4254E20,0
TRRITTO128E079946F,0
TRELCIU128F92D2D24,0
TRNCHVB12903CA03A6,0
TRBNIZC128F424D683,0
TRUGOOX12903CBABAB,0
TRNRQAS128F14881CE,0
TRYAUAQ128F92F902D,0
TRIDJLY128F93160C1,0
TRMWRPG12903CFB14D,0
TRRWWQP128F4245757,0
TROGGTT128F424F0AD,0
TRGDQXO128F428EE14,0
TRIPGGR128E0789D4B,0
TRZZNVP128F9310FD0,0
TRVAHHW12903CD82A0,0
TROBPRV128F148C237,0
TRXSZWI128F426AE84,0
TRDOARY128F931FA0F,0
TRZFMVI128F92D186C,0
TRWWETE128F4278128,0
TRHMSOP128F42A01D9,0
TRWZDZF128F4227DD8,0
TRLYNRE128F428AFA2,0
TRKPMRU128F427B645,0
TRORRVQ128F42AB857,0
TRBUAMK128F145C1CE,0
TROCGYX128F933ADCB,0
TRTGEGA128F1463B7F,0
TRPAUDN128F427CAD0,0
TRDGHGB128EF35F58B,0
TRPRQLD128F4227574,0
TROOTUH128F14AE1CD,0
TRBSQZO128F424F511,0
TRQSJKJ128E0793E83,0
TRSBAOH128F92D2515,0
TRXBTXT128F422F176,0
TRIYWRS128E079325C,0
TRRESAO12903CC1CEA,0
TRBUJCZ128F426475F,0
TRETNPP12903CB60DA,0
TRWMDAK128E0793067,0
TRVSOPA128F426B3EB,0
TRIYKRR128F92EF9BD,0
TROUEUN12903CC23DC,0
TRRTLLJ128F1472CDB,0
TRDRNFF12903C979DB,0
TRDKMIC128F428A73F,0
TRJSKXM128F9320B6A,0
TRHLMTZ128E079140B,0
TRBIGDG128F42A26E7,0
TRKFGTY128F9346500,0
TRWMRMV128F14563CE,0
TRZLHZI128F42B69E7,0
TRRUPRP128F92F865D,0
TRQSCHD128F935421A,0
TRFYJZD128F42156B7,0
TROCCTZ128F427D7DD,0
TRQTBFI128E0791DE5,0
TRCKXGJ128F92DBF3A,0
TRGGFER128F9326150,0
TRYSIDQ128F146FFBC,0
TRVUZLI128EF35A21F,0
TRHSRZV128F4213C6F,0
TRADRLH128F4265C65,0
TRJTODJ12903CE5F1D,0
TRPWPWW128F42311D1,0
TRZJQPM128F930BAA2,0
TRLFYIB128F931DFBA,0
TRICVPK128F930BDAB,0
TRCMIVQ128F4267E4E,0
TRRLPXB128F9353D3B,0
TRXIROG12903CB4E30,0
TRLEGXI128F427337E,0
TRBYUMA128F4262E0F,0
TRPBBGZ128F93279F7,0
TRUURNQ128F147787C,0
TRPHMPZ128F427DEDB,0
TRWBYMJ128E0784E4F,0
TRHEVRS128F428A4FA,0
TRLSWSA128F4239BAA,0
TRVLHLI12903C9F9F8,0
TRMRUSB128F9319310,0
TRRLPQN128F147E940,0
TRJBQYF12903CD8EF6,0
TRTTIJE128F934B498,0
TRECDHQ128F147FC7E,0
TRSAEGA128F9303CFD,0
TRHMWPE128F145F9F4,0
TRZKQXA128F145937F,0
TRCPHMO128F14B1036,0
TRJHXDL128F4263402,0
TRVSUHP128F4285C83,0
TRBQPRV128F4286BFC,0
TRDIOBO128F4295625,0
TRFNQLC12903CB2622,0
TRLKDAQ128F4276436,0
TRMQXQQ128F930FD38,0
TRSASVS128F933D473,0
TRRACJI128F42AAE19,0
TRIXVRS128F934EA08,0
TRQHNMV128F92FE84F,0
TRXCSME128F1498A2F,0
TRYZORO128F92F916C,0
TRNOYQO128F4284840,0
TRFSDMA128F428C939,0
TRLYPOL128F146641F,0
TRPZCFG128F42884A7,0
TRCPORN12903D118CE,0
TRDYTSA128F42B03BA,0
TRKZQAT128F92EDE1F,0
TRGCKBS128F1482218,0
TRADIXM128F9311092,0
TRTKAYU12903CCDAE5,0
TRMVNNW128F4219A0A,0
TRLRVRO128F42674A3,0
TREOLPJ128F4288F92,0
TRWMQBD128F9320CC7,0
TRLMGUH128F9301533,0
TRRRANX128F92D7A11,0
TRMFZHM128F4277CB3,0
TRTCDWJ128F1482E32,0
TRHCPQL12903CDC9DE,0
TRBHHGM12903CFD7C3,0
TREHLJY128F424A60F,0
TRKSYQA12903CFAB3D,0
TRCBAVT128F42B6201,0
TRLZHFD128F4218EB5,0
TRZVOIL128F933C0CE,0
TRZMYCL128F9301C40,0
TRTMVKV128F9314DDA,0
TRZBXLA12903CEB8A3,0
TRTNEKY128F4238DE0,0
TRDGNZB128F4259E71,0
TRZYZLV128F1465254,0
TRVZYSP128F930921D,0
TRRGCSE128F146B23A,0
TRPKBRL12903CAC413,0
TRSXWYK128F1469733,0
TRQNDNR12903CD2A49,0
TRNIRDZ128F92DFB02,0
TRKKOMQ128F932C30C,0
TRDJKUW128F42833C2,0
TRZKADJ128E0785050,0
TRAPLTR128EF340E25,0
TRGPLQP128F146AA58,0
TRDLCJZ128F92CC9AF,0
TRYNLVI128F42769EA,0
TRAGNHD12903CC3C95,0
TRGKEHE128F148D1A4,0
TROXQBE128F4260F49,0
TREGUEB128F92F2A55,0
TRJJMSD128F4218B1E,0
TRGDBPG128F9327CCB,0
TRSVPUK12903CB1303,0
TRLBZJL128F42AB982,0
TRZJZIO128F92E0574,0
TRZTVVL12903CEE0B6,0
TRYOFVH128F42B97DF,0
TRKHTNK128F429834D,0
TRNHYLT128F424E00F,0
TRCQCQK12903CB3A34,0
TRVLGRC128F93507F2,0
TROSCZI128EF3630FC,0
TRHUYUZ128F931BEBB,0
TRYMXEY128F930A293,0
TRXJJDJ12903CDB384,0
TRAPDQG128F93018C0,0
TRBIFYO128EF365CDF,0
TRICKZV12903CB3C7B,0
TREHQEQ128F933EA49,0
TRTSOOL128F422808C,0
TRJFVFQ12903CF82E7,0
TRJBCVU128F423CAB5,0
TRRHDKV128F428ED62,0
TRAAAGR128F425B14B,0
TRWYYRQ128F422BAB5,0
TRLZBTQ128F4286BCF,0
TRJJVUU128F92DC67A,0
TRXYHPJ12903CA9126,0
TRASCAH128F147371F,0
TRTRIJZ12903CC15DD,0
TRUTHXL128F933B111,0
TRKWFWJ12903CCA83B,0
TRGHFUL12903CCF824,0
TRTFBEB128F9322DA6,0
TRTYSNW128F92DA47F,0
TRWIVER128F4256DAC,0
TRDRJVX128F4251F4E,0
TROZQKO12903CC0AC5,0
TROCVFA128F427348A,0
TRXYPOE128F425847F,0
TRZTMUO12903CC8FE0,0
TRZKPXP12903D02E93,0
TRWTWBA128F145F7B1,0
TRZLNSW128F93128AA,0
TRQARLV12903CD6D5A,0
TRVWVEP128F147EDF9,0
TRFMVIH128F148C3BC,0
TRDBXOJ128F9327120,0
TRAITFD128F93341C1,0
TRICADA128F425201B,0
TRYFOBG128F146117D,0
TREATCS128F4259076,0
TRISLDV128F146B098,0
TRIITMQ128F9302A7F,0
TRPQWOS12903CF4ABB,0
TRPERPV12903CE8596,0
TRUZNWG128F428ADE9,0
TRCIRID12903CEC350,0
TRCUWCM128EF367498,0
TRNTYFB128F4237F8E,0
TRKQUKY128F92C1C77,0
TRLHJCW128F9328B05,0
TRXNUIN12903CE5EF6,0
TRSRVPN128F424D929,0
TREYKPD128F427FF9F,0
TRQANXB128F42371D8,0
TRNOOYD128F42819D0,0
TRLKZZK128F4234ADC,0
TRWIBXH128F9301303,0
TRWPKVE128F148F723,0
TRLYVRG128F424E3EC,0
TRIPOXT12903CE54EA,0
TRFUDPM128F42604BA,0
TRUJRYO128F42AAFF8,0
TRGUEMQ128F148E771,0
TRKDZAD128F4291D88,0
TRNUIAT128F92ED447,0
TRGSSGP128F421B0D2,0
TRKBZOQ128F93337D0,0
TRVJMFF128F14A6ABE,0
TRXOGKZ128F9339456,0
TRKJANB128F1469EE9,0
TRNXDMQ128F1468D9F,0
TRPPPLR128EF344258,0
TRQBDAN12903D0D9AD,0
TRRZYYZ128F930BCEB,0
TRXFTAR128F933E531,0
TRAXHFV128F424DBE9,0
TRDJZHO128F4242C46,0
TRRWJPX12903CFB810,0
TRYSYBK128F429A8CF,0
TRZXHVW128F9345C05,0
TRNYIFL128F426252C,0
TRMHQCR12903CFD332,0
TRVCBMP128F4232C48,0
TRGZDCG128F428892F,0
TRCQDAH128EF340AD2,0
TRRHLBF128F426E47B,0
TRBRSIP128F145C3D1,0
TRCUQXZ128F92FE943,0
TRJWXKR128F92F190E,0
TRVBNTT128F1485B58,0
TRBHKTC128F92E9D9D,0
TRGKAWB12903CAF9CC,0
TRSZQZN128F93216BC,0
TRNABSS128F933814B,0
TRVMCIW128F42AD3CE,0
TRTOXKU128F93466A7,0
TRFUCTR128F9341B69,0
TRNHMEC128F92FBF50,0
TRWZOAU128F42A1B1A,0
TRUWFRM128F149058C,0
TRJCTKJ12903CCFBA2,0
TRMECZW128F92CFFC6,0
TRSMAGS12903CDD333,0
TRVBEPI128F92F90B3,0
TRMTSBX12903CD9BC8,0
TREFQGG128F423EC45,0
TRGRERD128F14B0B3A,0
TRGPJJI128F92F3BB8,0
TRMVQJO128F9341D64,0
TRILEGS12903CDB166,0
TROZCDO128F932D8BE,0
TRSESZO128F4231ECB,0
TRSSVAM128F429245B,0
TRESCXG128F14A2774,0
TRSKZSC128F428C8C6,0
TRZAZNJ12903CB2483,0
TRMDKMD128F92F4AF9,0
TRKMLJN128F4236593,0
TRESZXJ128F931B325,0
TRRYLDN128F92E6DE7,0
TRLZCTH128F92EE7BD,0
TRAOIOE128F14B0F96,0
TRJYBOJ128EF33FABF,0
TRGZKSU128F14ADD9A,0
TRYYKCQ128F42166D3,0
TRBDUVC128F4238851,0
TRLWHSM12903CBEFB5,0
TRQQONK128F1492E39,0
TRESSIJ128F4273C3F,0
TRPLOTZ128F4281E97,0
TRLVARR128F4274B3D,0
TRAMWDI128F92FF678,0
TRIBDJF128F4265F82,0
TRUDRFI128F1456DD2,0
TRHELEQ12903CC2C55,0
TRADHXG128F9353239,0
TRIZAAW12903CDEABC,0
TRYKHXX128F9331B02,0
TRLXWRU128F428C416,0
TRKQODE128F934AE9C,0
TRNOADS12903CEA891,0
TRBNEUJ12903CB667B,0
TRMOYUP128F148843A,0
TRDANDG128F42A1F3A,0
TROAIKM128F425C7B1,0
TRVAUUN128F422B48E,0
TRLFDAM128F425DB41,0
TRQHZNJ12903CE6FD2,0
TRFICVJ128F92DC541,0
TRFLKLJ128F933AE55,0
TRYMTUU128F426AFED,0
TRHISHS128F427F17E,0
TRAOCTF12903CA72AE,0
TRUUAVQ128F92FA0BB,0
TRXTFTI128F93513E3,0
TRKOWYR128F42BC0E2,0
TRVCAQM128F1486D49,0
TRTXADQ128F92D36BD,0
TRIIAXU128F931EAEF,0
TRTQNRH128F934E3C7,0
TRJWXUO128F428AAF4,0
TRMGQCO128E078EF8E,0
TRLLFRY128F428E520,0
TRAPNHJ128F9310EF3,0
TRVXPEM12903CB2874,0
TRDWIWE128F427B6B3,0
TRCTXPG128F93110DF,0
TRNJLAQ128F1469A53,0
TRILNPO128F9320C1B,0
TRMDNXD12903CB022B,0
TRQIOCR128F1458B7C,0
TRMCNPH128F92E4FFE,0
TRERWFN128F426A888,0
TREVHSC12903D01B9D,0
TRXYLIV128F4239805,0
TRCEQEI128F421FC08,0
TRZBDIB128F934C514,0
TRYVLAH128F934ACE4,0
TRBCUUU128F425CA73,0
TREIDXF12903CD0426,0
TRXDZLM128F4281504,0
TRCBWJU128F9302DD3,0
TRAYXDI128F428CD9C,0
TROGYKI128F934093D,0
TRDBPRX128F423C1F4,0
TRYSRXA128E079141B,0
TRCCZLP128F92F96F7,0
TRLHFNC128F4242F50,0
TRHCTAW128F42564EE,0
TRKXLVR128F4285B3E,0
TRWWDZG128F422F1B1,0
TRKKNMZ128F933C3FE,0
TRJBCRK128EF3439DF,0
TRBSANN128F92E8344,0
TRPBJIA128F93052C4,0
TRQYFQE128F42709F6,0
TRVWNDK128F932DE17,0
TRBZEAM128F428B45E,0
TRWSCPM128F14898DB,0
TRFSFAF128F42934FF,0
TRHOKDZ128F9319015,0
TRXDQVH128C7196806,0
TRGFFUF128F92D4483,0
TRONQTJ128F42922B6,0
TRKGMAH12903CDB382,0
TRYNWOI128E0784232,0
TRZVNJI128F1480C9A,0
TRVGJZE128F930A6EC,0
TRKJDWU12903CB5637,0
TRPPEDS12903CCA469,0
TRZZKGN128F42B5CC5,0
TRGSYOJ128F9309AAE,0
TREWOVQ128EF3439D7,0
TRDSIVO128F934B43C,0
TRCCIDA128F4215243,0
TRCUCJV12903CEA641,0
TRDRUNK12903CAA7C3,0
TRVMGTS128F424A85F,0
TRIJUNP128F9309A4E,0
TRUXZMU128F4231BF9,0
TRFEFGE128F93119A7,0
TRQHXEW128F92D7F44,0
TRDGOTO128F92C6FEC,0
TRBIFUD128F1495AE2,0
TRWVWRO128F4275B52,0
TRSYPOS128F9321EB0,0
TRBCTKV128F42222BD,0
TRLTQQQ128F4227041,0
TRNDGUF128F1454061,0
TRZEFES128F14581F0,0
TRJNZFZ128F9364EC3,0
TRIEYRG128F42763C3,0
TRDMFKZ128F934E55F,0
TRZRKRU12903CCDE80,0
TRVXZXW12903CFF4F5,0
TRFLJRK12903C9CD7D,0
TRYQSQW128F4261950,0
TRHMGLD12903CC2F4D,0
TRVVGUL128F92E7D34,0
TRXADUU128F92F71F1,0
TRRBLSV128F4238C23,0
TRGMKFC128F9318781,0
TRWFMVS128F4281CC1,0
TRLCVWP128F4277BA8,0
TRGGVOW12903D081F5,0
TRDVZZH12903CE2A6D,0
TRKKGTY128F93100A4,0
TRTSSPG128F42986D2,0
TRDDZPP128F14554CE,0
TRPCGOC12903CA6706,0
TRLWNMX128F4266502,0
TRPBZPX12903CC57FF,0
TRCIEMC128F933D219,0
TRXLONG128F428B961,0
TRJFQRM128F1491217,0
TRQFVCU128F9349949,0
TRFIVSH128F4264530,0
TRAYYKZ128F148F79E,0
TRVUYYA128F149343E,0
TRMILMT128F42578A0,0
TRRCLZF128F931B418,0
TRFLSMI128F92E28A6,0
TRYWEUT128F1463947,0
TRWAANV128F4264F2D,0
TRAWCLY128F424835F,0
TRCHJCG128F932AF83,0
TRIITWB128F4279191,0
TRBDKFF128E07913E0,0
TRNTDZC128F9302B4F,0
TRXDLEB128F4272344,0
TRDIQKL128F92CEFC4,0
TRYNTUY128F92CD143,0
TRRHVIC128F92F9908,0
TRCWNIK128F42708F1,0
TRWIXEV12903CE4959,0
TRNUILT128F4260DFA,0
TRCPFDY128F14710DC,0
TRVQYVE128F92FD6CE,0
TRORDQJ128F4237224,0
TRIZGBX128F9335045,0
TRULQWJ12903D0530E,0
TRUXWPR12903D09770,0
TRTTATV128F427D2CC,0
TRKZGHD128F4228608,0
TRDZIMU128F1462ABC,0
TRBWWIP128F425FE85,0
TRENTEB128F92F9DC5,0
TRAYECS128F4270E24,0
TRMEBCR12903CE8910,0
TRAKLVX128F92F7CE7,0
TRCTLCI128F92EF96F,0
TRQQJGX128F92F4A9D,0
TRLWRXI12903CD9434,0
TRRPNSX12903CF7888,0
TRUIMGM128F427CAD0,0
TREGQQF128F92F6622,0
TRMBBBP12903CEDDE0,0
TRKFHJB128F423738D,0
TRFOAKP128F42178B8,0
TRAZEGV128F1499181,0
TRRUOFM128F4281DA9,0
TRUXNTZ12903CD5B43,0
TRMDEEY12903CEBAF3,0
TRMZETL128F422995B,0
TRQQTBJ128F427281A,0
TRUUBFC128F1463CC9,0
TRLFXPX12903CC28F0,0
TRYFWNS128F92FD574,0
TRVVRAF128F424E475,0
TRLAIWN12903D020F1,0
TRJYADG128F92F1B9D,0
TRELMWD128F9350BDB,0
TRZNNKX128F14A2DE1,0
TRRMHZR128F427D797,0
TRMGRTO128F92F1FEE,0
TRSZMFJ128F92FC131,0
TRXSZOS128F429360F,0
TRBXGHE128F4221462,0
TRWLNVJ128F9329D50,0
TRUAPXP128F428CCC1,0
TRIKVLG12903CDE0D3,0
TRUGTIC128E078782A,0
TRYIYZP128F932A971,0
TRQNQYA128F423F871,0
TRKMEFV128F9316FB7,0
TRWIVET128F92FA774,0
TRDAOQP128F426D370,0
TRQPOMZ128F42819EC,0
TRLMOHD128F425EB4D,0
TRFDWWR128F92D3E0D,0
TRKMCXS128F933D2E8,0
TRMETIW128F92FB05E,0
TRQTWHC128F426A2C0,0
TRDKUIC12903CCA023,0
TRBHKQQ128F931FC03,0
TRGEYNA128F9344135,0
TROBWZR128F14A2A93,0
TRFXCWA128F93324A6,0
TRIOHQC128F427B7C3,0
TRVCSOO128F1482527,0
TRMOUHH128F92F87EF,0
TRFPRHH128F42A3C44,0
TRGHMQE128F93328E3,0
TROBFSW128F148B3BB,0
TRCCLNY128F1478B0B,0
TRLAADQ12903C9AF3C,0
TRJHHHY128F146BFDD,0
TRKCSPD128F4264086,0
TRFAMPU128F14750B6,0
TRMFCYP128F92E2345,0
TRHHKLY128F933A82F,0
TRFBMTE128F427712F,0
TRVGWOU128F92FB438,0
TRELRWI128F92F38F1,0
TRYPGUS12903CE8010,0
TRDTAPB128F42BC0D6,0
TRQDHKC128F147F3AB,0
TRYBRBY128F92F988F,0
TRRFNWO128F4230DC4,0
TRQNRRM128F4263754,0
TRPEIPY128F932F27E,0
TRJPULD128EF34648B,0
TRANHGL128F145A6A6,0
TRKIORT128F933544A,0
TRHOIRL128F421BBF6,0
TROTVVQ12903CB772F,0
TREQZPJ128F932B9A2,0
TRFXNPU12903CE432F,0
TRNKWYD128F428A463,0
TRPQTEQ128F9321DB7,0
TRXFHEP12903CDB55E,0
TRENORZ128F92D134A,0
TRXVEME12903CEA50A,0
TROVVKC128F4220A57,0
TRPTLMH12903D044E9,0
TRBSSJI128F4259299,0
TRNXAVI128F42712CE,0
TRFZDEV128F1482396,0
TRAGUZV12903CD7DEE,0
TRQYJAW128F92C3F6B,0
TRDRWXZ128F427FD25,0
TRDFTCY128F146684B,0
TRVOLKR128F426CAB3,0
TRMIMVF128F9353AC1,0
TRKTDKY128F42845DB,0
TRJSPYO128F42655BD,0
TRKVMML12903CAA8ED,0
TRZCVHO128F4291FC4,0
TRJSPPC128F427B609,0
TRKZSYW128F424C73F,0
TRYXRRM128F9312B2B,0
TRYTOSW128F932B2DF,0
TRMGEPH128F4222D92,0
TRJWVSV128F4235E44,0
TRFPHAP128F93349FF,0
TRMIPIW128F4227BFE,0
TRNOFYO128F425B242,0
TRGAOPF128F932AD55,0
TRLOOPO128F93139AF,0
TRYSHEL128F4286A86,0
TRRWOPY128F4289B0B,0
TRLRRRA128F14B0687,0
TRMVGCR128F148B335,0
TRLVBVV128F427ABE3,0
TRBPOLQ12903CB83EC,0
TRMPLNQ128F4283B5F,0
TRAGFYW128E0781A7F,0
TRGRPQD12903CDFF1A,0
TRRCWYL128F42B9462,0
TRUZEFZ128F92DE6DD,0
TRCTCVL128F42ACAB3,0
TRAAEWG128F930B3A4,0
TRNXQFF128F42993B2,0
TRSUYEB128F4259D58,0
TRGEYYU128F145F4D8,0
TRFHMAV128F9301082,0
TRYGCJM128E07813B3,0
TREMGOR128F14934B9,0
TRWWNAA128F4250A60,0
TRNNBGR12903CDEB38,0
TRFQJLG128F9307F69,0
TRQWJZI12903CB21FD,0
TRJJWCV128F934AA5B,0
TRNGNRZ12903CCFC2E,0
TRMXDSY128F42607BC,0
TRXVWJV12903CD4458,0
TRLDUML128F931C2E0,0
TRQVGVL128F42593A3,0
TRXHUCI12903CE7858,0
TRYUCME12903CF115A,0
TRMXDCW128F92F6099,0
TRLTFEQ12903CEF945,0
TRCJQAW128F423F46D,0
TRZHCQQ128F146595D,0
TRDJTUX128F92D8BF4,0
TRWDRGF128F93193A3,0
TRCBVQQ128F425E685,0
TRTQEIH12903CD0B0C,0
TRYTSQD128F423B553,0
TROBBZO128F92FD382,0
TRFVPYL128F93466BB,0
TRNSUQT12903CF8C15,0
TRDRRIU128F427D75E,0
TRKQXQP128F42790BE,0
TRZFZST128F4254C72,0
TRHFWBY128F92FDA3C,0
TRUCMJB128F14A94F2,0
TRYQKBU128F42B0E2C,0
TRTBHWA128F4228E06,0
TRNRXMB128F932AC73,0
TRADMVK128F1477EA0,0
TRZFIGC128F4240DF8,0
TRNVPHU128E0784B54,0
TRLWGYG12903CDFB74,0
TRCXNBB128F4277A5C,0
TRWNHHA128F427279A,0
TRSNIYU128F4251281,0
TRBXKCA128E0791EC2,0
TROQOHY128F92FD1DE,0
TRXKSNL128F930A673,0
TRYPKCE128F92F624C,0
TRHXGUZ128F42786BA,0
TRKBHLZ128F4291BD2,0
TRGZFBD128F42857F0,0
TRJRIJT128F14690DA,0
TRBMLYQ128F42A1D2B,0
TRBKCLS128F934B66C,0
TRTASHF128F933CC38,0
TRSHNAA128EF36856B,0
TRWLJKT128F4254FA7,0
TRAYXYL128F42601A0,0
TRIXUYE128F421C96C,0
TRXIRNJ128F425D030,0
TRVJVEB128F424CD01,0
TRDATZJ128F4288E12,0
TRGHAOG128F423A359,0
TRGZSUR128F4274A19,0
TRAFIYO128F92EBFEB,0
TRIYGMS128EF342CD7,0
TRMLKZR128F4230637,0
TRPNWVH128F934B66B,0
TRZKYZY128F42866E0,0
TRHWAUC128F932A364,0
TRDKOCR12903CE93FD,0
TROIBDX12903CC570E,0
TRFKKBY128F931D593,0
TRCKSWN128F92EDD02,0
TRLKMQM128F4273343,0
TRSCMAE128EF3629C8,0
TRTUZGM128E07836D8,0
TRFVOZQ12903CFAC1D,0
TRDGBRU128F145E86C,0
TRWZEHP128F4215FFC,0
TRBAFFR128F425BC5B,0
TRDBOIZ128EF3541E6,0
TRWWMZG128F4277B6C,0
TRBFMAS128E078F352,0
TRXLYYH128F1488486,0
TRFHDJG128F145F47E,0
TRAPFCW128F4242868,0
TRZYIWB128F14703AC,0
TREOSEP128F42683FC,0
TRNBDEF12903CE2D2E,0
TREOFAT128F92CB77B,0
TROHAIF128F92D547C,0
TRXLVAS12903CE6DF6,0
TRMVBSH12903CF230B,0
TRRQCTS128F92D2459,0
TRJQCSP128F93296B9,0
TRAWAHY128F14AA11E,0
TRMPSQF128F4258144,0
TRWZQOU128EF358612,0
TRYJBOU128F422D360,0
TRLGGJS12903CAF921,0
TRXAFKG128F9316940,0
TRCQPCT128F4213A0F,0
TRGZOHD128F92FA155,0
TRVUXLJ128F4291DA3,0
TREBQQW128F9351B47,0
TRWGMPG128F93446B6,0
TRSFAJV12903CFB6C5,0
TRQVSWX128F42B74D7,0
TRKSPVZ128F14758B6,0
TRZWFCM128EF362F33,0
TRGEGBP12903CDCB2B,0
TREDYZH128F9330452,0
TRVVOCN128F1491231,0
TRTGZPI128F4264BCA,0
TRLMFHL128F146A75C,0
TRWJIRN128F92E54D1,0
TRVLZIF128F423AC04,0
TRJZMDA12903CB2A95,0
TRDMTHG128EF3444C0,0
TREPHZI128F42A15CA,0
TRHZGIC128F9315302,0
TRHGQKX128F1452AE7,0
TROXNJN12903CF4393,0
TRJOMWG128F9312AE8,0
TRYBXDT128F4263E0F,0
TRUNWZS128F92E20ED,0
TRYARGI12903CF1E54,0
TRZBJFN128F92E19FC,0
TRAZFWM128EF352687,0
TRUOBVX128F9354505,0
TRWAKFC128F148D717,0
TRPMGJX12903C959D8,0
TRXEMRM12903D00A4B,0
TRHASUT128F42838EF,0
TRJUVEP128F428B62E,0
TRPVNJJ128F92DF5DB,0
TRCAOEK128F4259476,0
TRXPHKL128E07851B1,0
TRRWXBU128F42B89EE,0
TRJOEMF128F42727AF,0
TRKHIMM128F1494546,0
TRBEBUU128F92C945D,0
TRKJKRI128F428CFD9,0
TREHIZF128E0781E47,0
TRVWIKL128F92F6A63,0
TRRNXIJ128F429C4D6,0
TRSZTII128F422B6E1,0
TRSPORR128F422B1ED,0
TRYCFHF128F428145E,0
TRFLZCG128F426693A,0
TRPESAQ128F4256382,0
TRJQALX128F9339357,0
TRQBAQI128F422F29F,0
TRQGENA128F427CA0E,0
TRTZRHM128F933BD54,0
TROKOZM128F4245996,0
TRXASCB128F4281A61,0
TROOKDJ128F42735B0,0
TRCUJQL128F145D3C2,0
TRNDIZD128F934A506,0
TREYXAM12903CA8707,0
TRZBITT128F4230F24,0
TRTGFBP128F9306E54,0
TRVEZDN128E0787308,0
TRLMRZJ128F146E7E8,0
TRUANDF128F427F111,0
TREJTTU128F93236B5,0
TRGVZWP128F42569EE,0
TRIVYPY128EF3424C9,0
TREVOCE128F4291D4C,0
TRSCGKJ128F93597B1,0
TRLZTGT128F422F662,0
TRMMHZK128F933648C,0
TRYROHV128F427E58E,0
TRHHNYZ128F92F4774,0
TRINCVH128F92C9C48,0
TRMZHAC128F145D820,0
TRAGAVB128F932585E,0
TRILNPM128F92EBA22,0
TRMJDUN128F93241E2,0
TRHVQIK128EF35D591,0
TRDSJUV128F1499F3B,0
TRSXIYJ12903CFA170,0
TRZVBFH12903CA726B,0
TRHRXIG128F1499EC9,0
TRCUNYV128F92CAD9E,0
TREYYOM128F42354EC,0
TRRYTJJ128F931129D,0
TRJXQYC128F92E6BB7,0
TRGPDDG128F427D6EB,0
TRJFLRF128F9327366,0
TRNADOO12903CDB4C7,0
TRNBNUB12903CD1975,0
TREKGPS128F427D225,0
TRZSHUW128F42314B1,0
TRFKBKR12903CC5CB6,0
TRQKSYR12903CC04D7,0
TRFDMDS128F9352039,0
TRXRKQN128E078A17D,0
TRRIBFW128EF351CE4,0
TRVLLOH128F427AE8C,0
TRWJNZM128F1468840,0
TRZOPIG128F424FAC5,0
TRKSNLO128F932CA47,0
TRZXOEH12903CABBDB,0
TRDUCRI128F42AB4FD,0
TRRLVTB12903CE6DAD,0
TRCXCEN128F92E149B,0
TRLFLKP128E07962F3,0
TRWNABL128F424816A,0
TRWEAKM12903CF0FE7,0
TRGHXMQ12903CE3F46,0
TRHUQIO128F42767B5,0
TROIUMZ128F428CB7E,0
TRGQCQV128F93275B1,0
TRFWIBN128F933D2DB,0
TRQJNQC128F42282F7,0
TRBHEUX128F425020D,0
TRDZAGU128F1472004,0
TRYTJAR128F4269E9C,0
TRUZRAY128EF34B963,0
TRXKREA128F428211D,0
TRWJWKM128F14B033D,0
