TRHFNHQ128F42A24FF,2
TRFBWEJ128F149EC04,1
TROOZEY128F9308A4F,12
TRQWQRP128EF3685F0,2
TRWVJJR128F147ADC9,1
TRHFROS128F4298A12,3
TRUIBZY12903CC0B6D,4
TRRLAFU128F92CA994,1
TRGVIQD128F92D5C7D,2
TRLUTTM128E078FB4A,1
TRKJPLA128F427776A,2
TRTUSWY128F4238D8C,1
TRKDHLY128F92FAD25,1
TRMBPIP12903CF1E23,2
TRCKOWB128F427E151,2
TRMDIXE12903CD8DD8,1
TROGAAU128F4262948,2
TRYJDGB128E078ED92,5
TRVUGOX128E0784629,4
TRXWWTB128F4222574,1
TRPDNDH128F4278C1F,3
TRQBPLP128F92E6371,5
TRAACIE128F428495B,2
TRWTAAH128F423DC18,1
TRTCQOC12903CE2E53,5
TRJGXMN128F429F87A,2
TRYLIER128F92D16FB,1
TRFPSBS128F4298DD4,1
TRHBLDA12903CC32E9,1
TRFDLBN128F14A9050,1
TRLEQDL128F931C342,4
TRGEIPC128EF357B2F,4
TRGSIHF128F145F98F,4
TRPCZPE12903CAF5BD,2
TRETANL128F145551F,1
TRCDAQN128F4278BF7,3
TRPOCPP12903CAE122,14
TRRMPWA128F9309B95,2
TRZAPMF128F4236918,1
TRGMTYU128F145FD80,2
TRFPPSJ12903CCDBEF,1
TRFIIDH12903CAF5F8,2
TRWMZOQ12903CC16CB,1
TRZNBQK128F9316A8D,6
TRMCCJT128E079251A,4
TRBVDPH128F422D5B9,1
TRNSVDA128F92C662F,1
TRADTKP128F4277C36,1
TRSRNYG128F4250683,6
TRKINPU128F42670BC,1
TRGMUGH128F145F98E,4
TRRSCNS12903CF1E1F,2
TRXUEAD128F14A78C3,1
TRFUAJM12903CB5042,1
TRINIRK128E0797FDA,1
TRBUAFL128F14B12C4,2
TRWWKVN128F14B100C,2
TRHJBJB128F42838F2,1
TRSDTVE128F1468731,4
TRDORCS12903CD4DF1,1
TRVUMWR128F4272639,1
TRXXXDE12903CAE130,7
TRQPGHZ128F42722DE,1
TRTEHTP128F426B210,1
TRUOCWY128F427B6F5,4
TROBRHM128F92E5264,6
TRPNBOG128F426375F,10
TRFWXEJ128F1491BFA,1
TRLXTNA128F933B51A,9
TRAZJGD128F4289D2A,1
TRUDKIL128F92CA7E8,2
TRDBFQM128E079298B,1
TROMJZQ128F42134CC,1
TRESLNY128F4215E17,2
TRCMOJL128E078F4FB,1
TRQEZSL12903CB5079,1
TRNQXOI128F4249D8F,1
TRJWGCM12903D0CD71,1
TRVAPQU128F146ED48,1
TRUXSFC12903CB50C8,2
TRGKMFF128E0792514,1
TRPGJRI128F9341A64,1
TRMPSGR128F92D31F3,1
TRYVFYV128F9341A5C,3
TRSQNDK128E07929DD,7
TRXGYSS128EF349F17,1
TRZSPEK128F424DA4E,1
TRNTWGQ12903CB3BE7,1
TRFZWYC128E0791F75,1
TRJTGDW128E07929D6,10
TRSKQZQ12903CAF5A3,2
TRLODKJ128F4239290,1
TRYXLKX128F145CB7F,2
TRZGHPK128F9316A8B,5
TRMOPOW128F4294ED4,6
TRSGGQL12903CE3CDC,2
TRLTUMU128F423C58F,1
TRYDFTA128F4287F2F,1
TRQSYEE128F147CC5D,1
TRHSVTH128F426291F,1
TRKSBRP128F422F16E,1
TROWNEG128F4288859,1
TRDTXPY12903CC4713,1
TRYXYZU128E0792987,2
TRIXMMD128F14A3AC4,1
TRPWULK128EF33FA0F,1
TRHVSIB128F1485EC2,1
TRXHYNW128E078EDF9,2
TRIRLZE128F148A0D2,1
TRSVJKK128F4240CBA,1
TRKLCLW128F1464FB9,1
TRHCGUO12903CB28D7,2
TRQSAAU12903CE0DAB,1
TRDHVPL12903CAF5AE,5
TRBYRVP128F148C9B9,1
TRXEAZB128E078EDCE,2
TRFDSEY128F42368E9,1
TRCTBPD128F425B77D,1
TRGBGDT128F424DA4C,1
TRMCLZL128F931A706,2
TRZVYVZ128F42A34CE,4
TRODVLH12903CC470D,1
TRVDFOL128F9316730,1
TRWCBUR128E078E1CC,5
TRQDYPW12903CCBC1E,5
TRKORBP128F931C9A4,1
TRDRESO128F92C6630,2
TRMZBRG128F9322397,1
TRRXGAK128EF349F1A,2
TRHNNWL128F4227C3D,2
TRXOGKS128F14681EE,1
TRQSOFC128F149535A,2
TRZUIZD128EF357B34,4
TRIPHTM12903CAF5F2,1
TRZMBXS128F14B1009,4
TRTRWRH128E078E1D6,7
TRPQBJI128F42752B4,2
TRILQPW128F92E2887,7
TRGJIMU128F9317113,2
TRQYCZI128F425A861,1
TRDWVGD128F9309BED,8
TRHEQEQ12903CDA12D,6
TRPDQTN128F92C663A,2
TRAZDAV128F42A6515,1
TRUKYAT128F9301247,1
TRWYWCY128F4289E65,3
TRGKZEQ12903CAF5D8,2
TRPJTRO128E07929D4,8
TRWJFQW128F4241494,3
TRUIIFY128F4278C17,1
TRALDNS128F14A2A28,9
TRGTYKH128F422BDF6,1
TRKMAGJ128F4241420,4
TREUXEG128E07929DB,9
TRHQYCA128F147B610,6
TRKOYXI128F423381A,1
TRRNRUR128F428F527,1
TRBUCXR128F936688B,2
TRCHGVQ128F93245A1,1
TRADESF128F4214D8E,3
TRONORH128F14A54F9,2
TRBJBMC12903CBB3ED,1
TRPSRUP12903CFE921,6
TRHDAXU128E07927D7,1
TRQOIJD12903CE605D,9
TRJYGVF128F145E19C,1
TROSQEO128F92CEB72,1
TRNIVFM128E0789987,1
TRAWEMH128F92CE562,2
TRQWEQN128F4289FF5,1
TRQPDDY12903CB5084,1
TRVCBZL128F42A34CB,5
TRTFYID128EF356B4B,1
TRFJONP128F92D5C30,2
TRSBULC128F92EF65A,1
TRXOPOM12903CC5B97,1
TRWAVLB12903CAF606,3
TRMRDRH128F92D524D,1
TRSWJSV128F1485709,2
TRMOCXJ128E0792996,1
TRVHKNP128F429DDCE,1
TROBHNG128F934B68A,1
TRIHIMX128F1463747,2
TRPSAZY128E0784488,1
TRUSHKZ12903D0727A,1
TRTIBLY128F423039E,2
TRUBQHL128F931BAAC,1
TRUMZIV128F4294EDC,1
TRRHEAH128F9341A76,2
TRRSMFF128F14853C1,1
TRTMEZU128F92C662B,1
TRKQMVH128F42891C8,1
TRSSOOR128F422C148,3
TREPIIO128F429B6EC,1
TRECRUF128F92E1FDC,2
TRLPVSO128F9336EFE,2
TRFWHQW128F92C6643,1
TRQGYJZ128EF34356B,1
TRLUHNM128F14B0FF0,2
TRKVKKP128E079534E,2
TRIMGRG128F9308FE8,4
TROYRDN128F14760D4,1
TRLVTYG128F145F98C,9
TRIZBNP128F4271651,2
TRSHJYN128F424148E,1
TRQIFXC128EF34DBC3,1
TRSQLEZ128F92FDF71,1
TRMJRVT128F1482521,1
TRBGLRA128F92E5257,2
TRJUVWC128F4294EFB,5
TRAVPOV128F429EC1B,2
TRSMNRM128F92F5E84,3
TRGORWP128F92C49E3,2
TRWFLWF128F149439D,2
TRSSOQW12903CBBCEA,2
TRDUSHR12903CAF62C,2
TRYZBBQ128F4289D23,2
TRLSONI128F92FBC4B,1
TRBNYBX128F422EC61,1
TRYHFWT128E07845CA,1
TRGBQRE128F145BA57,2
TRMEHNL12903CCF1A7,1
TROEWIC128E079298F,1
TRCRLWI128E078FE26,5
TRPCPCW128F4269098,1
TRXQHSU128F423DC24,1
TRFOADV128F425B771,2
TRVHBLI128F42B9472,10
TRCWOBU12903D07272,1
TRWYUZT128F9311672,13
TRLHLRP12903CD171E,4
TRCMZCP128F424094A,1
TROROSQ128E0784A1D,1
TRABVIZ128F42BA066,3
TRSOZHI128F42B44A3,3
TRPHMTS128E07873C2,1
TRVZLCW128F93163FF,10
TRNMEPS128F93095B8,1
TRWXJCJ128EF357B2A,2
TRBHKVD128F146F758,3
TRLKCAF128F422C143,4
TRZGXNM128F1451ADF,1
TROPPLZ128F92CEB61,1
TRJHUIS128F423C598,1
TRVENJS128F425A867,2
TRSGPQE12903CCC9E0,3
TRIIFIA128E07912F6,1
TRQPJAC128F9320B6C,23
TRDWYBW128EF357B37,2
TRGHRRU128F42393AF,4
TRTBYCE12903CCC9D3,4
TRNTRJZ128F4250689,4
TRPRBKJ128F4241A4F,1
TRRLGDR128F933A7C9,2
TRARUJY12903CD4DDB,1
TRKJLHT128F1460DC7,1
TRFZBRL128F92F0EE4,1
TRLQTMK128E07810A3,2
TRFLCAR128E078C6F6,1
TRMYVWB128F147CC8D,2
TRVWIRA128F429F858,1
TRYQHET128E078B751,6
TRCIDGT128F423A771,1
TRGGVOW12903D081F5,1
TRFFMKD128F42303A4,1
TRORETE12903CD3DA7,6
TRVYYXL128F4296D35,1
TRBSUJW128F14760DA,1
TRNJVTA128F147F39E,1
TRCUDJV128F92F5E82,4
TRJFPMC128F4289E67,1
TRHLWUS12903CDCCC5,2
TRVIKGG128F423B343,2
TRDFFBN128F92CEB68,1
TRFDQEV12903D0223E,2
TRNNYAF128F42432CB,1
TRXGNQA128F42390CC,1
TREIMSD12903C9AF31,2
TRILUND128F42770CD,1
TRNBWCN128EF34C26B,3
TRAJUIE128E078B037,1
TRVBSGE128F423DC21,1
TRMQYNA128E0799A6A,3
TRGHWLH12903CC4702,2
TRVDTSL128F425A866,1
TRDLSOF128F4263005,1
TRCUPMW128E07899D7,4
TRXJCKL128EF33FA0C,2
TRZUQAW128F4282399,3
TRVUWBX12903CAF57F,5
TRGSAPG128E078E1D0,3
TREDEKT128F425B77A,1
TRACJGH128F4266022,4
TRQRLNF128E07899C1,1
TRBILAL128F4213414,1
TRHKLLP128E078EE16,1
TRZCHYZ128E078F83D,9
TRKLLYD128F4273FF4,4
TRHDPMO128F1480B8C,2
TRMOLCE128F4289D20,2
TRDYLEJ128F428583D,1
TRGOMQQ128F92E52C7,1
TRJZBRF128F147BD5F,1
TRAAMES128F42AF068,1
TRIWXYD128F429107F,2
TRFNFTR128F426275A,1
TRZCVQW128E0797FDB,1
TRWCHAU128E0799A6B,4
TRVPWII128F1465001,2
TRTHGZF128F42381B7,5
TRDIWSI128F427263B,2
TRRZZDN128F14B12C5,1
TRJRPJE128E0785B39,1
TRYAQIL128F14A3AC7,1
TRXWMHS128F423B084,1
TRBKOIR128F92EBCDD,4
TRTGYPQ128F92D31F5,1
TRVLIPF128F9336661,1
TRDNYHF128F933B3D3,4
TRUFMVZ128E0792519,2
TRZQNNP128F92FD3C0,1
TRPFBCF128F147BC7A,1
TRPKSFQ128F92C6641,1
TRNVBHQ128E0781A9B,2
TRRMOIW128E078E1D4,5
TRLEZPT128F4278C1D,2
TRIZBWZ128F14B0FEF,5
TRYCHKX128F930CD29,9
TRIJEEJ128F1452B71,3
TREGKPH128F92D7B83,1
TRVATSJ128F92D31F8,4
TRLURQM128F1484267,1
TRAGBPI128E0792998,2
TRQKBNJ128E0788E7E,1
TRJTKZM128F4255285,1
TRZESPT12903CE1092,1
TRDJXLV128F4267DC8,1
TRXOSSA12903CB74A9,1
TRMHZWU128F425B776,1
TRFFHNY128F423DD36,1
TRDCHEZ128F4267271,3
TRUVWNZ128EF342B86,1
TRAIEKM128F4267DCA,4
TRLLDQU128F14B0F0F,1
TRMFQMH128F1484182,1
TRNDVRP128F4292256,1
TRSYMZF128F4263349,1
TRNYPID128F423A777,1
TRVPBTG128EF3449C2,2
TRUEYVJ128F425B781,2
TRPCLKQ128F423EAE3,2
TRDFLIR128E0791E0F,2
TRUJAOL128F429224D,1
TRRWSKF12903CAF570,1
TREKMQC128F429F87B,2
TRMXHCT128F14B12BA,2
TRVLVXQ128F9301DD3,1
TRXZBGD128F423A75B,1
TRORBHC128F42AD0F4,1
TRZWTTV128F4261550,1
TRYBNZN128F1488CE8,6
TROJMPB128F149535E,4
TREHPAS128F422C145,3
TRJTDQM128F14A8C93,1
TRKPXJC128F92D31F0,4
TREGXCI128F9308A6A,5
TRZUUKG128F145F98A,4
TRKYTUX128F14B102C,2
TRFHAWW128E07929D9,9
TRQFXEG128F149CD8C,3
TRLBITX128F425B77C,2
TRECZVM128E07929DC,9
TRNBDMA128F14712A7,1
TRBQPLU12903D081E5,1
TRQHVCX128F424D684,1
TREGQMP128F4233816,1
TRHOVBT128F4272646,1
TRPSWIE128F4258B45,2
TRSOZPY128F147BC7B,3
TRIXUXI128E0785F43,3
TRRAEJH128E0781B75,1
TRYTYBE12903CCBC24,12
TRGZFRJ128F147CC7D,4
TRDJTYX128E0791989,1
TRXCCPN128F148EB7D,2
TRRYYGH128F427691C,5
TRZUYJG128F4278C04,1
TRDPHNF128F4267DCC,1
TRBMGGF128F425DA47,1
TRCNOTD128F93421B2,1
TRJRIHX128F147CBC5,2
TRFGFXP128F147CCDE,1
TRPFLAY12903CDF15F,1
TRMGSHL128F92F5E7B,1
TRXCDYX12903CD3AC8,1
TRRNOSM128F4292246,1
TREMTTB128F92E5259,8
TRPQNVO128F933B50F,13
TRGHTXP128F92C5783,1
TRNSRYN128E07853EE,1
TRPDUMR12903CAF58E,2
TRDLSSO12903CC5BBF,1
TRLVBNE128E0794E6F,1
TRFLLQP128F4286651,1
TRTYKQV12903CD3D91,1
TRIVSZG128F148AD5F,1
TRNYNCE128F42524A6,1
TRGTVVB128F1485912,1
TRLSLJP128F145F988,11
TREZIZS128E07853F4,2
TRKGFPS128F423039C,1
TRRNBWZ128F4296761,1
TRSZNGP128F9309A66,1
TRGTZPL12903CBCD8A,5
TRAHLGU128F1467351,1
TRQELTQ128F423A76F,1
TRCVWLU128F422F170,2
TRKSBNY128E0789015,1
TRPTFLT128F145A9B8,1
TREAYDQ128F147CC6C,4
TRFGOBH128E078EC0C,1
TRVQEUF128F42A34D0,5
TRMNWBM128F92FBC53,2
TRDKILY128F147CC86,2
TRGMIAF128F92E8AB2,4
TRVBELD128F4278730,1
TRGJTJX128F92C6649,1
TRTNIBM128F42AC946,1
TRLNLRD12903CCC9F8,12
TRCDAIK128F4289FDE,1
TRTBBXK128F42AA799,1
TRLNDSF128F42770D4,1
TRVQPCP12903C9AF30,4
TRGACBD128F4284836,4
TRPCXPP128F423A3E3,1
TRHFVVM128F426C2E8,1
TRMQKYM128F4272649,1
TRBCYXP128F4240865,1
TRNRIOU128F1451EE8,1
TRNNBND128F42748B0,1
TRYLDOK128F14A9057,1
TRQGPAQ12903CCBC14,8
TRAOIAH128F92F707B,13
TRWSMIX128F9329C34,2
TRFAEVD128E0792401,1
TRDTYHN128E079504D,1
TRWBRHA128E07914E2,4
TROJGQH128F92DF2F0,1
TRVZPZU128F1452AD3,4
TRCXZIM128F4278729,1
TREOFOH128F92EBCE3,3
TRVLNBV128F423A77E,1
TRJEPES128F92C577B,3
TRWAWDK128F4234CD5,1
TRNUDHG12903CAF56B,6
TRMANKQ128F1463476,1
TRBLXNI128F1480B84,3
TRQQRFN128F425068E,4
TRVMBNY128F4242FD8,1
TRKMOEL128F9309462,1
TRHLALT12903CC158A,1
TRTJHHW128F92C231E,2
TRETNRN128F93119B2,1
TRMPDLM128F4278C06,1
TRRERJT128F9346E89,1
TRCIFVE128F426E554,5
TRWSNUJ128F92D3C71,3
TRDKRSM128F1454967,1
TRGKAFQ128F427B6F8,2
TRIXLSF128F146A5DA,2
TRGDSWR128E07842A5,2
TRLQINQ128F146F745,3
TRNXMJY128F422DF0A,1
TRWAUYP128E078E1D2,7
TRWMMJR128F425FD6C,1
TRVJPPB128F423458B,1
TRCPQCL128F146978B,1
TRVKCDC12903CAF5EB,2
TRIRWBO128F93421AB,2
TRGWURV128F429F882,1
TRMEBOH128F92CEB77,1
TRRUNBV12903CD3D53,2
TRSHELH128F147BB43,2
TRQUEWT128E07857F4,1
TRILVCI12903CCC9D7,12
TRXHCUK128F427262D,1
TRKXVND12903CF7D38,1
TRACKXH128F9301851,1
TRXRQFE128F1459E51,1
TRHXZMK128F93233C4,1
TRMGSVX128F4278F7B,1
TRLNQAC12903C95B2F,1
TRDOTLE128F4296760,3
TRQRCKA128F145E468,1
TRSVGHO128E0789014,1
TRWSDEV128F93119BF,1
TROTJAW128F1466DCE,17
TRXALCV128F4278049,1
TRONJUZ128F427B8D7,1
TRDEQNX128E0792B7D,1
TRYIZTV128EF342E44,1
TRIPKVY128E0782AF0,1
TRHAKOP12903CCBC11,2
TRZOKIT12903CF2498,2
TREUREL128F4267DCF,1
TRRKUBH128F149083C,13
TRLQOUP128E0792761,2
TRVINSF128E078E1CE,14
TRVVWRZ128F92F3CD3,1
TRSULVK128F92C2322,1
TRBYSLP128F147CC94,9
TRACTUA128F426AE81,5
TRHTIBJ128F14656C0,1
TRAHIRL128F42922C3,1
TROIUZK12903CBBCF2,1
TRDMRTM128F92E4E92,2
TRCMUJL12903CC018A,3
TRCPEHQ128F425B76C,1
TRKSTMP128F92EBCDF,3
TRLKTZI12903CF108D,1
TRSBLTQ128F4292BEE,1
TRXFCUB128F9341A87,2
TRMYIPA128F428879D,1
TRAPUDN128F423B45C,4
TREEYVJ128F426A276,1
TRBLPVN12903CA8AD6,1
TRBHIRB128F1452ACC,2
TRYETLN128F9331376,4
TRNZOMS12903CCC9EE,10
TRGLLLM128F92C454F,1
TRLBWIB128F422F3A2,1
TRGIVRT128F92F7E79,1
TRUGXAW12903CAF613,2
TRJXVEX128F425A869,1
TRDBYTM128F92CF300,1
TRONETH128F92EBCD7,3
TRAUBDS128F931A703,2
TRBTKTF128F92DC3CF,1
TRCAZYW12903C95B04,1
TRJLTZJ12903CCBC23,6
TREXDRO128F147B60D,2
TRMQNLL128F92CEDEA,1
TRJFAHQ128F14A9056,1
TROYCGD12903CB5D0E,2
TRSDIEX128F92D31FC,1
TRRBRFZ128F4283623,1
TRQPUQL128E078E1D3,6
TRFLFGU12903CB5046,1
TRHMPHL128EF344259,1
TRLMBED128E0792521,1
TRDUHIU128F4233652,1
TRXKJYD128F4277865,1
TRTLBPA128E07914EC,1
TRZGTTQ128F423B33A,1
TRBPFLW128F4227C24,1
TROJDXK128F425B76E,1
TRSAMVC128F14B100F,2
TROGKZL128F429B047,1
TRUBZKT128F9307E53,1
TRQMSHM128E078E1D1,8
TRVQJKT128F4289D2D,1
TRWTHAE128F4258783,6
TRWBTSA128E07899DF,1
TRDJEJC128F92E6385,1
TRWWPRR128F9308A3D,7
TRQZFVP128F4298DD3,4
TRBRTOK12903CD8DE4,2
TRMNIDV128F146A5BE,2
TRPBPUZ128F42911A9,2
TRANAPL128F42BA7D6,1
TRSBRGR128F146A5C4,1
TRCEUYE12903CC0B6E,3
TRSSMLV128F426291D,2
TRONWID128F9358A96,1
TRZDUGJ128E0782B66,1
TRDNRKR128F4228F6C,1
TRGDFER128F427009C,1
TRAQBWX128E07929DE,11
TRCLKOU128F4293F46,1
TRKJLPJ128F422F287,1
TRYTPHN128F423364A,1
TRIVZNQ128F14A2122,3
TRBKCWZ12903C9AF3F,2
TROVWRV128F14B12C7,2
TRXKFUC128F428CD5A,1
TRVCVLM128F4298DCF,3
TRSBGVN128EF34E4B9,2
TRKUOQD12903CE5A2B,2
TRVBWHK128E0791ED1,5
TRYZEYD128E07929DA,4
TRBUCRL128F4240863,1
TRCAMDK12903C95B2A,1
TRPKXVY128F428004F,1
TRUUKWB128E0792985,5
TRDAUYW128F423A3E4,1
TRIWHVJ128F4281042,2
TRBHLXQ128E07856AC,3
TRHVUCJ128F934B68C,2
TRRTNDK128F1495361,2
TRDOHMU128F427B5ED,2
TRKTRHX12903CD9F04,1
TROYKCI128F1468D95,5
TRYHRFM128F425B772,1
TRJLGHL128F9307E2C,2
TRWZFEQ128F92CA7DE,2
TRVXZMU128F423B459,4
TRTUJCP128E0792769,3
TRYKVLI128F42261B9,1
TRURDBH128F92C5780,2
TRVLGCR128F4215E12,2
TRMFCNV128F92E8B76,2
TRSNNUM128F936534C,11
TRFOLKS12903CF1E21,2
TRUWFVT128F42758CD,1
TRKLLJO128F9307E25,1
TRSQOBM128F422FFE4,2
TRJGLJU128F14AC25B,1
TRERPOK128F4284833,2
TRVKUTH128EF34C266,1
TRLIHKL128F92F5E79,1
TRSQCFY128F92C455E,1
TREAIVF128F92D50F3,1
TRARBMV128F42283B1,1
TRMNLGN128F4266024,3
TRCMTFP128E078449A,1
TRWEVEA128E0791592,1
TRXAUOA128F4296D2B,1
TROOWYG128F930CD16,1
TRMGWVG128F426300F,1
TRKYLJO128F4296D1E,1
TRLGOVK128F147BD62,5
TRYFTYE128F1484269,2
TRWTZGX128F149535F,1
TRCRPQB128E078DF6A,2
TRZJNOD128F4264131,5
TRBBWFL128F1494399,2
TRNBVFY128F4277A93,1
TROAOFU128F424086C,1
TRFEHVI128F92D541E,1
TRUQKFQ128F423A774,1
TRMMABI12903CF5E42,1
TRPHMYQ128F42677FD,2
TRITARS128F424176A,1
TRZHRBG12903CC50A1,1
TRZZYMU128E0792400,1
TRXQNOA128F425B780,1
TRWWUEX128F1456E0F,1
TRIYVUR128F423A75F,1
TRHTAPD128F930D7B6,1
TRDQZLV128F9307D4E,1
TRJBUQO128F1452ACD,2
TRINWYQ128F9301B87,2
TRWPSQC128F424DA45,1
TRAEVAO12903CF4B44,1
TRIKGFJ128F426294B,2
TRLCFIM128F145ACE5,2
TRUJLOE128F422F1DB,1
TRXRKFV128F4250697,3
TRWPMFW128F42A0293,1
TREEAAM128F4278BF4,2
TRDMFKK128F42514D8,4
TRUOBNI128F4292250,1
TRPTWUF128C7196390,2
TRVAUFT128F147BC8F,1
TRGCXEV12903CF6036,1
TRZUDOU128F14B0F16,2
TRKVVKJ128E0791295,1
TRDUFJC128E078F41D,1
TRQEHWY128F92E525E,2
TRMANGK128EF34B8F7,2
TRUGCYO128F146373D,1
TRHTZBY12903CAF5B9,2
TRYHTLF128F931C653,3
TRUHOOQ128E079251E,2
TRJCOGM128E0780C9E,4
TRGBRGL12903CC0B66,1
TRBLUCM128E078B2E7,1
TRVXZVA128F4252E27,2
TRZNWCL128E07993C7,1
TRZPVLJ128F148D2F7,1
TRRKRCG128F14AE316,1
TRAWQDT128F428684F,4
TRUGCUN128F1495362,2
TRHCPPD128F4266020,2
TRMNGHU128F427830E,1
TRRDAAZ128E078289A,1
TRVZZUW128F42784D7,2
TREXPAZ128F4213420,1
TRFKQVI12903CC0B64,4
TRSZAEP12903CD4DE9,2
TRHYLWV128F92C26AA,12
TRKMBZN128F428E0C0,1
TRPHUJH128E079276E,1
TRBTODV128E0792995,2
TRWTVWA128F93421C3,2
TRIJFQN128E078F844,3
TRKUAZV128F93096FA,6
TRWCOGY12903CE3CDA,1
TRXHHVG128F424143F,2
TRRBBRG128E079401B,3
TRMWIER12903CB5054,1
TRTBFBE128E07873C7,4
TRLXDBE12903CF107C,1
TRJAJOK128F425068B,2
TRVIMHL128E0783216,1
TRUSDHX128F14853BB,1
TRAJZLM128F427CEB7,1
TRSABJB128F1456BB9,1
TRJBHXE128E078F81B,4
TRQFTEQ128F14B12BC,7
TRIGXDO128F4298924,1
TRYHSRE128F42334EF,1
TRXIOVC128F9309388,1
TREADYX12903C9AF35,3
TRWIFJF128E0793B95,1
TROXTOO12903CA143E,12
TRTXADM128F4296D21,1
TRGSCTA128E0793868,1
TROEWXC128F148C83E,3
TRIUVHG128E0792402,1
TRUHCIP128F428CDAB,1
TRKLLTX128F425FD66,1
TRAIICI128F92EA2F2,1
TRFWOAG128F14B12CB,3
TRCMUDK128E078DF62,1
TRZFHKD128F1482510,1
TRZHDYM12903CD3D96,2
TRQDTXK128F4289D2C,1
TRFTAPT128F93089E5,1
TRAQOWW128F4278BED,2
TRFGXLM128E078F843,3
TRWAWYH128E0791C1C,1
TRLVYKU128F92FD92E,3
TRBESJN128E0784321,2
TRCSMXV128F4298973,1
TRXTVEV128E0792404,2
TRMDHAD128F145F98D,2
TRLPUVN128F423350B,1
TRBJGPS128F14B12C8,2
TRJNYUO128E0792902,2
TRIHKCR128F92FBC57,1
TREAUEH128F424D5D3,1
TRWIZVY12903CB50A6,2
TRTDQYM128F4282490,1
TRXUIOK128F42B86CE,2
TRWKXBD128F92EA303,2
TRWRLLX128E0785695,3
TRIKJSE12903CCC9E5,14
TRTCCNS128F427200D,1
TRCFBGE12903CCBC1A,8
TRZXSSH128F4284839,4
TRYYZIS12903CE0157,2
TRYSCOG128F147BD5B,12
TRKPVIL128F429F881,2
TRXIPVM128F92CEDDD,1
TRDJOCY128F4294CD5,1
TRXWBTX128F92C577E,4
TRPKYHA128F14964EC,10
TRKPRLU128F933B1E3,1
TRIDOQH128E0788E8A,2
TRNEJRG128F425FD88,1
TRBBQHR128F92EA2FD,1
TRUQMMG128F14A2128,3
TRNAJNV128F147B4F2,1
TRXCPVT128F422F18C,1
TRSGZOD128F4278BFC,1
TRTFNML128F42700B6,1
TRPUVKW128E0791C24,1
TRPNKUC128F427C427,1
TRXIUXZ128F934B389,2
TRNIDFD128F4286A0D,1
TRLWDZA128F424E13C,1
TRFPMCM128F424097F,1
TRHCGKH128F42A24CD,1
TRRHIGG128F425A865,2
TRGPZFX128F932A816,11
TRQILCP128F14760D2,1
TRVNRFI128F4286643,1
TRPTHCR128F92FE6FC,2
TRMXRRU128F147BD52,1
TRLGQSY128F427E88B,1
TRNEFBF128F4286A0E,1
TRIFYMG12903CD8DE0,1
TRTLKQU128E078F0C4,1
TRFLVKB128F147CC69,1
TRFATZV128F93421A3,3
TRZWVDF128F423381E,1
TREEKUK128F4293F26,2
TRLCUFZ128F9301B9F,5
TRVNRQW128F4298DD0,2
TRBTRXL128F423B33C,2
TRMUAWC128F423DA3C,2
TRIZVBX128E079247A,1
TRKZUCK128F9308A47,8
TRNAHXV12903C95B18,2
TRKVQOB128F145ABE0,2
TRLTQQO128F423B45A,1
TRFRVGG128F427C430,1
TRWBXCW128F4266098,1
TRSWQYF128F147CBC0,4
TRTCIDS128F4278C1C,4
TRXGFFW128E0792903,3
TRPYFRU128F427777C,4
TRUHUNN128F92E58B5,8
TRIZMUB128F424AEA5,4
TRMFETD128E0793B93,1
TRRDAOP128F4214D97,1
TRRPPBC128F42752BB,2
TRLXTNJ128F4286647,2
TRWFRQD128F4250685,6
TRTBCEY128F92D7B68,1
TRIAKAL128F42BA1B9,7
TRGCPLX12903C95B26,1
TRJGQGP128F42514F2,1
TRRRMKC128E0792990,2
TRZIQDZ12903CD1EC5,1
TRUHYNC128F92E288A,7
TRBYDFB128F4250DE2,1
TRQAFHI128F932BAC8,2
TRMQDOY128F4298DCD,2
TRMDKOM128E0784A1B,1
TRYEJED128F426EB3F,2
TRZBPAA128F92FDDA8,2
TRBCMJT128F14B12CC,3
TRPRHDK128F9359896,1
TROPFLN128F422EFD0,1
TRNFEEX128F9320829,1
TRDDQBD128F428CDB4,1
TRVZCPR128E0791599,2
TRYPIEF128F422C147,4
TRPTIVU12903CAF5D2,3
TRGLTZW128F146E590,1
TRZWHQQ128F4278C20,2
TRZEFAO128F425B76A,2
TRGKLSE12903CCC5CD,1
TRLQQWY128F422F3A6,3
TRLQPOY128EF34C262,1
TRSGYCM128F423B460,13
TRRYMKC128F149439B,2
TRVDWHH12903CAF5F5,2
TRPAFHL128E078F18B,2
TRMDELO128F931DF77,1
TRLCZNW128F423364D,2
TRQEVPT128F4298DD7,2
TRIUICN128F4233815,1
TRNOCCO128F92F5E7D,1
TRPIFJA128F428885E,1
TRQHBAT128E0786278,1
TRTJWEE128F42A34C9,3
TRIQPSI128E07899E9,1
TRQGFHN128F428643E,5
TRAHFOR128F4284B75,1
TRTMUDY12903CD9EDA,3
TRQODXD128F92C663C,2
TRRBKGN128F147481C,3
TRYJZXV128F93095BD,1
TRBFIGX12903CC4708,1
TROENZK128F427262C,2
TRQSEEK128F145FFB4,1
TRWDXYU128F92FBC62,1
TRSMRGY128F93018A6,1
TRAFMHY128F92FDDBF,2
TRVHWRF128F423B3CB,1
TRROMRM128F4239812,2
TRXKAYV128F9333C46,1
TRQWVQK128F1452AD1,4
TRECVXL128F4272642,1
TRREYAT128E0792409,2
TRUXFKB128EF345664,1
TRNIIFM128E078E1CD,8
TRGCQXE128F424191C,1
TRPCRHL128F4274CFE,1
TRPUGKZ128E0792988,1
TRZHCHI12903CD8DCB,1
TRLXQVK128EF357B32,2
TRXHHGN128F4294C40,1
TRNURZT128F429C69B,2
TRHLSDC128F1463743,1
TRIYYAB128F933B1EA,1
TRAPFTW12903CF2494,2
TRBRSKB128F931317C,1
TRGBVBY128F4296763,2
TRNURLN128F92F6C8E,1
TRCJSOI128F92EB948,9
TREBRRR128F42BCE9B,1
TRJSQQT128F149F9B4,2
TRUVFZK128F148B3BE,1
TRPCAAH128F9306920,1
TRLHALK128F148C9C3,2
TRZLGTN128F9327A0C,1
TRAKYGX128F93246B0,1
TRAQFDV128F92C4560,1
TRZUSCF128F424F0DD,1
TRABCKL128F423A778,1
TRWTRDP128F4233656,1
TRHJRSF128F147680B,1
TRLICPP128F42605A0,4
TRPNLUE128F4267DC7,1
TRCQNKF12903CB507B,1
TRRMXDJ128F146872A,3
TRWFJZU128F92E24F1,2
TRZMBTZ128E07927D6,1
TRVHSQI128F427C0E5,1
TRQYZBB128F427B72E,2
TRCIXWC128E078B750,2
TRJDKLG128E0792558,1
TRZZSQU128F92FCDE8,1
TRJLOOW128F42B44A9,1
TRKPNHK128F423ED3B,1
TRZCNNW128F422F1DF,2
TRVAGQR128E0792479,3
TRVIXJT128F422F188,1
TRQLAKM128EF34C269,2
TRQFVML128F147BD08,1
TRYUAED128F42858BF,2
TRHWGVP128F9341A84,1
TRFHKNF12903CCC9E8,8
TRNWLGX12903CC0B59,3
TRAJYHY128F423DD31,1
TROCYSL128F93209C5,6
TRQLDFQ128F1453F84,2
TRZHFRQ128F4286615,1
TRWSVAT128F147B613,37
TRAOIRZ12903CAF58A,2
TRNGFSU128EF34C267,1
TRNGJPK12903CC0B5F,3
TRELKYH128F92F1A76,1
TRDJULS128F4241AFB,2
TRVCEGO128F42BCE94,1
TRKAFKC128F4250693,6
TRBRHQA128F931DF70,1
TROYFRA128F14A3ABF,1
TRAQXEV128F426F239,3
TRVXZES128E07929D7,6
TRGZFLZ128F42408CD,1
TRZUFVH128EF3456CC,1
TRIWKYK128E07924F5,1
TRNHGBH128F427B6F0,2
TRHSIWD128F4267033,1
TRIVIUK128F92FDDBD,3
TRISTTM128EF349FE3,1
TRDKOPP128F423B458,3
TRYDCEO128F4262926,1
TRTDRFB128F425C1E6,1
TRVGTFH128F147CC97,4
TRBZQYW12903CCBC26,10
TRMPSYR12903C9C1B4,2
TRFPEPB128F92EBCB8,8
TRBOKUK12903CAE13F,10
TRAITDY128F149431C,1
TRMGNJG128F92FBC4E,1
TREUTSM128F4266025,2
TREJLIV128F149114B,1
TRFXKPH128E0793B8E,1
TREWZUJ128F4298DD5,4
TRFVVQD128F426A71F,2
TRVDIEE128E0783217,1
TRWGVJL128F423B4AF,1
TRJRHVF128F427C237,1
TRANLYM128F429B051,1
TRIOMOT128E0794E41,6
TRBHCFO128F4238DA1,2
TRFUPKS128F42BB848,1
TRHOLLJ128F92D5C16,1
TRYAQMB128F1480B86,1
TRNYMJZ128F4243623,1
TRBQVNJ128F1461E60,1
TRFDGFW128F4286BFF,4
TRDCQGJ128F4214D8C,1
TRVYOXR128F4233655,1
TRMQLOF128F934AB26,1
TRRZCVV128F9305C19,1
TRTBDNK128E0788E89,1
TRSZRXW128F424D682,1
TRBULQD128F14552A0,1
TRJNISQ128F42B9386,3
TRAHOZQ128F422B9CA,1
TRFMKZO128EF33FA0E,1
TRGSUXP12903CF2499,2
TRNQNWY128F42625F2,1
TRKPRQU128F92EB3DF,1
TRNQIMM128F14B1004,1
TRUVZST128F147CC6A,2
TRVTWMN12903CC4714,3
TRWWWFX128E078470A,1
TRIRJOU128F145F994,5
TRFEVWA128F92CEB67,1
TRZFEOG128E078ECBE,2
TRJZMAH128F145F990,4
TRIAYED12903CAF67E,1
TRKCEUW12903CC470A,1
TRREWZY128E0785081,1
TRLDXPK128F426602B,3
TRMMJQR128F93421C6,1
TRPEIKW128F1463987,5
TRZORUN128F1454966,1
TRIOUAI128F9309B9B,1
TRBCYWT128EF34C263,2
TRVBFHW128F147CC96,10
TRUWVLP128F4261BB5,1
TRDCRHF128F148C9C2,2
TRCOXEA12903CAF5E6,2
TRZJDAX128F93096A4,1
TROPDDR128F9366873,1
TRUDTQJ128F4286630,1
TRHOYMQ128EF34C26C,3
TRTIATT128F423B338,5
TRJRBUS128F42B833A,1
TRQEZDI128F146872F,2
TRHJQNR128F92F5E81,4
TRMGLFG128E07929D8,5
TRKTIZS128E078EE1D,1
TRQFAOH128F423B349,2
TREBOPI128F93453CC,0
TRNBXWI128F4229879,0
TRSGMIV128F92DF961,0
TRZSDDA128E079263E,0
TRROUAS128F92E742E,0
TRREAVN12903CC4DB7,0
TRVRKHQ128F9304498,0
TRKBVXZ128F92C49EE,0
TRKAACC128F428CB61,0
TRXVACS128F42814FF,0
TRWIPDM128F149ACC7,0
TRZVGFT12903CEB670,0
TRDELMO128F4262FE7,0
TRYIUHR128F92E53F1,0
TRQEPTP128F9337F74,0
TRBWVAZ128F9312BB2,0
TRTONWT128F4289D6E,0
TRHJGVJ128F930BA7B,0
TROUBOX128E0781922,0
TRKYSKO128F92D2CC8,0
TRBHIGT128F427A728,0
TRWGGYS128F932C0B0,0
TRKFHEL128F9310FED,0
TRDMKSW128F4277B5C,0
TRPROLT128F146EF9D,0
TRCZCEJ128F428C2DF,0
TRGKDYS128F424E529,0
TRKSSLI128F425D885,0
TRMXJEX128F92DE5CC,0
TRFOICQ128F93138AA,0
TRWHZAH12903D05630,0
TROAQEZ12903CAFC38,0
TRPUVXT128F42517E5,0
TRCSPMZ128F422935E,0
TRJQYTW128F429871A,0
TRZOJYO128F931B9FC,0
TRMBSFN128F4273A44,0
TROBXVR128F930A640,0
TRNXRXH128F92F4A98,0
TRYKYBD128F149B600,0
TRGGFYY128F427C85E,0
TRKPPIU128F14AA445,0
TRVWQLZ128F427EF0A,0
TRXBMDG128F9361853,0
TRBFFPW128F425795F,0
TRHOGZB12903CF1043,0
TRLWABF128F14988D0,0
TRJAAVM12903CFE396,0
TRNUBOO128F1458878,0
TRBGWMJ128F93441CB,0
TRIDMZF128F426AD3D,0
TRJRLSF128F4230972,0
TRNTMMZ128F42637FD,0
TRIHBYC128F147A58E,0
TRUXSJX12903CDF716,0
TRCTGMI128F428B72A,0
TRTHLRS128F4257146,0
TRBNNRD12903CA0623,0
TRVMLAR128F426597D,0
TRAFXVT128F423D53D,0
TRYLAET128F14B0DA6,0
TRNHJLL12903CD5D86,0
TRMGZUS128F4262A57,0
TRQSFMO128F42B771D,0
TRIKLBY128F427D6A7,0
TRQVRMQ128F92E4157,0
TRGPMDW128F9322754,0
TRMECRA128F93032B4,0
TRGOSPU128E0799789,0
TRESLJP128F93222EA,0
TRTQMXD128F92D3024,0
TRCWBON128F424C7D7,0
TRFZKGJ12903CE9A89,0
TRCSPZM128F1472818,0
TRJXDPT128F92F27B4,0
TRTXWRV128F429657A,0
TRLBJOB128F14AE3A1,0
TRMCJYV128F4249120,0
TRHGJDN128F1467F8D,0
TRNLGNS12903CE0BA4,0
TRINWCF12903CE9C40,0
TRKIFUG128F9349868,0
TROBBDQ128F146BC46,0
TRFGKWW128F42550CC,0
TRJOMDX12903CA79FA,0
TRGRBHB128F92E0C3E,0
TRYEINP128F1485EBF,0
TRPONHJ128F932D9AD,0
TRTNHHN128F92F9903,0
TRLIJWK128F428575D,0
TROXTXI128F4282776,0
TRHKLQX128F92EE67E,0
TRBACAL128F42134EB,0
TRAUKSU128F1494506,0
TRETFMF128F93279B8,0
TRINZFR128F932BD8F,0
TRHGPOY128EF342373,0
TRXOBQS12903D0182F,0
TRGPNKL128F421EE67,0
TRSJSFH128F428B092,0
TRCMJDI128E078BA65,0
TRHYFCF128F423CB57,0
TRHNEOJ128F425EED8,0
TRLYGNO128F934B71A,0
TRZQXEL128F4281AE4,0
TRMWPWP128F422782B,0
TREMUES12903CC09FA,0
TRGUTOQ12903D02DA5,0
TRZEHNT128F4287562,0
TRJEXZE128F425E469,0
TRJAJCB128F428BED7,0
TRVZXCE128F9344137,0
TRRZUPN128F145306C,0
TREQYAF128F932CE90,0
TRJEPPD128F147262E,0
TRSGNNV128F4265001,0
TROOLOS128F42667D9,0
TRXVQGQ128F93478DC,0
TROQRCK128F930C6C2,0
TRIFHPM128F931B7AF,0
TRRXFHO128EF3550BC,0
TRSEAGB128F92E592C,0
TRNNJWI128F9352DF2,0
TRVJAKD128E07990C1,0
TRHAHVF128F42577DF,0
TRXZYIJ128F428B24E,0
TRNMSQL128F9325236,0
TRAWUWW12903CF8987,0
TRMYXIZ12903CCC9C0,0
TRFBFBG128F4239DF3,0
TRSJERZ128F930F8A5,0
TRJDRJX128F42365DA,0
TRFXWJG12903CB5D03,0
TRQZIBO128F427EBB3,0
TRBCKAP128F4250680,0
TRIBKLG128F933D182,0
TRWAIEG128F931BAB3,0
TRYEUYZ12903CCF52F,0
TRBGOGK128E07963D3,0
TRUCWXR128F1488AD5,0
TRNGWFM128F428DF2D,0
TRNECZC128F14539D7,0
TRLXSNV128F92DBD07,0
TRNJHKE128F1461DD2,0
TRZHKGV128F42743AE,0
TRCMKLW128F148C44B,0
TROXLJC128F9312AC6,0
TRNWQWL128F9309E50,0
TRNMRHW128F9344ABD,0
TRJCEYM128E07996A4,0
TRUKDKO128F426B392,0
TRAXKJK128F4238562,0
TRAYMDE128F4289C09,0
TRBUBGL128F9319912,0
TRCHPCK128F92EFA47,0
TRRZEQB128C71969A9,0
TRAJCGT128F423973D,0
TRCSVJH128F9332748,0
TRACIQZ128F42ADD70,0
TRJPTOM128F4238C77,0
TRNSIQA128F14AE110,0
TRGQZEH128F422FF54,0
TRHLPUU12903CB5524,0
TRIDEHX128F425D818,0
TRTCEAZ128F148072A,0
TRGPMPJ128F9327E9F,0
TRQTONH12903CF38F7,0
TROOSDY128F1480923,0
TRMVHLS12903CC2313,0
TRSQHOG128F92FE111,0
TRZMRYY128F932DF55,0
TRFSWYY12903CE59CF,0
TRFQIVG128F4237422,0
TRNPLOO128F146CA04,0
TREEOLR128F92C6147,0
TRQHFTB128F146AA24,0
TRABPJN128F145DB70,0
TRXBHIJ12903CE3BE9,0
TRQSVMU128F42AB120,0
TRMNNGC128F4254B3B,0
TRUFGIC128F933E264,0
TRGEQUF128F92FC43E,0
TRTEPNU128F429F5D9,0
TRKKPSE128F933ECEF,0
TRTJCYA12903CD6124,0
TRITDQJ128F9351140,0
TRHWXZD128F42BAEAA,0
TRLSPLP128F423AF19,0
TRGPSPF128F4283FBC,0
TRRAIJZ128F4289264,0
TRZVLJP128F931F590,0
TRJBSYG128F4291E11,0
TRKRADW128F422C3AA,0
TRZNMTC128F930C5BC,0
TRDYSAO12903CB6B2F,0
TRUUXHP128F4217351,0
TRMDRPJ12903CAF842,0
TRPSVOX12903CDC480,0
TRUEJGO128F426BAB0,0
TRZMIOE12903CA459B,0
TRCQUHH128F933A4BF,0
TRCVSEH12903CD74EE,0
TRNKURT128F14768AD,0
TRQXXUQ128E0792395,0
TRRUXUU12903CFF5AC,0
TRBMDPL12903CC2AFD,0
TRBEQEM128F93456DA,0
TRUUBAQ12903CA84AB,0
TREXEWT128F92ED485,0
TRYHXKW128F935037C,0
TRFXSFN128F9337C81,0
TRKXQIJ128F42647DD,0
TRUWKUC128F427A88B,0
TRZDRQE128F14ADE76,0
TRMVEHH128F42ABA4C,0
TRRNVDJ128F42653CE,0
TRVLPAV128F92FAAC7,0
TRIMXDU128F146157E,0
TROKJYF128F92F721B,0
TRYYENI128F1456CE6,0
TRIMZLI128F92F82E3,0
TRKVRNL128F4274D30,0
TRMPINY128F931D9D3,0
TRKISFO128F933D9D9,0
TRNRQJQ128F9336347,0
TRUFYFT128F4293C0B,0
TRHEKZU128F4228AFA,0
TRDFSXW128F4293EFE,0
TRLEJZI128EF351906,0
TRDNXVT12903CDD3BA,0
TRAIYCF128F9319394,0
TRKJPMD128F92FFA3D,0
TRMQSSJ128F4230900,0
TRXHSAI128F933BC82,0
TRTYVSI128F9322C76,0
TRWIPWE128F4238A6D,0
TRNQXMU128E0791EC1,0
TRMWLMN128F92F22B5,0
TREDFSN128F9307F49,0
TRGQUHL128F426B42C,0
TRAMICL128F92CFDDB,0
TRRZSRI128F4284D89,0
TROPFDH128F92FA1AE,0
TRQIMNH128EF34214F,0
TRVLYGE128F92E0213,0
TRKJASM128F931762A,0
TRDMWXY128F42536B1,0
TRJBFCN128F93052A7,0
TRVDJOO128F4281ADC,0
TRFQZSS128F145B811,0
TREGPFW128F4277D0A,0
TRLZCWU12903CD176B,0
TRWNNWX128F92E2446,0
TRGXXNX12903CF1C88,0
TRRXIXG128F14A78DF,0
TRTTMZD128F9327BE0,0
TRJLDBB128F428FCF0,0
TRHUYUZ128F931BEBB,0
TRRNPDG128F931E0B2,0
TRPQIEB128F426A566,0
TRNMNXF128F428F6C3,0
TRSIHYE128F92D1698,0
TRWYTZM128F92F9CFE,0
TRBIJJX128F148BCD3,0
TRFXBUM128F9343C53,0
TRAUVVK128F4224BDE,0
TRHORMO128F1469E21,0
TRSMSAS128F4225D57,0
TRJKZHV128F149074C,0
TRSJMOA128F146376E,0
TRYCHFO128F933D47D,0
TRPGQDP128F42A9535,0
TRKEQRP128F428A768,0
TRYCZZB12903CDF85D,0
TRIGKGG128F92D36B0,0
TRQIWLV12903CE443D,0
TRSQOTC128EF34FA5C,0
TRYLBKS12903CC45E5,0
TRTOOMI128F42ABA61,0
TROWRKP128F92F4560,0
TRWBRCW128F422AAFA,0
TRURRRX128F933CB6D,0
TRCWQCQ12903CD2CD3,0
TRLKKHA128F14A4689,0
TREYSBF128F427AAD5,0
TREZCBM128F930C185,0
TRMILNK128F9326C32,0
TRPNFZK128F1459DA7,0
TRUUKIX128F425ABDA,0
TRUOAFX128F935DD80,0
TRUFPVJ128F14B1880,0
TREUKPV128EF360E44,0
TRDGLIU128F93437DF,0
TRIFECL128F9301165,0
TRMGRXP128F42781C8,0
TRLNKQR128F4236409,0
TRAAKJE128F930987C,0
TRWLCVU128F428E19C,0
TRYNUYM128F42970B0,0
TRKRJRG12903D03FF6,0
TRVABIZ128F14792C1,0
TRCHPYX12903CB5DBC,0
TRQEFOH12903CD8ED0,0
TRZBPKV128F42783D5,0
TRIAIDQ128F9306A75,0
TRUIFEL12903CEA827,0
TRYEVWE12903CBD55F,0
TRUZGIH12903CDF57F,0
TRYMLPL128F42A359E,0
TRQWKVE128F425171D,0
TRCRMDX128F42391E1,0
TRIEWSI128F425C752,0
TRUKIIT128F428B0B3,0
TRSODYP128F145E5B4,0
TRWPEHB128F1455960,0
TRFVXYX128F42133D7,0
TRRFYHV128F4286685,0
TRSIDGD128F92E3334,0
TRTDDBQ128F93411EE,0
TRWBBGW12903D028DA,0
TRWFCQO128F428BE33,0
TRTOXNK128EF3640A9,0
TRCDGME12903D0F80D,0
TRIUXFP128EF3458A9,0
TRTQWXE128F92ED5B5,0
TRPMYYN128F93516DF,0
TRURAQF128F1485AED,0
TRTUFDX128F423EE21,0
TRTDQHS12903CABF8D,0
TRMVZLA128F145BA84,0
TRDGESF128F1460C98,0
TRHCNQW128F149626E,0
TRDHOYE128F92F1FCF,0
TRZXBYU12903CC65D5,0
TRSITAX128F427AC8F,0
TRQMBCD128F92DF8D0,0
TRGYCCG128F14658D9,0
TRWJLPJ128F92F2E75,0
TRDPDYC128F93267A8,0
TRXMQNK128F9307154,0
TRJEBPL12903CCA3F9,0
TRBNTEZ12903CC12BD,0
TRIWZQE12903CB33F4,0
TRTXQZO128F1496C5C,0
TRNWDUI128F423883A,0
TRPSUYR128F4278D8A,0
TRUNPQJ128F4214CF0,0
TRUSWPJ128F4229549,0
TRUUTXH12903CD5642,0
TRMMFLS128F92F1B37,0
TRYRWFJ128F428F0FC,0
TRJUGTX128F42A0944,0
TRFBSWD128F149A029,0
TRGRYYB128F9305DFB,0
TRXJSCK128F4286DFD,0
TRIYDXU128F92D40F8,0
TRMVXUR128E0782492,0
TRWUBAB128F92F2BBA,0
TRFTQHN128EF365DA9,0
TRTIIZB128F9321183,0
TRIXFHN128F148A4B2,0
TRWADTY128F422FCEE,0
TRAARKG128F42AC406,0
TREOKLY128F92DEA1E,0
TRMIKQV128F931F53D,0
TRGNHEK128F931C1A2,0
TRTZEIR12903D066F6,0
TRQKKUS128F429458A,0
TRXDZLM128F4281504,0
TRMRKHC12903D0EB28,0
TRLMONO128F9310F17,0
TRUEFNS128F42915DD,0
TRXHPHC12903CA4334,0
TRZRKPD12903CC45DB,0
TRVKPFX128E0781A4B,0
TRZVYGD128F427B028,0
TRMPRJS12903CFB07B,0
TRJEAKI128EF340BAE,0
TRNXWTS128F92FD591,0
TRJSTCR128F930289C,0
TRCAYDG12903CA7663,0
TRYKDZP128F428D794,0
TRPDKJH128F9300047,0
TRZLYCQ128F14B0DEA,0
TRGNULK128F424770E,0
TRCYEKC128F92C4FA8,0
TRJPYRF128F4272501,0
TRFXTIX12903CC48F0,0
TRMOEFL128F428830C,0
TRKFMOB128F42876DD,0
TRXUYKJ128F4283C18,0
TRYIOUY12903CC7E38,0
TRNWVKE128E0791F69,0
TRVYGWA12903CA6B84,0
TRCNVBY128F4257B69,0
TRTOAIS128EF35F65F,0
TRVUDZB128EF34DAB0,0
TRUTQXG128F426A0FA,0
TRGBPTP12903CD9C53,0
TRKFHEX128F424C0E0,0
TRKZWNH128F425532F,0
TRDKTIS128F92FA2CA,0
TRQDRBA128F429DB02,0
TRTSYKM128F92ED3D1,0
TRFMIMI128F92D662F,0
TRFLDKJ128F4243266,0
TRJJEXU128F9321B7E,0
TRGPIXL128F4298274,0
TRTKWXT12903CECDE7,0
TRREEIY128F42AA13A,0
TRJTSXT128F92F962D,0
TROAQWB128F422B206,0
TRCWPSW128F425F3E1,0
TRRFTDB128F426DBBD,0
TRRETPS12903CF5BE8,0
TRANXOR128F930CE22,0
TRNGEOU128F9325735,0
TRDGWSD128F4283542,0
TRABYCY128F933467B,0
TRSMGLF128F423FB18,0
TREAHQQ12903CF828D,0
TROAZXK128F9319901,0
TRWTQSZ12903CBCB99,0
TRERKBH12903CC68C5,0
TRJTCXR12903CD880A,0
TRVSMWZ128F424DF7B,0
TRBAILX128F42857C8,0
TRDZJGO128F4217419,0
TRHAADZ128F932C3D5,0
TRSSINM12903CFBDB4,0
TRFJQIO12903CA1992,0
TRARUGT128F930AF81,0
TRKECQI128F9332227,0
TRNBXKV12903CB05CA,0
TRTXKNO128F428AC11,0
TROBGJN128E0782FC9,0
TRQGIDD12903CEB74E,0
TRERMWC128F1472D00,0
TRYPTYY128F92CD3F0,0
TRRHGKB128E07826A2,0
TRNYCII128F9305FC8,0
TRTCLZN128F92C800A,0
TRDFFIH128F92DA5D6,0
TRPQFLD128F930D4A4,0
TRRSWIE128F42514B9,0
TRZCOFA12903CEB3EB,0
TRDIBKN12903CA59C8,0
TRZXHIV128F92D48F4,0
TRESXMI128F4259104,0
TRNCECW128F930B07C,0
TRPCMDA12903CFCC6E,0
TRUGPAJ128F42A8185,0
TRVHWHS128E0781ED4,0
TRFLWEA128F425FBF6,0
TRTLGAO128EF356B73,0
TRIZJPY128F4265DCA,0
TRSSCIR128F423294D,0
TRRSPIM128F92E1553,0
TRQJCAK128F425B55C,0
TRGACMV12903CF16E3,0
TRUDYXS12903CCBDB7,0
TROYGLX12903CC5457,0
TRLPINO128F931267F,0
TRJOATJ128F4252195,0
TRLYUGU128F14976B9,0
TRRHYWW128E078C76C,0
TROLPCF12903CE75A1,0
TRBQQNJ128F4274989,0
TRQWMZC128E0782F05,0
TRFPOWV128F4254BD4,0
TRROCHQ128F4268672,0
TRQOLTV128F932F314,0
TRCTMOI128EF35F1CF,0
TRDSQXX12903CA865B,0
TRIKMNS12903CA2B33,0
TRREADB128F427F142,0
TRPCTXA128EF33F51F,0
TREFSVI128F147C8C8,0
TRXMGGT128F92EC3AA,0
TROEPXF128F14A97D6,0
TRZDYFD12903CC45CD,0
TRLLFGU128F935A114,0
TRILVDU128F92EBEAE,0
TRVAMBZ128F429EFD6,0
TRPTFLD128F147F99B,0
TRMUHST128F4221523,0
TRTAOGH128F932D186,0
TRXOQLX12903C9F1FE,0
TRFWWKQ128F14710DE,0
TRARKMP128F42704C8,0
TRFVQAK128F426BA91,0
TRFRTIU128F14922FB,0
TRSYTIB128F423CD06,0
TRJABTR128F93452E6,0
TRMVCNT128F932660D,0
TRZQTAU128F14AAFA7,0
TRNCJBC128F145B047,0
TRHEFDK128F14659A0,0
TRETUKF128F931FBA9,0
TROUWWD128F42B727E,0
TRTBGJG12903CA2FF8,0
TRCKRSJ128F4229F92,0
TRUXWNC128F93282BD,0
TREYKLQ12903CDEC8A,0
TRHJMYM12903CEA6EF,0
TRIKFHK128F4220238,0
TRJXOVR128F42676C5,0
TRHVBCS128F932B6E8,0
TRRMWQO12903D002D7,0
TRDFVTL128F427EF44,0
TRMCUDT128F92D0DF9,0
TRSVRIN128E0788DCB,0
TRLVJCN128F92CBE35,0
TRMUPGC128F92D826D,0
TRFKFJJ128F930888D,0
TRHQVJA128EF344AD3,0
TRKEUOH128F1483854,0
TRPNEBP128F4268DC1,0
TRQYBVW128F933A1AB,0
TRRVILT12903CA1D5D,0
TRPQNCJ128EF34F58F,0
TRPVKNB128F4260E90,0
TRISHLH128F9315734,0
TRKIMLM128F92F1D39,0
TRTVDFR128EF349E53,0
TRXMWHS128F9314CA4,0
TRPPEJD128F92D2C1B,0
TRVCCGX128F92DFDB3,0
TRHLAGC12903D07DD3,0
TRCHQIA12903D04408,0
TRPDLRD128F4273B27,0
TRVYQVN128F426576B,0
TRWXTOK128F930BC54,0
TRZWOCJ128F423A877,0
TRGDLXH128F9301435,0
TRMOZVD12903CC57D2,0
TRAZXIB12903CA6BD1,0
TRVMQEJ128F92FDC39,0
TROAQGE128F92FF72D,0
TRRCLPF128F425C191,0
TRAWVNA128F4238F83,0
TRELSAZ12903CCEA5C,0
TRPESFN128F14A44C8,0
TRJHSXW128F1460DBA,0
TRUOZBM128F9321657,0
TRMIACU128EF35242C,0
TRKGSWQ128F92F5FEC,0
TRLWYZW128F4231260,0
TRPPPWS128F9329AAF,0
TRCYGQH128F9304895,0
TRMGMQR128EF34330D,0
TRJAMPH12903CBC85D,0
TRVLJZK128F428DA23,0
TRVVVYQ128F422FC5F,0
TRYBKPF128F93102B9,0
TRWORLC128F4257D6D,0
TRXOPIO128F934B97D,0
TRHQSYX128F4289D70,0
TRLSEMN128F934BE0D,0
TRUIYDT128F425EEE3,0
TRISUCV128F148BF8F,0
TRZITWY128F424B941,0
TRURARF128F934A2A6,0
TRGQZNZ128F93499B5,0
TRFYWFU128F9338626,0
TREKLIT128F9336365,0
TRVSGGQ128F145EF09,0
TRIIREN128F425A815,0
TRBNDGW128F9360D4A,0
TRKDWXL128F4279EEC,0
TRYDBJK12903CD12F1,0
TRBEAWL128F92FECFD,0
TRHYVYU128F92FA07F,0
TRNNDIV128F9339B30,0
TRNNOGX12903CAD9F9,0
TRGNLFN128F4280AB9,0
TRGCBEL12903CE742E,0
TRKGMHR12903CFCEF4,0
TRCMUNJ128F14534D4,0
TRTCWWS128F92D94B2,0
TRKOUTZ12903CBCBBF,0
TRMBHAU128F934B631,0
TRNXAZW128F428C402,0
TROAEOX128F92DF732,0
TRMJZNY128F92F8F9F,0
TRKWVVX128F42432C5,0
TRPJFCP128F427137D,0
TRTYBIS128F423C60E,0
TRFNTOT128F92E3284,0
TRCAUEO128F423AC5A,0
TRKXHBZ128F146BD70,0
TRKCJTP128F424A8B1,0
TRRXUTM128F931B473,0
TRAPTIL128F4293E7B,0
TRALVLH128F9322167,0
TRTBMYX12903D02CEC,0
TRZWQEL12903CEDFD3,0
TRYVBVW128F1477EC6,0
TRCDTCE12903D00D0D,0
TRDSJZX128F9325FDC,0
TRPEANK128F42A1F3F,0
TREOWBF128E07922D5,0
TRUOJTA12903D08C3E,0
TRFCKWC128F147D45F,0
TRDNWDH128F428A333,0
TRTNXGK128F14B0798,0
TRPRMXQ128F42A6013,0
TRWPUWW128F4285B62,0
TRBZHYB12903CB01F8,0
TRPCTIB128F147CA2E,0
TRDXUMD128F4241E2C,0
TRQSSUJ128C7196611,0
TRXSGHV128F92ED714,0
TRFEFUB128F4299497,0
TRFNZSU12903CBF183,0
TRMIOOX128F93069F5,0
TRVNSVM128F42550B8,0
TRCHDGK128F9341400,0
TRVHGDR128E0794E63,0
TRNQJMU128F92E6B63,0
TRFWGOY128F148B015,0
TRYZHUL128F4227042,0
TRQMXYL128F1466971,0
TRAVEUS128F4238CB5,0
TRXDJVL128F930BFF1,0
TRFGMEO128F92F6B42,0
TRFYUSR128F427E960,0
TRLMOPT128F92E0AE5,0
TRGYSVE128F42689F5,0
TRAKANO128F148A2F6,0
TRCCTRY12903CC3C2A,0
TRZAAON128F9320E46,0
TRWUTHA128F423EE32,0
TRRYEML128F428E36F,0
TRZHIPH128F4261F65,0
TRKJPYS128F429C9FA,0
TRRJPFT128F14668E0,0
TRLOYJS128F9305572,0
TRIJEXB128F148D395,0
TRCCFRJ128F92EDA76,0
TRSEFPC12903CFF962,0
TRMWNYQ12903CFFA63,0
TRHCUOE128F9300EB8,0
TRISZED12903CF81D2,0
TRAJZDD128F425AA57,0
TRISOUC12903CCF470,0
TRVYNUP128F422C284,0
TRESLUU128F4277BDE,0
TRTYJHK128F146F6E6,0
TRYGPCH128F4287B54,0
TRXXUDK128F1468D04,0
TRRMBSW128F9313A3D,0
TRSZJIS128E0795B11,0
TRFYWJJ128F427B3DF,0
TRCVIOK128F426C49E,0
TRCSNLD128F42BA6A5,0
TRRFNDV128F932D907,0
TRRMJSQ128F4282A94,0
TROBPHD128F930C8A4,0
TRWXLCU128F146980E,0
TRQRZZB128F42514C3,0
TRTMSAA128F934B6BC,0
TRXRMJI128F934BC94,0
TRTDPQR12903CD1C82,0
TRHCSPR128F423EE3F,0
TRDMGVQ12903C9D0A0,0
TRTERCB128F422A6AA,0
TRURTIS128F931B41D,0
TRLAKXB128EF357168,0
TRHLMRY128F933A9DA,0
TRDRGGD128F42283BF,0
TRAKGDZ12903CE4867,0
TRIDUBL128F428E03F,0
TRGVJKL128F930459F,0
TRHYFJV12903CAF493,0
TRUFOYN128F92F3DDB,0
TRZIUUZ128F9317DB1,0
TRTIGNL128F930FD61,0
TRKBAEA128F930C983,0
TRRXEQB128F1491939,0
TRSAGRD12903CAE8EA,0
TRYECMI128F4239B06,0
TRPZVCR128EF361FED,0
TRFLJRV128F145C735,0
TRONRKH128F930E7A1,0
TRNCRBE128F93169DE,0
TRQJSCJ12903CB6495,0
TRPTALT128F426F99F,0
TRXLLVZ12903CC16D4,0
TRTLOUD128F147CCF0,0
TRJGAOX128F4238965,0
TRETPUR128F14A6644,0
TRAPJEB12903CC8818,0
TRRIIPM128E078D5E5,0
TRAAQYH128F92D5C30,0
TRFTQES128F4218F3B,0
TRWNSUY128F42515EB,0
TRYZVPW12903CEF10D,0
TRXRBYB128F93471D5,0
TRUCVKZ12903CF27A6,0
TRYUZVZ128F92E4756,0
TRINHOG128F42626A9,0
TRSBFQT128F42922EA,0
TRAKUSB128E0781013,0
TRJEGIQ128F92F2B88,0
TRPEHPJ128F1495B85,0
TRQISAK128E0782FB2,0
TRUCJZY128F422FF6B,0
TRHKBAO128F4266803,0
TROXZEX128F1473418,0
TRBXZMT128F92E4E39,0
TRAITBH128F4260B0D,0
TRKKPVV128F9329BFF,0
TRHHWQL128F425FF31,0
TRLDNYQ12903CA41FF,0
TRUHLNA128F42ACC46,0
TRDPRLR128F4259E85,0
TRPCDFS128F42675C1,0
TREBEZU12903CE85D8,0
TROIYKY128E0781BAB,0
TRCLPAO128F92E701E,0
TRINYMA12903CDD2B1,0
TRUDHMR128F4263C2B,0
TRKJDIX12903CE4DFA,0
TRYHTFJ128F1459D93,0
TRWHDHA12903CF454D,0
TRLLBBU128F42B1F8C,0
TRDFFRB128F930CE92,0
TRXMFJS128F42365F5,0
TRYYKSQ128F145B04F,0
TRDZYPI128EF3554EA,0
TRQISDX128F4294899,0
TRBFOYA128E0798CD5,0
TRBRHLV128F428A57A,0
TRYMYHG128F9312287,0
TRORYWW128F4220EB1,0
TRNTDPV12903D05325,0
TRDFGLP12903CB0419,0
TRMTPJS128F92F9659,0
TRBRANH12903CEA77D,0
TRHSEQM128F933D0AE,0
TRTUWZI128F4231092,0
TRELBYQ128F4227705,0
TRWILGO128F425886E,0
TRVWPFC128F427586D,0
TRFVBHZ128F9358FE1,0
TREEJKF128F426F9E4,0
TRCFOUV128F4232FBD,0
TROFHWM12903CB4AB7,0
TRIAEJB12903CC181C,0
TRKMPHP12903CC5166,0
TRAQYXU12903CB451D,0
TRZOPZQ128F425F7EC,0
TRDRVUS12903CDFAE2,0
TRRXZPA128F427D283,0
TRUYZEP12903CD4972,0
TRPGQIS12903CB325D,0
TRWIDSD128F92DD382,0
TRZTURI128F4279420,0
TRTBALU128F423C389,0
TRCWPZR128F426609A,0
TRCJHGT128F14703CC,0
TRXDYHH128F9311D12,0
TRZWTPD128F14615E9,0
TRMQRYS128F9319A85,0
TRWLMBW128F930CEA8,0
TRLRBLB128F421565F,0
TRZGTLR128F4262E04,0
TRYCANS128F42958F5,0
TRGDMZH128F4273605,0
TRKGAMO128F92FFCA2,0
TROQXRL128F4240557,0
TRXRFBY128F93234B5,0
TRETNEX128F427263A,0
TRUBYLC128F14A0F27,0
TRCIMPZ12903CAF839,0
TRSQMPU128F422971E,0
TRTRBUL128EF357CD7,0
TRTNXJI12903C9E7E2,0
TRVUTLO128F145AF83,0
TRAOPZA128F9301320,0
TRUXEIW128F934C600,0
TRHSGIK128F42512C6,0
TRMWDZM128F145DDE2,0
TRQCJFG128F932A2F9,0
TRKGCVI128F92E7AAC,0
TRKVBNX128F9348C80,0
TRUINBZ12903CE82CD,0
TRLLFZJ128F92FD23F,0
TRFCJVW128F42962F9,0
TRTZVJD128F427DB5E,0
TRAFSLA12903CC243D,0
TRYCYWE128F426F343,0
TRDVRRO128F423CAD3,0
TRCVLBT128F92D2DF7,0
TRMPOTR128E078608B,0
TREYDDH128F93276B4,0
TRAZBZT128F14AA4FF,0
TRKRDYV128F425431C,0
TRTBQCN128F9337DCB,0
TRYKHLX12903CE7FFA,0
TRKZSNR128F42681DC,0
TRVRKKW128F931112F,0
TREGNOQ128F92E754E,0
TRASUTV128F92DE72A,0
TRBSPKS128F4257D79,0
TRODMQX128EF34115C,0
TRHLJDQ128F423B2C3,0
TRFQCYW128F4279757,0
TRLICXI128F92EBFB5,0
TRXNQLJ12903CA379E,0
TRERYVN128F4222DE8,0
TRLDWJQ128EF343A20,0
TRMZJLG128F423EBC1,0
TRTBRVD128F42400E1,0
TRZLAKE128F933A6F7,0
TRNGBYG12903CEBCA7,0
TRSCZOU128F4251B10,0
TRLIQPK128F4237635,0
TRMNQYY128F92D0D7A,0
TRSQFVD128F4228429,0
TRJQHOS128F4271775,0
TRIEUGE128F427CA2C,0
TRFOKCY128E0793792,0
TRDDSRF12903CE137B,0
TRZZJDB128F4265DD4,0
TREYSVR128E0781017,0
TROGWJL128F935537D,0
TRPFKJY128F4258880,0
TRMZDGK128F4259095,0
TRJYGAM128F429C629,0
TRSEVSV128E0794E24,0
TRFDGAK128F1456BC4,0
TRJLBZM128F14B0F2D,0
TRHOKMD128E0784F07,0
TRKSQKJ128F930CBA7,0
TRVWQZT12903CDEC6E,0
TRBOEUG128F4289716,0
TRAGMTW128F92D4431,0
TRZJGIK128F427E838,0
TRYEUWQ128F4267C72,0
TRRJDAL128F4262A96,0
TRCZHYU128F4293D2F,0
TRCGNAX128F9304092,0
TRHAFMM128F422BF05,0
TREKKII128F92E32EF,0
TRTASOG128F4292A58,0
TRZOGYZ12903CBFD94,0
TRVEJJM128F423CEF7,0
TRXBCTL12903CE4023,0
TRPNJCW128F423DB18,0
TRLBOBL128F930A376,0
TRIAXAI128F42425F5,0
TRDMABD12903CECC41,0
TRFOLFY128F1460DE2,0
TRERRSL128F428B68A,0
TRLOVII128F423755F,0
TROUOUZ128F934C903,0
TRFQEII128F421CE36,0
TRFLOEW128F146B5E8,0
TRKLCZY128F146218A,0
TRKXOPC128F92F8F1D,0
TRLWUOV128F428EC99,0
TRWULBI12903CF5473,0
TRHPKOQ128F931D768,0
TRERRLX128F429771B,0
TRPMAQQ128E078929C,0
TRBXJVN128F9309484,0
TRKYISV128F42570C7,0
TRVGABD128F146C1DB,0
TRGAFDA128F425B7F2,0
TRHPYWP128F92D04DA,0
TRRIVYZ128F932E5E4,0
TRMHIQA128F4258618,0
TRRMBVP128F425EA5A,0
TRSXASS128F145376F,0
TRLWXGI12903CCB7DD,0
TRODWAL128F148B0F4,0
TRFHPXS128F92F2E73,0
TRSZUWS128F932C8E9,0
TRZFBUY12903CD5663,0
TRONHXT12903CDCF8A,0
TRLEUUH128F93200AF,0
TRKDNRK128F14A066A,0
TRNJMYB128F4266190,0
TRDHGMS128E078F24B,0
TRAENRA128F934B998,0
TRLPFXT128F9303329,0
TRKVZFD128F42858FC,0
TRETZMU12903CFCB1C,0
TRQVOPL128F428E322,0
TRHSXSE128F42262A3,0
TRUAEZD12903CEDD78,0
TRPHFXX128F4260E54,0
TRBZJYG128F92FBAF1,0
TROAMHK12903CCDB25,0
TRREVGE128F425DA9B,0
TRJEEUH128F4243920,0
TRKADXT128F426D629,0
TRJPVEU128E07882AA,0
TRRBIYO128F4264FDD,0
TRDMRFH12903CFB0AC,0
TRMYENJ12903CF2722,0
TRQWYDG12903CC664C,0
TRBZOZT128F147BDF0,0
TRKIOFO128F93244B6,0
TRIPHNB12903CD71BB,0
TRUBLZU128F42ADE4E,0
TRGCDNY128F423A5A1,0
TRJVMHK128F92EB847,0
TRFZMGP128F932EFCD,0
TRNQFOI128F42A22D6,0
TRERHDA128E07832A8,0
TRSUFXB12903D1125A,0
TRQYNGF128F1495C7B,0
TRWIWDS128F425459D,0
TRKYCVM128F425AC24,0
TRGWACS128F9326B95,0
TROGCHU128F1474060,0
TRINGPJ128F9301B8E,0
TRYBYDI128F4213089,0
TRMFEUE12903CE6742,0
TRDTCWO12903D07E65,0
TRXHDZJ128F4271D5B,0
TRRFGNH128F92E0E93,0
TRJNTKN128F4257ECD,0
TRNEPTH128F42AAE33,0
TREJYEZ12903D113EF,0
TRLYYFU12903CE5514,0
TRXGSSA128E0781DC0,0
TRNDMPJ128F4272205,0
TRZFNWB128F92EECE2,0
TRLDRLC12903CE93CC,0
TROAIQC128F4257397,0
TRCIFGY128F93244BF,0
TRPBVXB128F427376C,0
TRGZLOI12903C9B631,0
TRBWCCW128F42A1F41,0
TRGTLJM128F9325359,0
TRWNKNG128F92E2C61,0
TRLQRDD12903CCB401,0
TRRYVFY128F4271BEF,0
TRRTLIU128F1461018,0
TRBOZEL12903CF11FB,0
TRDRTGX128F4231FB1,0
TRLWZGB128E0786045,0
TRVAYPP12903CF8226,0
TRXHHUR128F42911FF,0
TRMVKUO128F424D4B0,0
TREOGQV128F92E73DA,0
TRBBVWT12903CE5717,0
TRDBEAL128F426BD30,0
TRAGWVN128F42748E2,0
TRALBRD128F9347675,0
TRLTZTB128F9310435,0
TRFHJAH128F931B9DE,0
TRNQVGM128F42359E1,0
TRQVSAA128F9308F11,0
TRXZAEF128E078C21E,0
TRYZFFV12903CEC6C6,0
TRGZVGT128F92EA2A8,0
TRMCZER128F9340FFC,0
TRGIOHS128F92D5F44,0
TRZCSQZ128F42870F6,0
TRSFCIY128EF35A038,0
TRVUKIK128F423ACC8,0
TRHAAUE12903CC2C70,0
TRQUFAN128F9330D75,0
TRWBVQX128F429DFDC,0
TRACJKL128F424C069,0
TRWHMVS128F429C05F,0
TRIHMQX128F429C494,0
TRDXTDM12903CACDAB,0
TRSFEFN128F92CD893,0
TRSEYJQ128F425326A,0
TRXCMIV12903CE0128,0
TRBCYEC128F92E9B5F,0
TRFPPRV128F42593B8,0
TRNEXSW128F427C0D5,0
TRAMAKB128F934B2D5,0
TRMZJJT128E0794036,0
TRANWAT128F42279FD,0
TRQGUWP128F4230F2D,0
TROILLH12903CCC378,0
TRVAGEC128F930CAD8,0
TRURSSE128F92D4905,0
TRDDCSY128F92EA721,0
TRUTYEN128F425556F,0
TRCQFBO128F4269704,0
TRMVPNT128F421536B,0
TRQEXPF128F4287A65,0
TRWZBWB128F14904DA,0
TRCFGPC128F9312867,0
TRQGFEI128F4285D33,0
TRCLYUJ128F932F490,0
TRSLLWY128F4287C73,0
TREXSIN12903CFB20D,0
TRKSCDO128F148504D,0
TRGNAFI128F9316A40,0
TRIXZFF128F92EC3B5,0
TRYHPBG12903CD202E,0
TRJHCWQ12903CF719E,0
TRMYGTD128F1487E82,0
TRGNJXQ128F1496B70,0
TRPOAEY128F425ADB5,0
TRKSSKL128F422AD5F,0
TRVHNIQ12903D05D58,0
TRUEAJI128E0798A4E,0
TRSJGIU12903CBD22D,0
TRPQBAU128EF35F629,0
TRGMYOY128F4273534,0
TRYKHWG128F14617D2,0
TRVWQBU128F931C358,0
