TRVPZMZ128F1460F9C,4
TRSCBNI128F92DC63C,4
TRXRZEJ128F4274A89,16
TRZUZPZ12903CB442A,3
TRMEMRN128F9347CBA,2
TRLFDYA128F423EE87,1
TRYDUAU128F429825B,5
TRZAGKV12903CDD85B,1
TRFUHOT128F145D023,3
TRIDAOM12903CD9DE9,1
TRJANSN12903CB9687,1
TRJQYDY128F1474153,2
TRQRPBV128F9307B22,3
TRZXJNZ128F14A94EA,5
TRCWNZW128F427D0E0,1
TRXPOTT128F92E71EC,1
TRSHUJZ128F92DAE87,2
TRCRCYP128E0793AFE,1
TRVAZIE128E0795520,53
TRPDNDH128F4278C1F,1
TRDZUTI128F932F376,1
TRZLEVZ128F92E8ABA,5
TRSMYQD128F422FC1F,7
TRGVYGM128E0799A87,33
TRDHFVZ128F9300CCC,1
TRBTQTU128F424ED5A,1
TRHCIZK128F4275B4B,1
TRGAQVK12903D08292,1
TRGSVZA128F92CF92E,1
TRFBVCG12903CDD863,1
TRVEJXS128F42662F8,1
TRBTHLQ128F4263A01,2
TRBYUMK12903CA0E30,1
TRQSCZF128F93400F6,4
TRJIEAD128F148B5D9,1
TRVFSLS128F1474B2B,2
TRSNXLY128F4263012,2
TRKEDJH128F1486DED,1
TRPQBCX128E079437C,5
TRLSUZY128F428821C,23
TRXOQMC128E0794E6B,1
TRJHZMI128F9340C99,1
TRKQAUU12903CA3FBB,16
TRRPFKQ128F145FC45,1
TRCDKNB128F92FE974,5
TRVMKDR128E078A499,1
TRUNBXB128F147C7C9,1
TRUVLDF128F92E6A22,5
TRHMMLA128E079461A,1
TRPSSCO128F426AF1F,6
TROWIYP128F425788C,1
TRJHYFM12903CE3DDF,1
TROBUQB12903CA6B24,3
TRAENWO128F426318A,4
TRAEWVG128F428AC7F,1
TRHOUTK128F931D4FC,9
TRESUJA128F9327A43,1
TRMLQAP12903CBEEDC,3
TRXFGTD128E078B162,1
TRHQQGM128E0781C67,1
TRRVAVS128E0793A4B,7
TRQWKDK128F426A901,2
TRTELLE128F145EC40,2
TRHDONA128F1497E0B,1
TRTMGME128F427C450,1
TRURAHF128F426A3C4,2
TRJMHJZ128F4290063,1
TRFCLWK128F146707C,1
TRWGHHY128F426302C,3
TRNTOEQ128F4267BB6,12
TRTKUXS128F427CB18,8
TRLRMSO128E0782170,3
TRQEWTQ128F9343BA4,7
TRPPMLX128F9317A54,6
TRPZNFP12903CF26D8,2
TRNRPVM128F93276FD,2
TRQBHVA128F92FE7E7,3
TRQOALE128F148C02D,11
TRJZVEM128F14528A1,1
TRXBEZH128F1496A59,4
TRBIUZL12903CDA8B2,1
TRNQDNS128F92D146F,2
TROVCHT128F429FD0C,2
TRKEZAR12903C97CCD,1
TRQRDLX128F9337C0D,1
TRCLVAL128F4278FC4,1
TRIBFJN128F4269C57,2
TRHGPKM128F149239D,1
TRAHATV128F42693C3,2
TRZEYKZ128E078416C,2
TRCHZJZ12903C9D096,3
TRTLDEO128C71963F2,2
TRZUIQR128F931BC08,1
TRXAXWT128F428ED7B,1
TRBXQOJ128F145866A,21
TRTPVJD128F145F8F3,4
TRFSDMA128F428C939,1
TRGGIRF128F147BC0D,1
TRPJKAW128F425B720,1
TRZVKHU128F930032C,3
TRYOAHU128F429D545,1
TRYPXLQ128F425D452,1
TRKZDME128E0791A8B,21
TRYVUXO128F429EC19,1
TRHWDCX128F42AC2F5,2
TROVHID12903CDD868,1
TRDFQFJ12903CE308D,1
TROHTIX128F4262348,1
TRMCIZW128F14A8A8D,23
TRYQJEA128E0799395,1
TRHCGUO12903CB28D7,10
TRXQJRP12903CBF48D,20
TROJJYV128F92D25FA,1
TRWBQDG128F4272241,1
TRXAMQJ128F1454158,8
TRFKLYC128F4297F0B,1
TROMRSG12903CBF4AA,16
TRPQJPE128F42669E1,1
TRVWEUB128F428A041,6
TRTUEAM12903CF1358,3
TRVRRRV128F14A8AB8,1
TRZZQHH128F42767E7,1
TRDOKQN128F146A0B2,4
TRIMCHV128F92C303A,2
TRWNNYW128E07911E4,1
TRTBVXE128F932828E,2
TRNBWJS128F4213D91,15
TRPLIAU128E07896C8,6
TRCGKRC128E0781A0E,4
TRRFCVQ128F4232A74,5
TRRDYUY128F422FC23,6
TRCOOYB128E078ED95,1
TRJNUHC12903CCFB44,1
TRDEMHH128F92FE7F5,2
TRRXNVC128E0780CE1,1
TRSSSEF128F14A2B2E,3
TRARCVN128F14B1403,1
TRETKKR128F93523D2,2
TRHTTAJ128F146AA4C,1
TRVORJQ128F425C92F,16
TRHJBKP12903CB630F,6
TRCPRPO128F425C92B,16
TRSXCQP128F930CFD4,4
TRUKYAT128F9301247,12
TRPLLLK128F421D458,5
TRWDTJP12903CC04EF,1
TRJZLYS128F14567B9,7
TRKMLMP128F42A5CA4,2
TRTPAFQ128F426301F,1
TRJIBBZ128F425149A,1
TRGZCGP12903CC0A85,1
TRIYMEU128E0783801,2
TRMQJPF128F14B0B95,1
TRDOTQB128F14585C7,1
TRJGXML128F148BEA8,1
TRCAZZZ12903CF47D3,3
TRVCQQN128F4278263,2
TRXXCIQ128F92FE970,3
TRUBSQL128F4297EBE,38
TROUKMG128F146A0B1,4
TRBOWPK128F1496A5A,6
TRUZEHJ128F145853C,23
TRAZXDC128F429874E,1
TRVEFSP128F92E271E,4
TRFPSLU128F4288214,23
TRFBSPB128F424E3BF,1
TRJPVLU128F42554FB,1
TRJXDOO128F42335FC,5
TRRXGVV128EF3519EA,1
TRXJPBO128F145F3ED,1
TRYPUXT128F1482529,1
TRWNMHZ128F4232A68,6
TRRNLVL128F92EB809,6
TRMYYZH128F933BC99,6
TRYBMHX128F92D736D,2
TRESMOU128F92D736A,2
TRMFOLG128F9316A8F,1
TRBUHNX12903CDC423,9
TRGGDUB128F92F328F,3
TRNDHXV12903CF1371,5
TRBJVOL128E0792F82,1
TRRSYUN128F932F7E2,1
TRRDJAO128F149865F,1
TRLFXYQ128F1480DAA,1
TRYJIJQ128F14670AD,1
TRXWWWB128F9305CAA,1
TRZEHTI128F92CB643,1
TRODRTT128F426E922,1
TRGHOSL128F92FD8F8,12
TRPLXQR128F4272727,42
TRUMSJN128F42775E3,8
TRLLBPN128F9344596,5
TRTWLFQ12903CCFB35,2
TREFXND128E0792A03,1
TRNHPZM128F4284B7E,1
TREJDAB128F148D3E0,6
TRXDRLL128F42397F4,1
TRSDDMJ128F92F3B8E,3
TRTGQFA128F427C460,1
TRAUDOH128F92FE754,1
TRNUCYP12903CA4364,5
TRWOLAH128F1454157,5
TRHPHZB128F4270F8A,1
TRVCNDL128F9320C3A,5
TRQSSUQ128F426317E,2
TRSYYLJ128F4295311,1
TRDAKUJ128F931C99F,1
TRABKOG128F427C466,2
TRBLUOB128E078D29B,22
TRUPAWD128F1461933,1
TRQZCTX128EF350319,1
TRKFYHP128F9347CA8,1
TRXCFDK128F1492FB3,11
TRXNAJA128F42A65E9,24
TRYLZHQ12903CDD86A,4
TRUOTFZ12903CF15A5,2
TRWZRQD128F426319E,2
TRYLSNH12903CF1373,4
TRTBCMI128F4298948,1
TRQLCBM128F92DC640,6
TRRQUMP128E07996F7,2
TRJHMFH128F92CEB73,1
TRNDDXU128E0793765,5
TRGVFNR128C71962D6,2
TRHIZGB128F428DAE4,1
TRKKMUE128F4263193,3
TRYQLEN128F92FA942,1
TRDWVUV128F92EC206,1
TRAYPLB128E0794375,5
TRLNGZS128F933A956,1
TRCEHZB128F42984DA,1
TRIGWGN128E0793AEC,1
TRACPXR128F9359A69,5
TRNQTGL128E07937A5,1
TRDCDZN128F92CC84B,5
TRCQNFY128F1480DA4,1
TRZHOXB128F426301C,1
TRSXYQU12903CB443D,3
TRSWHZZ128F147EE05,20
TROFFOG128E078D29C,23
TRVVXAY128F92F02AF,2
TRFCTBB128F4279C16,2
TREVLSR128E078D20E,1
TRYDPVE128F426A8FA,6
TRLKZRU128F1463730,1
TRBIEDS128F14B144A,1
TRMJRVT128F1482521,1
TRPUVVK12903CFDBBE,1
TRPVVSD128F42AC331,1
TRXLNUW128F428AE60,23
TRSTUFQ128F422D763,1
TRRJSHR12903CAC8B7,1
TRMILBR128F934C5A6,2
TRXBTWP128F427E2F5,1
TRWNJBH128F4263A06,1
TRIZFNQ128F147ED9F,20
TRFNLTM128F9311CA0,3
TRCFIOQ128F933AC34,3
TRBIMCW128EF34A1EA,1
TRSXLTB128E078B014,1
TRYXITE128F424EF7B,1
TRDLTWO128F92FA947,2
TRYPGQQ128F42724DD,1
TRFFFUG128F425C928,14
TRMHIXI12903CD1D4A,4
TRRZHLQ128F427EC84,1
TRFOADV128F425B771,1
TRFRSWZ128F4249BAE,1
TRJNMWO128F42623C2,1
TRSZVQC128F42701F2,7
TRJUYZL128F425A747,1
TRHXFBR12903CB7C2A,54
TRAHIZR128F148D3D1,5
TRJNCWW128F92C9271,1
TROAQEQ128F4263067,6
TRPFZJS12903CD4B1E,1
TRVDCJN128F14B0253,1
TREVHLY128C71964C1,1
TRTSPQI128F425C926,17
TRMMJGN12903CCFB4B,1
TRAMGAS128F1460F9E,3
TRFZGST128F4263183,2
TRQEMRN128F933B4B2,1
TRUCIKM128F4272320,1
TRUWYVO128F4250878,1
TRJHYVD128F426A5A6,3
TRKIZQR128F42289E1,1
TRYHVQL128F92EABC5,9
TRHMFBI12903CF47D9,1
TRDASXO128E0786A4E,1
TRAHXIY128F148B19B,1
TRIFMCF128E0785D58,5
TRHQQCE128E0793AD0,1
TRJXYYP128EF340AE6,1
TRFZBRL128F92F0EE4,2
TRIOFHL12903CBD7D8,1
TRJOSBZ128F14546E1,6
TRZGMJE128F4241319,1
TRSLRTG128EF342806,4
TRYVMJX12903CDD862,2
TRKVIXU128F9332CB3,4
TRXNKWU128E0791BCA,20
TRRISTY128F93400F4,5
TRGLLXB128F92D5589,1
TRANFWS128F92FE832,2
TRFXBAD128F1458121,1
TRZLRZJ128F931FD8D,1
TRHMWTU128F1480E4D,1
TREWROO128EF343801,1
TRSGPRJ128F932EE8F,1
TRWEVIE128F92CC822,6
TRSIOUE128F4266304,1
TRGPOKF12903CA6B22,5
TRYUPOY128F427BE52,1
TRVCAAW128F42BC331,1
TRQOHAV128F1459BBB,5
TROHSPK128F930CFD3,2
TRVNUJL128F4233C87,13
TRUEISA128F9311CAA,5
TRYOULH128F425FBF3,1
TROVWAO128F1496371,18
TRZQDMA128F145C032,1
TRYYNEO12903CF47DC,5
TRFSSOJ128E0793F98,4
TRPNADF128F92F30BD,2
TRMFEFY128F9343E67,4
TRRKIEF12903CE6F4E,4
TRFXXFP128F92D0E28,4
TRJCCCE128F42919D4,2
TRWTBFB128F4291A34,3
TRJQPTY128F4233BA3,2
TRKFLTZ128F92D5D7F,2
TRLZURC128E079376E,11
TRLPZYW12903CDB353,5
TRHWIOA128F9332C5B,6
TRNDKPX128E078634A,1
TRYVVZJ128F146E2DB,2
TRVCBFY128E078CFAA,21
TRVXTVR128E0799A88,27
TRIIEWH128F4290E72,2
TRJTZXI128F4289C71,3
TRDAAFB128F1458AB3,1
TRJGMBL128F4233D00,1
TRZHLZD12903CF47D8,1
TRVYXBT128F423C5FF,2
TRWJHQR128F9356367,1
TRQXHDT128F9311CAC,7
TRLJHEB128F146E9B3,3
TRAZDPO128E078ECE6,1
TRWGSBR128EF34DD0B,1
TRQEUZC128F14883AD,1
TRAIZBQ128F92F02A7,2
TRGFOHY128EF340592,1
TRXPZFV128F426EAB6,1
TRAMIEF128E078CFBA,22
TRFELNX128F146A6D4,48
TRCMLWO128F930F43D,3
TRHHWXX128F9332C7B,6
TRACYXW128F4297569,11
TRWSGTU128F421A7DE,1
TRBJMOP128F931C9EB,2
TRTSQSO128F4299833,3
TRXGGWL128F14774A2,8
TRAMOGA12903CB4421,4
TRRLVXW128F42721B6,2
TRDIPFK128F429325C,4
TRCEVAI128E0791A76,6
TRHYKIX128F147EE07,22
TROGRIH128F92EC1FA,1
TRAPJUS128F9342101,1
TRLNEJY128F4230A8B,5
TRTTNNU12903CA4371,3
TRTPCOZ128F9342918,6
TRACVXY128F92F1ECA,1
TRZESPT12903CE1092,5
TRWTZQH128F92CFD93,1
TRIAAEX128F92CB5F8,1
TRRHWZL128F14774A1,11
TRDXIIG128EF3518DB,5
TROCOQJ128F931B298,2
TREGDBC128F1467D4A,1
TRNULSL128F4272722,37
TRRTRRS128F148B5D8,1
TRKNOQQ128F933C9A7,7
TREQTVS128F427872B,2
TRZKRXC128F9348148,1
TRDXVEX128F9337C0C,2
TRLAWLZ128E07890D4,8
TRFPOXD128F428BCD5,1
TRQNIVJ128C7196529,6
TREDDRH128F92D7367,1
TRGGRFY128F92FA949,3
TREIYLQ128F4265841,1
TRXREST128F14A5549,40
TRISILF128F92F029E,3
TREVYCA128F4251857,12
TRANQDS12903CE3E1D,4
TROQXXB128F14546DA,7
TRORRKH128F92D7386,1
TRGNUUI128F146748E,3
TRDJSVQ128F1460F9A,5
TRUCCHL128F1480138,1
TRKSIYS128F4263186,2
TRJXIIE128F4263029,1
TRFZVXC128F92D737E,2
TRIDDYY128F145E0F1,2
TRVLVXQ128F9301DD3,1
TRJOZPE128F92D5D88,2
TRJGKIY128E0793005,5
TRUJADM128E0791325,8
TRNYIYS128F4282C12,1
TRGEJUY128F92EABC6,5
TRQGDNI128F14649AA,1
TRBFJZY128F931B4A6,1
TRMVKLE128F148D7B0,1
TRDCHKQ128F9314B65,6
TRXTKOD128F93451D4,1
TRNNKAZ128F14A9047,1
TRXEGOO128F146EB4C,1
TRXTYBA128F9347CB2,2
TRMADOC128F9351D0C,1
TRSMAXA128F9343BB7,6
TRNGNXD128F92EC53B,63
TRAUOBI12903CD9E09,2
TRYBFNR128F426BE3D,2
TREKAPF128F92E16BC,1
TRKQITK12903CF1376,3
TRMVKUO128F424D4B0,6
TRGYZTS12903CB4434,2
TRDHXNO128F93285BE,7
TRDFZGK128F1469CC3,18
TRVENYO12903CBB61D,2
TRZGQPN128F933A94C,1
TRNBDMA128F14712A7,1
TRDFPTZ128F14B108C,1
TRTCXCW128F426FAE4,5
TRYSRXA128E079141B,4
TRDKQOO128F147EDA8,23
TRLJHNE128F42729E3,32
TRZIVHZ128F1465262,1
TRRYCBO128F932A2C7,6
TRVVJHW128F4263A02,1
TRKGSAS128EF340AEB,1
TRQGPTA128F1473AE2,1
TRGBFJP128F1462C2E,35
TRUKWDM128F147EDAB,1
TRILNQK128F9347CAB,4
TRLBUWK128F4273FFF,1
TRLXZZW128F4272AEF,34
TRCBZPP128F93451DC,1
TRSDNBT128F92E231F,3
TRZIACI128F14629E0,1
TRGKJJU128F932A48B,1
TRMWWZJ128F14612A3,27
TRXCDYX12903CD3AC8,1
TROKOCJ12903CDB2D2,10
TRQEPEJ12903CC4D1D,1
TRTYSBF128F428A159,2
TRIFVRF128F93404CD,1
TRNVCHI128F42315FA,6
TRPLQVT12903CD1D41,2
TROYSOJ128E078EAE5,1
TRKEWFV12903CF1369,4
TRRBSLQ128F9337BFF,2
TRNJRTS12903CA75DB,2
TRKJSJO128F9307B57,2
TRRBTED128EF33FAA5,8
TRLLCIK128F933CE1B,1
TRSNNSR12903CC2A06,3
TRYLIXO128F146A1A6,18
TRJCREM128F428E0B2,2
TRWOHCF128F4263A07,1
TROEWMX128E0785520,1
TRTFTNL128F93451DE,1
TROQPND128E078D04C,5
TRBMLWH128F1459C3E,3
TRVCMBD128E0793863,1
TRYNYUV128F1464075,3
TRVXIUU128F9307B3A,2
TRHDHNG128F9305C1E,3
TRSBLCL128F1462D32,2
TRWNNFN128F423BB13,1
TRYICMG128E0791A8E,20
TRZVDKS128F42631A3,2
TRIHTUU128F1492398,4
TRAJNTJ12903CDB09A,6
TRPFDHQ128F42B97F9,1
TRGMIAF128F92E8AB2,4
TRZMZCN128F426319A,2
TRFULNM128E07969E2,8
TRUBBDL128F428AB81,23
TRYJXFJ128F42631A8,5
TRCMIHU128F147B248,1
TRFAGFI128F425A2B8,2
TRNXMEX128F148A1D2,1
TRQKLPS128F4297E9B,31
TRWSJXP128F92FE174,8
TRKXGWB128F92FA944,5
TROPYBH128F14629E4,35
TRAWBWG128F1462C30,39
TRBQWUS128F1469CD1,21
TRBHUBJ128E0782174,1
TRLFSZS12903D07FA1,1
TRNFZYX128F4242E5A,1
TRZTNHE128F4222A79,5
TRSEVEV128F42A67DF,1
TRXQGVH128F92C3033,2
TRORLZA128F92FE973,4
TRGDFQK128F92FE884,3
TRGDPUJ12903CF9CF6,2
TRUUNLV128F426317A,1
TRQWIJY128E0799396,1
TRFKZZO128F145C10D,4
TRCADYH12903CD7652,6
TRXVMVU128F92FA941,5
TRIFRSZ128F147EDA0,20
TRPTNSW128E0786B37,1
TRZLQDJ128F92EABC4,4
TRRQRKU128F145FF08,1
TRVNUEI128F92FB21F,3
TRBWIXG128F92FE85F,1
TRHZWKI128F9338125,3
TRNFFDQ128F931EAE2,1
TRPEBMY12903CBD7B6,1
TRVSBTV12903CC6670,2
TRNFENJ128F423781B,2
TRQSDRA128F426601E,6
TRYMDHX128F147EDFB,22
TRFRHFI128F42667B1,1
TRSBNUX128F9301F76,1
TRYMEHH128F1485B5F,1
TRFIKYY128F423A217,1
TRFWHNF12903CB8F53,3
TRBNAGF128F146734E,1
TRIDUYB12903CC15D5,1
TRBFURI128F1455498,7
TRLEPFM128F147FCB0,1
TRYWPES128F92CC853,9
TRDZRHZ128C71963F3,1
TRDGFON128F148D2F8,3
TRIWBXM128F9350128,1
TRHFVQV128F42917BC,4
TRLUWIJ128F4272BBB,38
TREEZOU128F1452488,6
TRCJWLA128F148CED8,4
TRJLVOB128F931EB19,1
TRGZPIY128F147ED98,24
TRJMRQA128F42A297A,1
TROZRKH128F92FA94C,2
TRVYWXW128F9347CA9,5
TRVQBRZ128F423EEDC,15
TREOJWQ12903CC6C7C,5
TRQFJQT128F933BCB8,6
TRHDWPJ128F42937F2,1
TRAHZHD128F1462C2D,36
TRTUULL128F4213D9E,14
TRBTEUO12903CEBC92,7
TRIPSXI128F92FD8B2,1
TRYDDHM128F426A2E5,7
TRVGSEL128F92FE823,2
TRDGPOC128F427ED2B,8
TRIVNWM128F147EDB0,21
TRPUHDN128F149A265,1
TRWVFUS128F147EE01,20
TRZOKKF128F145EC4C,2
TRMCZXJ128F92DC032,1
TRHMQWS12903CC1B3B,4
TRSZJTQ128E0786A4F,1
TRGAFMD128F148CDA3,1
TRGXHVK128F933ABBD,4
TRGOFWM128F92F3BC0,1
TRBTGRS128F1459BBF,7
TRQLLNY128F932A32A,10
TRYWCHP128F427EF31,2
TRDBGZZ128F4289C74,3
TRUDTFF128F148C151,1
TRQIJUE128F92E22CE,4
TRQBBDA128F4263B37,5
TRBHPYH128F428F96F,1
TRZRVRH128F92E5212,1
TRXAIQU128F92FE783,1
TRZJGZK128E0793FA4,1
TRRLOKY128F93284F9,1
TRJBDVI128F147EDF3,21
TRKBBNZ128E07917B3,2
TRIFLSU128E078216F,4
TRCKPYW128F9335DF9,1
TRATAMM128F146A0A8,4
TRMBEMY128F422FC22,5
TRCUSTO128F148B0F3,1
TRJPDSF12903CDFCA7,9
TRHUNZT128C719654E,1
TRTGEGM128F14B1091,1
TRYEYGR12903CF1375,3
TRDXDBB128F931C99C,2
TRYIDXY128E0787827,4
TRCDWVI128F42AEEF2,1
TRIICRA128F9322BAF,1
TRRTAAT128F149798E,1
TRFHFCN128F1459966,2
TRDQJEN128F42A65EE,1
TRJGAHT128F4287040,5
TRQEOVI128F9303BDE,1
TRKEQUB128F4269DC4,1
TRHYHGH128F4292ADD,1
TRRXQUF128F4253B27,1
TRCHDYI128E0799A62,4
TRSDAPG128F425C6EE,8
TRLKHGY128E0795523,46
TRVFSIF128F148013D,2
TRXBZLL128F148D3E1,1
TRFLSSF128F425AA4A,1
TROSCHX128F9311CB4,2
TRBRRGJ128F427BE50,1
TRPIJRN128F42B2FC9,2
TRKIKDS12903CFB7BC,1
TRDMGVQ12903C9D0A0,1
TRUXLWW128F14567C4,10
TRUATYW128F42ACF57,4
TRSROOS12903CE26FD,3
TRKSMKQ128E07918F8,12
TRQWDPF128F933BCA3,3
TREQWIJ128F148D3D3,4
TRBXFBB12903CDF91C,1
TRCMZXE128F92E232A,1
TRMPIOZ128F931D519,7
TRTQXLX128F1469848,25
TRAADLN128F14832E9,2
TREVQFK128F4267577,3
TREJAUV128E0792A2A,5
TRXKJYD128F4277865,13
TRWOCUH12903CDD867,1
TREROPD128F1496A5C,2
TROIXJD128F4279769,1
TRZIYPA12903CF1365,7
TRKAZKT128F425D555,1
TRDAPYV12903CD776B,8
TRMPEPM128F92FD91D,2
TRQTWSE128F4268FC3,1
TREVJGE128F92EFACC,1
TRWSQZH128F92D513A,2
TRACSEJ128F4213D97,14
TRYZPUG12903CF47E6,6
TRIAYBJ128E0799A5B,8
TREVTES128F1460D17,1
TRSSAGS128F92E697A,6
TRMBHVY128F429D876,1
TRYBPSM12903CC52B1,1
TRJQQTC128F1492FAD,21
TRSVMCK128F4230399,1
TRPYWQA128EF348613,1
TREAOKN128F1469322,6
TRIFKJG128F1458AA3,1
TRKYKCZ128F42952FA,3
TRKHXGY128F4298750,1
TRGGRYG128F4286C5F,1
TRGKETW128F1458540,21
TRUSPHF128F425E07F,1
TRIKHJY128F92EC203,1
TRYYDSF128E07990B5,1
TRYYBEF128F4287B57,1
TRGVHKP128F427A4D9,1
TRWMZEV128F92FD399,1
TRZVRIB128F147EDF0,20
TRIZFTB128E079437D,8
TRBIXXF128E0794FA3,1
TRZFNXW128F92FD8F8,12
TRHPOMN128F145247C,7
TROQQLV128E078B15F,1
TRRWLJU12903CDB2CE,5
TROIESH128F422EEA3,3
TROEAEE128E0793F8F,2
TRCDBSQ128F92F02A0,3
TRDSPGY128E0793AEE,2
TRODCUN128F42676B2,1
TRMAQBC128F423EC19,1
TRTACKX128F4261EDF,1
TRZABVF128F145876E,1
TRNHGBY128F4279B99,1
TRCOFQY128E079238E,1
TRDVSLX128F92E71F1,1
TRPMGHH128E07917AC,12
TRBWPCC128F147EDFF,22
TRWMCTZ128EF344225,1
TROCOHX128F92E2B5F,5
TRJZEBT128F92EBF9B,7
TRNQJDI128E0781A09,3
TRJIOYR128F930CF66,1
TRBBYVD128F931AE0C,9
TRDYXZW128F428DFF9,1
TRMHEMZ128F92CA3A9,15
TRAPRBB12903CD28ED,2
TRJOIEI128F92E269B,2
TRXTHQI128F14623D7,14
TRMHOWW128F4284897,1
TRCESJQ128F933ABFF,2
TRWFFRG128F92FE8F3,2
TRJISIO128F145549E,7
TRBVGOE128F92F9D8C,1
TREUUOT128F4273F44,1
TRHBUFN12903CDB34C,15
TRBDTIH128C7196C2C,1
TRTGERR128E079436F,5
TRWQAFX128F428DBB0,1
TRWDREN128E0794371,7
TRSHCRQ128F42745F9,1
TRBRQGZ128F428DF1E,4
TRFTNIK128F147EDA2,22
TRQQQVB128E0793AB1,1
TRGEGJN128F42B4541,1
TRAUJPR128F92CA3AF,32
TRVGEUN128E07917AE,1
TRIEKKP128F1467085,1
TRGDXAG12903D01A88,4
TRIFVND128F423EEDF,17
TRHDFYF128F1459959,8
TRLCOPW12903CF7216,1
TRFRFTB128F145FB46,1
TRZHSFB128F147EDEB,25
TRARBMV128F42283B1,1
TRDMVSN128F146129D,27
TRQGBPK128F428C252,2
TRAWNCE128F4278892,1
TRQRKTR12903CF7372,1
TROGCDB128F1459C40,3
TRSINVF128F93158EA,1
TRBSEUD128E078D287,3
TRTHPNA128E079385B,1
TRDKXRR128F42435B2,21
TRJHRUV128F1491938,1
TRRYRMZ128F9329DE7,1
TRQFRHQ128F426318E,3
TRGHJFY128F14570AD,4
TRTPUCY128F92D7366,1
TRSAHVW128E07950B6,1
TRXBXZT128F42A8E06,1
TRJALFW128F1458672,23
TRCPOZO128F145933F,2
TRFAWIZ128E079939A,2
TRJUDAD128F92E8AB5,5
TRCBYXV12903CBB625,4
TRHWGCZ128F42B328C,1
TRKOHRW128E0799A40,2
TRXQLQW128F92CD396,1
TRMLGGZ128F14633C3,2
TRGDWDM128E078DF7A,1
TRLLEBS128F4291A18,5
TRIISQS128F1469CCC,20
TRWJXAU128F424BF46,6
TRBHHCH128E07883D3,7
TRQDMYW128F932B99F,1
TRGIOYX128F426A837,4
TRQRCBM128F14640C5,1
TRKLBWY12903CE896E,1
TRAAPVB12903CDD85D,1
TRKSMQF128F42B98E4,1
TRWMFMK128F424EA34,1
TREFHCU128EF3685ED,1
TRNRZEN128F427A069,2
TRTPXWT128F92FE179,3
TRKBRPY128F14629B9,8
TRNSCQT128F1480E56,1
TRNFWKW128F93451DA,1
TRHZUGK128F933B8CA,1
TRYHTLF128F931C653,1
TRJPTJF12903CED258,1
TROJBMV128F92F3B99,3
TRVKSSM128F14640D1,3
TRFWCHU128F4255E1C,1
TRZUBHV128F145528D,1
TRZPVLJ128F148D2F7,3
TRONTOV128F1495BBF,27
TRFOXFT128F14959B6,1
TRBDAEO128F933ABB2,3
TRUGUIU128F92CA3A1,17
TRGNBCM128EF342A4C,1
TRLMIIK128F934112A,1
TRRSHHN12903D0043B,4
TRZFGAB128F425987B,1
TRNXABZ128F14B104D,1
TRBATCF128F14546D9,7
TRZWOZB128F1458538,24
TRDLQMU128F14557E9,7
TRQQWJD128F92EABC8,7
TROJHGF128F14AC261,1
TRZLMMG128F42724E7,1
TRPGGCU128F92F8FFC,2
TRCMAHC128F424E83E,1
TRIKHEC128F92F9D08,2
TRSHAQY12903CA26EF,3
TRDWQVY12903D009F2,1
TRPSUCI128E0793AEB,1
TRBPDFQ128F42ADE3D,2
TRHMSLR128F4293F76,2
TROQELE12903CF3A23,1
TRBYTPT12903CDB366,28
TRYBVUJ12903CE26A1,3
TRNHLRT12903CB443F,2
TRFCYGB12903C97CCC,1
TREKXKZ128F4263027,1
TRHVOUO128F92F606E,1
TRSBUCO128E079436C,11
TRSEJHG128E0792DDA,1
TRBLWNT12903C97CD0,1
TRGWDLS128E079307C,2
TRJYGWZ12903CF9CFB,1
TRZVLJP128F931F590,5
TRSAUCP128E0795513,53
TRZYESA128F148D67F,1
TRCNVLA12903CF6052,1
TROMBCU128F425FA4B,4
TRTTFLM128F9359A6C,5
TRQRHSJ128F1456B69,7
TROXTOO12903CA143E,4
TRWIHVQ128F1469328,46
TRHKIGP128F1458543,25
TRHNIYR128F1477BB4,6
TRJFQNX12903CA74EA,1
TRARSMV128F1469CCF,24
TRINTJW128F92FE892,4
TRLHELL128E078D28B,1
TROLYAE128F934C593,1
TRBUSSP128F4277DE6,4
TRYHOFM128F1455495,8
TRCALRY128F14A2A54,4
TRMAEGR128F14554A0,8
TRGQOWG128F92F8B00,1
TRXMAFY12903CE9E8A,1
TRONYHY128F92C9D11,1
TRCMFAN128F42706BD,3
TRASQZZ128F42716DA,1
TRASBQO12903CD9E0E,1
TRXLBZA128F92FE84A,4
TRLJJHV128F92E2334,4
TREGNYO128F4291917,3
TRXUGUY128F425D455,1
TRWOCQF128F9307B53,3
TRFHJBS128F4263014,2
TRTWTKQ128F4293CA0,1
TRHGYJL128F93091A5,1
TRQZMMD128F4299947,3
TRBWDWQ128F1456B51,1
TRLXKPE128F1469317,22
TRLOKWB128E0784012,1
TRYULQT128F4297F34,1
TRLNPEQ128F1456B6E,5
TRUJDJG128F1480E4B,1
TRPSLCW128F9301F83,1
TRRVASR128F14567C5,10
TRSEDUR128F423EC1E,3
TRPRNHW128F424ED5F,1
TRGNMID128F145BF9A,5
TRLTKPP128F92D6797,1
TRBMYFW128F425A74D,1
TRUQEIN128F42312ED,2
TRGKWVL128F1469C27,1
TRTFNML128F42700B6,5
TRQWRYZ12903D0B763,1
TRUTURG128F92C3BF5,4
TROGWRI128F4272C5E,43
TRXIAES128F1467488,2
TRYWCCD128F4263190,1
TRXETUY128F425C6EC,11
TRZOJUH128F93451E1,1
TRIDSGX12903CB101C,1
TRWMQOX128F147749D,6
TRYWCAJ128F9345145,1
TRUSJNS128F429EFD2,1
TRPXZMM128E07993CA,1
TREEUTT128F427EFC2,3
TRLELQK128F1477283,1
TRLUGOR12903CDB355,8
TREBIJJ128F92E7D2F,2
TRAADMH128F9343E59,6
TRMYRZM128F4284B82,1
TROLFXC128F92C7F1F,1
TRLDHIB128F9310E94,1
TRNULIL128F933B0FB,1
TRXHSAI128F933BC82,6
TROYVBX128E078B322,1
TRWAHLB12903CC729E,1
TRYYMYX12903CA7DFA,1
TREIYHL128E0785529,1
TRHUHYC128F14674A0,2
TRBZMGS128F42AC2F9,1
TRPSTRX128F14591B3,1
TRIFIMG128F92C2E39,1
TRTBCGQ128F426BF7A,1
TRGKZYY128F92E8AB7,9
TRNBCHY128E0791511,2
TRJWNWB12903CDD85E,2
TRDCTMI128F147EDA4,25
TRZDLXJ128F9335C76,1
TRUVSQE128F429323B,3
TRGLURC128F145A6A3,1
TRFGBMU128F4284B76,1
TRSPKRG128F4239307,1
TRPIXJJ12903CFF238,2
TRRZBUQ12903CF7758,2
TRUJNTT128F429199E,9
TRGVJBR128F92F39BB,1
TRHFRCT128F426670A,1
TRCOKQD128F9351CF0,1
TRKVLYC128F42623BD,1
TRSBLDP128F9309198,2
TRWZJBP128F147A651,1
TRULDQT128F92EC214,2
TRJYKWF128E0784DA2,8
TRAGOBU128F92E24DD,1
TRGEKGQ128F1467E2A,17
TRLNJOX12903CA2CC1,1
TREKBMA128F14B024F,1
TRZBPAA128F92FDDA8,1
TRFFZHL12903CBE0A9,1
TRIWPUK128F1462C32,33
TRPSCBR128F92D427A,2
TRMSDFD128F425C92E,13
TRPCZJS128F4298D61,1
TRIVSXE12903CE29FE,6
TRIZIRN128F426BE2B,1
TRIXKHH128F14B0B7F,1
TRQDUMO128F92E3896,1
TRTMSRY128F14612A2,26
TRDFXMG128F146353E,1
TRPXKXB12903CB440A,3
TRJVMMA128F1463537,1
TRXJZZY12903CD6BA3,7
TRNNXVT128F4262C0C,6
TRTJSBZ128F426A23B,1
TRUAFIU128F92CFD08,1
TRGTZRQ12903CB2298,1
TRZTWIH128F92CC899,1
TRKUSLO128F42A65EF,1
TRLOPDO12903CFF6A2,2
TRSJBPA128F9307B42,2
TRJJQXE128F429FC56,10
TRHWGQT128F145853A,25
TRVYPDH128F425C8A1,63
TRWTLZC128F4260B56,5
TRBOIVD12903CB8F06,2
TRKLDGM128F4263020,1
TRHZCCN128F933A951,1
TRXVLQC128F9324EFB,1
TRNOFZN128F42721F3,1
TRMNBLK128F92F981F,1
TRUFKEO128F92E7D0C,1
TRCEZNW128F149A26F,1
TRTFFPD128EF34DE7E,1
TREXCHD128F932C2C8,1
TRGLFRP128F428ACC8,5
TRHJJZE128F14A2B3D,1
TREZDXZ128E0780C30,7
TRAFMHY128F92FDDBF,1
TRGCHLH12903CB7352,1
TREOVEA128C71963F5,6
TRFRRAN128F4262505,1
TRFYGPG128F421508C,5
TRPUGUW128F426BF6F,1
TRYEDQC128F1458663,23
TRDWAMS128F4263016,1
TRPDMBK128F42767FC,2
TRBQKFB12903CA6B21,1
TRQDUVJ128F4294017,1
TRNKOQF128F42662FC,1
TRBQSTB128EF34DE8B,4
TROUQZK128F4270DB7,3
TRCDFGD12903CB8F57,1
TRHLGQQ128F42AEEF7,1
TRSSPPR128F92C3A4E,1
TRIBGOF128F42AC2FB,1
TRAKHNM12903CE5A16,1
TRMFJJR128F930C7EF,5
TROHMKN128F429FC4F,5
TRTBVJS128E0795B98,3
TRNQFVE128F934C056,11
TRZJLOM12903CC2A2F,4
TRKFKWY128F1495BC2,23
TRVRDYC128F1492397,11
TRXSIKC128F4259921,1
TRSLYDW128F423EAA5,1
TRSNJCY128F426414F,1
TRDKXFQ12903CDD86D,3
TRZDPCT128E0793AE9,1
TRZRUEZ128F146A0A9,5
TRREUOI12903CDD861,1
TRNYTCJ128F930CFDB,1
TRDKCTS12903CB0D64,5
TREVHQM128F92F94BE,2
TRFGJHZ128F92FE96B,2
TRURKIP128F1455496,11
TRPFUKY128F9327C9D,1
TRTAXHV128F1480E4F,1
TRIUUGT128F14546DE,5
TRLPYPO128F92FE874,4
TRLPGNY12903CC2A23,4
TRCNKDL128F92F3B91,1
TRDOKZN12903CF1355,4
TRTYGWW128E0794FA2,2
TRCZKAL128E07932FC,2
TRICOAO128F1460F9F,6
TRSEPCD128F92E22C6,5
TRVGPSW128F933ABEF,3
TRGVBRJ12903CD3A2F,1
TRHCKHI128F427EC6F,1
TRZXOFG128F426648D,1
TRMALTT128F92CB677,1
TRLKOAV128E0798CA9,1
TRGELKF128F14683AC,1
TRGNGTR12903CDD869,1
TRTFOSN12903CBD7D0,1
TRZVSRJ128E0784674,1
TRKSYXJ128F42702BE,2
TRYTQDZ128F1460F9B,1
TRHIVJN128F9305B0B,50
TRIYHIG128F14647D4,1
TRLPNBT128F92F1F8B,1
TRRZVQY128F423C9FE,1
TRGQDXC128F428A179,2
TRKWNMR128F92D7364,1
TRDTJSN12903CD9DF4,1
TRHIFBF12903CF47DF,1
TRXWLLE128F92FC125,2
TRMEMXA128F92D737F,1
TRYDCEO128F4262926,4
TRVNYSZ128E0792A2B,6
TRWYTZM128F92F9CFE,4
TRCVNSW128F146EBE3,2
TRKRJDA128F1467E2E,7
TRRAAKP128F92D736E,3
TRLZXAE128F1460235,5
TREXVDM12903CC729D,2
TRINTLX128F14A2A56,9
TRWIBWY128F4250D69,2
TRGENMC128F4263658,4
TREIXUS128F1474B27,2
TRDGCIZ128F14640CE,3
TRJDBGQ128F92E2324,4
TRINXSC128F428A164,3
TREQBOY128F145F8F7,1
TRJOSWG128F4227B8E,1
TRWQQJK128F1495E02,5
TRWIZSZ12903CB4430,3
TRWSQIV128F1496A5B,4
TRXQHER12903CE3E1E,4
TRPCNKK128E07990A9,1
TRKQHRE128F4257BA6,1
TRFHLYQ12903CB0446,2
TRPXVJJ12903CE52E8,7
TRSAFEL128F4263031,2
TRXKDMD128E0795512,55
TRDJLJZ128F4252EF0,1
TRAPKBI128F92F9D33,2
TRZAFKT128F1462C2F,36
TRWFKTD128F934C020,2
TRXBBGQ128E0799399,63
TRZAWAN128F92E7D8E,1
TRXMJMD128F146AE5B,41
TRMXRWO128F933A955,1
TRJWHAE12903CD763D,8
TROLBZW12903CF1367,4
TRYNQCQ128F931D3EF,40
TRUCRCQ128F14721FD,1
TRILGEZ128F423EBFC,4
TRCVWNK128F146749F,2
TRODATN128F14629BC,10
TRMMJQR128F93421C6,1
TRSADNZ128E0799A43,17
TRMOZVH128F148D323,2
TRSPGXX128F92D7388,2
TRTMXFX128E079437E,8
TRACLBE128F1485B63,1
TREJCGJ128F148A1BE,1
TRNIHYG128F4276806,1
TRGIJDQ128F92FD38C,2
TRCEJOV128F14629B8,6
TRNRZWJ128F148B227,1
TRBPFAC128F92EC1FB,1
TRVVOKJ128F9347EB8,2
TRMIPWX128F92DDEB5,1
TRTBCYA128F9307B50,3
TROXCZP128F92F02A2,3
TRIMBRR128F1467536,1
TRBXAHV128F9316893,4
TRGOVMB128E07944D2,11
TRDPDBS128F92E6E25,14
TRIHNSZ12903C9FF9D,1
TRGVWHW128F930699A,2
TRDXPTV12903CF9CFF,1
TRGGJOD128F426A66E,1
TRYEKPM128F42691B0,1
TRVTJUU128E078D74F,1
TRHJFUW128F9325844,0
TRYGMEP128F425D971,0
TRPMIDL12903CE5A7D,0
TRQCLSG128F4246B11,0
TRVJJWW12903CE67AA,0
TRPFNGI128F148A310,0
TRTKPQY128F422AE63,0
TRJUTCR128F42408CC,0
TRVFZIP128EF34569F,0
TRMAFSC128F4260C94,0
TRCPKSE12903CF3444,0
TRUJKKX12903CA4DE4,0
TRKSYKG128F42681F0,0
TRESLYA12903CF3EA4,0
TRRYKCJ12903CBA1D5,0
TRZVCPG128F4240D6E,0
TRQVIAD12903CE41F8,0
TRJCQSN12903CA981B,0
TRGGTRO128F4280CC9,0
TRJJENU12903CD9297,0
TRHPSDO12903CE5189,0
TRPWSSL12903C97CD2,0
TRSLCVT12903D06116,0
TRGVQXO128F92EA2C5,0
TRVRNZP128F4224C30,0
TRJHISB12903CE4739,0
TRANSMQ128F428EE48,0
TRKCYJK12903D00022,0
TRVNIBS128F933CA0C,0
TROLEXM128F933F8C0,0
TRGTMRT128F429C213,0
TRFAYVM128F146940C,0
TRDBXGP128F428299F,0
TRMDJXN128F148AD8F,0
TRUDFAV128F92ED857,0
TRJUIKL12903CB1112,0
TRNJXIJ12903CE13B8,0
TRAXPHE128F92F4100,0
TRCIFIX128F933096A,0
TRSEAUF128F423DDDA,0
TRDYDHX128F92F5262,0
TRBZBFY128F14525A1,0
TRMTITX128F4241368,0
TROYBVX128F9358422,0
TRMJCEK128F4228BB4,0
TRZCHMD128F4278ED6,0
TRUNCLL128E078454A,0
TRODMOB128F1462422,0
TRAGOGA128F931B127,0
TRAMMEL128F4227FE6,0
TRPSAAJ128F42ACB18,0
TRSDYRC128F42621E4,0
TRPBGTI128F9340D7B,0
TRLBKFZ128F42609B5,0
TRHLYNB128F42ACAEA,0
TRGBDYU128F92EFA63,0
TRGKEDA12903CFF7DE,0
TRKTJYX128F42304DB,0
TRGNGGA128E0783C22,0
TRUNMJX128F429ABBD,0
TRPGUIB128E078AFED,0
TREEOLR128F92C6147,0
TRFIBHI128F931DFD4,0
TRZSWOX128F42645F0,0
TRQTFOD12903CC480C,0
TRNSCIU12903CFBA0E,0
TRDSTHW12903D0C8D8,0
TRZMUTN128F423440A,0
TRPTVTR128F93450C6,0
TRDRYKU128F92F2797,0
TRARZSN12903CE84BA,0
TRKIMFK128F4296EB7,0
TRMNLWA12903CE0F89,0
TRVIHGL12903CB50E7,0
TRQNQLK12903CD04AD,0
TRWVYRG128F1453962,0
TRDUANE128F9309221,0
TRFCDOM128F4240C6E,0
TRCRCFS128F92E2EFF,0
TRCALND128F92CC90A,0
TRRFWNA12903D09B47,0
TRKJNAP128F1456B36,0
TRYNWCQ128F42377A8,0
TRFWQMB128F427B51A,0
TRRKHUS12903CD7F64,0
TRLTJEN128F92CC8D8,0
TRJOHES128F149B04B,0
TRTHCYD128F92D8079,0
TRLCQZJ128F429B4B6,0
TRWWYOO128F9305574,0
TRTGEGA128F1463B7F,0
TRVYMSP128F930A711,0
TRMVVLE12903CB30B0,0
TRJBKHR128F14ADB3A,0
TRNXLSZ128F422F38B,0
TRGTCSC128F92D7F76,0
TRPOTHT128F428B74E,0
TRCXSUI12903CFF5BD,0
TRYRNFU12903CC64EE,0
TRFCGMA128F4265C7D,0
TREVNPB128F42A9CA7,0
TRCCGWZ128F4266577,0
TRMNQOG128F93466AF,0
TRFVMBT128F92F41A7,0
TRIUNQH128F425D972,0
TRMSPDS128F932C84E,0
TROYAUR128F42A841F,0
TRCEJPR128F4265C78,0
TRAZOGQ128F14768A3,0
TRPUVZJ128F426F2B2,0
TRLCFAD128F14832F9,0
TRDJSZX128F932110D,0
TRDVPCC128F92F8665,0
TRHFJIP128F1490D75,0
TRHWXLB12903CBBEB9,0
TRCJUMI12903CB30EC,0
TRAPJUS12903CB0BD7,0
TRLMCGD12903D02D61,0
TRARRSU128F92CD006,0
TRJXFIB128F4287BCB,0
TROMQDJ128F92EDE66,0
TRDFJDS128F428E38C,0
TRUFEBP128F427BAD8,0
TRHFBRL128F145BC00,0
TRIKDXH12903CE430C,0
TREYZHX12903CB5405,0
TROZAZG128F92EF5E0,0
TRKBTQW128F42720C0,0
TRHFSCS128E078B86E,0
TRIGEZW128F1464F34,0
TRJFEPL128F147B53F,0
TRZCYBK128F4250081,0
TRTUQES128F92E55D1,0
TRHBDMM128F1465ACC,0
TRBEZGJ128F147BE8C,0
TRKGLRV12903CE26C3,0
TRHXCCA128F14A0EC5,0
TRSIOTB128F932C0BD,0
TRDTBTH128F9347E9F,0
TRTRQHM128F146B542,0
TRUDWRR128F4242286,0
TRVIMZX128F1489D32,0
TRXLWCG128F9315506,0
TRMIOIL128F1457E7B,0
TRBQZRB128F42AA6ED,0
TRJJOEW128F92DFBEF,0
TROCLUD128F4278FBD,0
TRXHKDI128E0791795,0
TRYTLRH128F42AE85E,0
TRERIYQ128F4296332,0
TRAAHPF128F424091D,0
TRJXGPM128F422F3F7,0
TRTIMJH12903CCA160,0
TRXTIZY128F14921FF,0
TRXDZTN128F148C726,0
TRWEHME128F4253691,0
TRTKNSN128F4254066,0
TRYYHAG128E0795105,0
TREUYSG128F145CB18,0
TRDAJHE128EF364186,0
TRLPAXI12903CDE602,0
TRPKOGN128F933AE2E,0
TRQJJNP128F42756AA,0
TRETHCL128F42AD9AE,0
TRDBSUJ128F428318E,0
TRVVFUJ128F427ECD0,0
TRZQQDD12903CB348D,0
TRUWEJS128F932352C,0
TRRSGZF12903D0C976,0
TRMWPDB128F14A2EBC,0
TRYCCEO12903CA3313,0
TRIQHXY128F934FBCA,0
TRSTEXD12903CC593F,0
TRHUYUZ128F931BEBB,0
TRUSTTR128F4257F79,0
TRCUVLH128F92D435B,0
TRWYCFP128F427D5A4,0
TRAYVVA128EF35F592,0
TRGLHGI128F92F4162,0
TRVXROD128F9305B58,0
TRQMACH12903CF829F,0
TRFFYPN128F146C11F,0
TRIHVQP128F423EF71,0
TRANWOG128F4265FD1,0
TRMCNPT12903D11239,0
TRECOBR128F930B3C6,0
TRSZCSY128F4263839,0
TRWKGKT12903CFBD34,0
TRXOLAF128E078E932,0
TRZXKXF128F145BBFF,0
TRBMRZU128F423CCC6,0
TRRZQCM128F92FC452,0
TRRQDCE128E078A490,0
TRIQQHR128F1463654,0
TRRVMQU128F93032CB,0
TRLVZKH128F4262C30,0
TRZLXVV128F421E5F4,0
TRSJKOV128F424B5D8,0
TRMXNHE128F4239E77,0
TRDSTZB128F427E41D,0
TRYTIPA128F930F033,0
TROCLTT128F92DE848,0
TRWFQYJ128F1484CE9,0
TRZUWZH128EF366F88,0
TRULHBY128F146B5C0,0
TRRCQMR128F146C147,0
TRRQHQQ128F931EC46,0
TRNQQCL128F4248298,0
TRWRGOX128F9327142,0
TREEOCZ128F42AB649,0
TRQAYWN128F14908C1,0
TRPZHFN128F149F0DA,0
TRAAYSP12903CA7657,0
TRXGQTP128F934EC6E,0
TRHLLPN12903CE3414,0
TRSKXMY128F4249F3F,0
TRFKBZZ128F14A07CA,0
TRRZPEK128F9301A4A,0
TRHREWQ128F428B47F,0
TRHJOFO12903CBFDE9,0
TRMXUWB128F932955C,0
TRGZECW128F14ACBDA,0
TRWHWID12903D0A7D0,0
TRPJGQS128F42701E9,0
TRGSIBF128F4240B9E,0
TRDLXGN128F92CEE6E,0
TRAVOQV128F145B8BC,0
TRZIRGM128F14A19B7,0
TROUSKZ128F146A1F8,0
TRIDGNU128F147B602,0
TRPWXRD128F92CFEBA,0
TRHWAKH12903CC4596,0
TRYZRGU128F93085A9,0
TRIDCFQ128F14637A6,0
TRUNADJ128EF344046,0
TRVQPVB128F4241B62,0
TRRJWYM12903CB0343,0
TRSGIRP128F145F7C0,0
TRGOVLI128E0781A20,0
TRAZWRJ128F426C38E,0
TRXOQAQ128F4259C3E,0
TRJBFCY12903CA4A71,0
TRPLOFI128F934D47E,0
TRYWKAY12903CD7316,0
TRSUBIM12903CA1187,0
TRFSTGU128E07831EE,0
TRINIZA12903CB5BA8,0
TRYECYP128F148AD57,0
TRECMPY128F934D4F8,0
TRZOEQZ128F4232A6B,0
TRNEQMU128F429E93D,0
TRGKTIC128F42A8EB7,0
TRKLNCX128F422B45B,0
TRPLAYO128F428E845,0
TRBHBHR12903CE7ECA,0
TRXDRIX128F145C1DC,0
TRBXJFH128EF340661,0
TRJYWRH128F92D71E5,0
TRAQIIP12903D02DB3,0
TRCJRJL128F9345245,0
TRJRHHD128F1482617,0
TRQTAVX12903CD200B,0
TRCVLFZ128F930C5AD,0
TROHFFU12903CB9082,0
TRBZESF128F930D1FA,0
TRWMQXE128F92D8C89,0
TRVJGFG128F425A377,0
TRDEMZZ128F42A522A,0
TRASINK12903CC483E,0
TRIWLOH128F148C631,0
TRPKPQQ128F93069CE,0
TREEBOO128F4269C54,0
TRFYGJS128EF365191,0
TREOZOC128F9333795,0
TRQMBNT12903CFCD0B,0
TREMGTE128F9311A02,0
TRQMNUP12903CBCA07,0
TRMDGWF128F4285969,0
TRHQLXS128E07831A6,0
TRNVLNW128F426C102,0
TRMIBKY12903CDF53A,0
TRETTHJ128F9333D9F,0
TRYYUWH128F4293DF4,0
TRVHMFF128F92F8FAA,0
TRLLJCJ128F4240BA6,0
TROADST12903CDA13E,0
TROTLQZ128F1475902,0
TRFCEJA128F423B292,0
TRIPEES128F4226845,0
TRWHZUQ128F9330188,0
TRZAZKV128F424C7F1,0
TRPXQHU128F427A84A,0
TRKFVNU12903CA6AEB,0
TRPXMQA128F427A8CF,0
TRMJUZZ128F429FB17,0
TRVJQXC128F146088F,0
TRYMWBC128F4259811,0
TRLPGXF128F14A2E24,0
TROOJSC128F149A768,0
TRWXOPB128F92F85E2,0
TREYVMM128F4290F8E,0
TRDCCYQ128F93044DD,0
TRKOMIN12903CD90FB,0
TRSPWCE128F425E698,0
TRVLLNZ12903D06E1D,0
TRFCWBX128F427EC5C,0
TROTVDC128F426C500,0
TRQNDWC128F92D21EA,0
TRIKPJE128F92FAC7C,0
TRZFRWY128F934EC76,0
TRJBPZP128EF34E0F4,0
TRKKSHK128F425C932,0
TRUOQXF128F92D01F5,0
TRCKFJN128F427F345,0
TRHYNTA128E0783AEF,0
TRVGNVX128F92F1CFB,0
TRAVYRR128F423C597,0
TRPTSEF128F9342027,0
TRSVBXO12903CF5FA7,0
TRABFTP12903CE6A47,0
TRNFNJJ12903CA97E8,0
TRUBHBM128F424D239,0
TRJMEKR128F92DBB19,0
TRSIOEA128F92F695E,0
TRBTEHD12903CD150F,0
TRVHVBY128F426A836,0
TRHYCEQ128F934716A,0
TRBIQIW128F4284956,0
TRTXDXQ128F92EE6A0,0
TRFQGZK128F9303B01,0
TRQSVXT128F4284DCE,0
TRJQHLS128F146605E,0
TRSHAAA128F9337BD2,0
TRPEYSD128F9324881,0
TRCFZSC128F42910A1,0
TRENNLG128F934324D,0
TRMXFYK128F428A65A,0
TRNMNXN128F934BD69,0
TRSEGZR128F92FBC25,0
TRDRAHQ128F427FE50,0
TRWOFIS12903CD481A,0
TRLGXCD128F92F8B41,0
TRZRFJK128F9307282,0
TRQGKFX12903CD9BEF,0
TRRVUMH128F1460DCE,0
TRPGXUG128F1492753,0
TRQKROE128F4265D2D,0
TROKEIO128F4243D8E,0
TRTZZQE128F422F373,0
TRPXNIP128F425DCF2,0
TRMVKBU128F425BB61,0
TRGXPPW128F4240890,0
TRYQMXV128F9343439,0
TRQZNZI12903CB069F,0
TRPXYYR12903CDB693,0
TRTFAVJ128F92F5EBB,0
TRWSRFJ128F930B322,0
TRFHCDC128F92EA2DC,0
TRWPNAU128F1466AA8,0
TRKXNLO128F14A4522,0
TRKULBD128E0792849,0
TRVWLAU128F42467F3,0
TRFOHKR128F4236EE4,0
TRHVXFY128F92FAD28,0
TRSLSQE128F14B0EA8,0
TRYVYKP128F4281C63,0
TRYJGXE128F934D097,0
TRCKHHQ128F426F2FC,0
TRVDDHV128F930B069,0
TRVIAJP12903D034EE,0
TRLNGTK128F92D015C,0
TROVYTQ128F92FAF50,0
TRSIJTP128F9309149,0
TRMXCUK128F427939D,0
TRPHTZW128F1488F36,0
TRTOPQT128F1476CC9,0
TRULSUT128F425E4EA,0
TRGLCHO128F428E9D1,0
TROZBAT128F92EF29C,0
TRKBOBJ12903CF3D49,0
TRZRUBG128F4257145,0
TRBUHXA128F92D6351,0
TRDWTOE128F93226FD,0
TRNRIGC128F14787E6,0
TRHTCYG128F932AA60,0
TRYBLYM128F427331C,0
TRVLMFL128F934ACF7,0
TREWWMD128F14A5A8A,0
TRJYEZR128F42262AC,0
TRVFLFE128F422496F,0
TRCUWCU128F4277FA6,0
TRHMIGW128F427B6D1,0
TROISKC128F42628D2,0
TRNQUUE128F92DD47D,0
TRPLWLY128EF35A2CE,0
TRUZVOT128F1458FEA,0
TRDYIAS12903CCDECF,0
TRIHNGF128F92E1A1C,0
TRPWITA128F9329DB4,0
TRCDZOH128E0794CF5,0
TRRLBHA12903C9FE28,0
TRGHRQE128F9338EE1,0
TRSISSY128F4274EBC,0
TROJFKM12903CAF838,0
TREPXGJ128F9310EAC,0
TRSSOTK12903CA01E4,0
TRBFDFA128F93662DF,0
TRHMUSQ12903CD7DDE,0
TRMPZTS12903CC6861,0
TRAEZAZ128F930608E,0
TRPYAUC128F148C5B6,0
TRHXFTU12903CF2A63,0
TRXTPUK128F92F6113,0
TRQMFUI128F4284AF6,0
TRQVEGB128F1456DD7,0
TRTFHRR128F427011B,0
TRIHBVE12903CD0844,0
TRBAKGD128F42339DE,0
TRMFATW128F933CB38,0
TRWWPNH128EF365D3A,0
TRXPPEJ128F147CC12,0
TRJOLSP128F935E38C,0
TRYGJSD128F423B2D4,0
TRYSOIO128F145B04D,0
TRRZFLX128F9349A60,0
TRGHBQT128F930BD8B,0
TRTPVDE12903CA8370,0
TRFWXVP12903CA726F,0
TRUKWBH128F4291E1E,0
TRTSLBK128F427C1E5,0
TRDZFEJ128F9316B26,0
TRPZNAX128F9324147,0
TRJONRR128F92E8D64,0
TRHZVJJ12903CF0326,0
TRJMJEP128F425CC73,0
TREJFIK12903CFA992,0
TRQCJDW128F426C67E,0
TRHNLHJ128F9302C50,0
TRSYNPB128F93278C2,0
TRIOUKZ128F149348A,0
TREVGZU128F9315ACD,0
TRBCHZF128F425D56E,0
TRSXTLV128F145F8E2,0
TRNJZER128F9317164,0
TRIKMQD128F9328D65,0
TRTCVYR12903CF75EF,0
TRHHNDK128F92FB8C0,0
TRXTZAI128F422D5C1,0
TRKWORU128F931773B,0
TRKTJWT12903C9EF5A,0
TRLRKRJ128F424A728,0
TRLKBEM12903D0F243,0
TRTPXNV128F145F492,0
TRYDJHZ128F92F68F4,0
TRMOLXY128F9333968,0
TRBRLNJ128F92F622E,0
TRXOIGO128F932F52C,0
TROZQJU12903CFFF12,0
TRTIABP128F423DC38,0
TRBHJCY12903CDBF78,0
TRFHSGH128E0793004,0
TRKJPMD128F92FFA3D,0
TRRMNWD128F423BE90,0
TRRXEBE128F9312292,0
TRSQPKQ128F9306687,0
TRFHWQA128F424A3A1,0
TRWGEPI128F42613CF,0
TRVPTCB128F92D79AA,0
TRHOTYY12903CC502B,0
TRPAQDI128F9305D3C,0
TRASGKM128F42644C5,0
TRFAVUE128F930CC97,0
TRGLAOJ128F427A49F,0
TRRLKMI128F147ED10,0
TRMJYGI12903CB0484,0
TRVLVVA12903CD4946,0
TRKJYSN12903CAFE69,0
TRCURJV128F92DB505,0
TRNUGJX128F146B5D5,0
TREOZTL128F425957C,0
TRWAFYF12903CCFD67,0
TREBNIY128F9348215,0
TRPVVIG128E0794413,0
TRDNSBB128F934AB9A,0
TRUZHGO128F425E7A9,0
TRDRCEQ128E078E0F5,0
TRGCIPA128F93272EC,0
TRRPIIA12903CB5DC4,0
TRWQODK12903CC4F8A,0
TRZWCNB128F1468F93,0
TRMBBXF128F4298D4F,0
TRXPAWZ128F4251D9A,0
TRQCLHN12903CDC9FB,0
TRNHQRL128F425BA4F,0
TRQIAFR128F426270E,0
TROPBYL128F4269836,0
TRJCDUD128F424ED74,0
TREKDUJ128F14976C1,0
TRBUOPL128F14B159F,0
TRYCJVB12903CC3921,0
TRBSSLE128F1460886,0
TRXIGTK128F930D4B6,0
TRQPTBS12903CDF88D,0
TRSOPXH128F1482BE5,0
TRXDTCU12903CC384C,0
TRHGFOQ128F425FB97,0
TRNLANG128F4289956,0
TRNKCLP128F4240987,0
TRTFGPP128F92E4974,0
TRDJACY128F148B2DB,0
TREOBQJ128F92D7F66,0
TRYZXKE128F428DF2B,0
TRCUKXH12903CC23E2,0
TRFYHGU128F9325360,0
TRPAWOE128F1463A51,0
TRXFMMD128F935A097,0
TRDGIKJ128F428FDC3,0
TRSOYXS128E0784F0F,0
TRWEDAS128F93060E4,0
TRNSPTR128F147872D,0
TRDSIXY128F92D32C5,0
TRXXCLI128F9305112,0
TROXUWN128F4265BC4,0
TRMRSDO12903CEA973,0
TRYZFFV128F42837AF,0
TRTKYRS128F42579B7,0
TRQVBGF12903CC4DC7,0
TRUWZJZ128F42580E0,0
TRLSSIA128F9308A44,0
TRAJOZA128F932650E,0
TRRYEZV128F4263323,0
TREXNJF128F147FB49,0
TREPTXG128F1495201,0
TRKFBYS128F14821F7,0
TRBXTOA12903CC8F2E,0
TRJYUGK128F4252F27,0
TRXBTXV128F93237EA,0
TRBUKGN128F423E4B5,0
TRUOWRV128F1452557,0
TRYTWIA128F42B7D8B,0
TRMXVQV12903CF8C8C,0
TRKRYIB12903CE7ED2,0
TRIZIQB128F42829EF,0
TRDXGYH128F145E2E9,0
TRVRMMY12903CBE897,0
TRPIRRQ128F92E743A,0
TRZBGSF128F4294692,0
TRKDKQG12903CE66E9,0
TRGQLUI128F4243FDE,0
TRQHCBJ12903CAB21C,0
TRCDMTH128F4257C0C,0
TRZWAZW128F92CF9B4,0
TRZXYTY12903D01AC5,0
TRMMUZX128F4226526,0
TRTOOTA128F427B788,0
TRXWMHK128F427B138,0
TRHMUQG128F93299DD,0
TRAMDUA12903CDCA62,0
TRWWUVF128F932D252,0
TRBEKRY128F9322543,0
TRYFRCJ128F149C2E4,0
TROMKLO128F145554B,0
TRNWTNP128F4240654,0
TRKAWKX128F9306D3C,0
TRLDPTN128F931A1C8,0
TRPRGSK128F92F3B86,0
TRSPKXD128F9319E67,0
TRMYWOI12903CEC22A,0
TROAIHU128F42960DF,0
TRXDQJT128F4266BAD,0
TRDVPFP12903CB4DE7,0
TRYIAWS12903CD465C,0
TRMRVOC128F14653F0,0
TRZZJDB128F4265DD4,0
TRYNDXA128F9339637,0
TRXYXUG128E0795642,0
TRQPJKN128F932B14D,0
TREPYUB128F1462C9A,0
TRDTFCB12903CB5523,0
TRDMKBV128F92F2D03,0
TRKKGKY128F4230553,0
TRODKMF128F92F97E0,0
TRBLQBX128F9342598,0
TRHYFNW128F9325353,0
TRNODSQ128F4258527,0
TRMWTRS128F421CCDD,0
TRZCTJE128F9331519,0
TRPVYMS128F1472125,0
TRXZVJU128F148BE92,0
TRRPEWN128F932E606,0
TRZKMUG12903CCE34F,0
TREISUG12903CEE244,0
TRDAGFW128F14987A1,0
TRFFFQQ12903CE0754,0
TRDSZDI128F4268F42,0
TRALHKQ128E078A816,0
TRFCYZD128F147AEBC,0
TRYVILL12903CD6291,0
TRKPRMN128F93001DC,0
TRCNDLS12903CAC8D5,0
TRMQJRM128F92FA04F,0
TRZODUN128F42440AB,0
TRCIKZM128F92C21CC,0
TRFXNKW128E078B11A,0
TRWYFEC128F4284745,0
TRXOTDN128F14636CA,0
TRVCNUF128F148AA11,0
TRVJCCL128F427970C,0
TRFWNEH12903C9E94D,0
TRTDGRI128EF347234,0
TRRZYHK128F428065C,0
TRHOYGC128EF350ED3,0
TRPEFLS128F42AA402,0
TRZWPJU128F146386F,0
TRALLSP128F148AD75,0
TRCJUZN128F42359A4,0
TREXAMS128F1464057,0
TROEHZP12903CE73A0,0
TRQCRTZ128F4238D85,0
TRUXEHY128F149007F,0
TRLIKRZ128F423DE16,0
TRMZLME128F92F6024,0
TRINSRI128F1480179,0
TRPIURI128F42519CD,0
TRLZWKH12903CB1647,0
TRADAZP12903D0A480,0
TRJPEZF12903CB141C,0
TRWMYBE128F931C32B,0
TRQYJMI128F14611C5,0
TREKGFQ128F427E786,0
TRDCTTH128F4246AC2,0
TRRCTHX12903CA87BD,0
TRABRLW128F930321D,0
TRMIEUB128F427E422,0
TRSRKEZ128F4269A79,0
TRUXLFH128F92FA0E0,0
TRHGMCL128F92EFA8D,0
TRNJJAC12903CEF2AE,0
TRMMGGU128F14A93DD,0
TRNWEUI12903CD5BC3,0
TRJKOEJ12903CC5737,0
TRDRJMJ12903CEA8E2,0
TRSAAMY12903CE182C,0
TRVYHXQ12903CDAF08,0
TRWPLOX128F9329D93,0
TREJJLL128F1462E03,0
TRKONSD128F9314EE8,0
TRTTCPN12903CDECAB,0
TRCBRCF128F145550A,0
TRBXLEE128F426DF58,0
TRHBKBE128F42202A8,0
TRDAVEU128F14A6785,0
TRZWQGX128F92FDD87,0
TRINVZS128F934B556,0
TRTQKQJ128F424152B,0
TRWSMYF12903CFA038,0
TRDXKAC12903CA560E,0
TRPEMIH128F932B210,0
TRRTEYK12903D07500,0
TRRRCET128F92DE96F,0
TRAPDIO128F933C680,0
TRFSSWW128F9326496,0
TRRCFXB128E078CE8F,0
TRFDLHP12903CE1C87,0
TRMUXJE128F9338A6B,0
TRNHIKC128F92F2838,0
TRDMJZV128F9337D39,0
TRHTOOT128F92F6F62,0
TRKAMUC128F931E67C,0
TRVUXZG128F92C3A0E,0
TRTSIIQ128C719691B,0
TRWKRDX128E07812A3,0
TRYOUOD128F424F335,0
TRTHKNP128F92FDC0C,0
TRWJBNS128F428BA12,0
TRIFMHY128F93465CF,0
TRHPISV128F14A8273,0
TRFOMRK128F426AE60,0
TROCLQH128F145C47A,0
TRSPRTS128F424F285,0
TRRXBLZ128F424C92E,0
TRKNKQP128F4246A6B,0
TRZOAYC128F92F1B4B,0
TRWPDJX128F423F9B2,0
TRYXQDV12903C9D78C,0
TRHYNVB12903D15D62,0
TRLPIYC128F93050D8,0
TRDKOUT128F93266D8,0
TRXCZLM12903CE4E47,0
TRUCAOX128F934522D,0
TRDWJYS128F422F17E,0
TRDANNC128F428B304,0
TRCHQDZ128F934B7A5,0
TRGNQSL128F427656B,0
TROPIGI12903CA7550,0
TRPJPXV128F42A07AF,0
TRKXDXM128F933EB14,0
TRXCTYE128F149E528,0
TRMQEYI128F1485B6A,0
TRBDEKL128F1458E5F,0
TRRFKHH128F42719F8,0
TRNNKWY128F1497CDE,0
TRHEAHO128F4265211,0
TRUHTEO128F14AE8D8,0
TRINHJC128F4280956,0
TRIRNCH128F4277877,0
TRRHYYO128E0792F79,0
TROVIYU128F423DF6C,0
TRJGIJU12903D03057,0
TROQXFP128F4248708,0
TRXPAVT128F423EB00,0
TRMBURJ128F42A83D8,0
TRTEEXP128F148D193,0
TRJPWGM12903D0A3F7,0
TRZFBXJ12903CC38D1,0
TRJTQEL12903CE197A,0
TRKGIZL128F93319C2,0
TRUVYEB12903CAC069,0
TRQNXCI128F92CCCF9,0
TRVWQLZ128F427EF0A,0
TRHDCAS128F428A6F1,0
TRQRJKD128F148ADD8,0
TRFXXJW128F148AF21,0
TRDZUWV12903CB52D1,0
TRMBCOT128E0792875,0
TRIZCUA128F42731B8,0
TRVEGFM128F424B5C2,0
TRLHWTH128F9322449,0
TRMFMHW128F933ED81,0
TRXGGRT128F423A3D4,0
TRDBGAS128F9309967,0
TRLBRDN128F145DACB,0
TRPCCOA128F92E42F1,0
TREFJEL128F427C2A2,0
TRFKIRU128E07829D6,0
TRBYCOL128F1495DDF,0
TRLWEEU12903CF7E49,0
TRNNBGN128F423EA8A,0
TRWWOIN128F92F200D,0
TRPBOPW12903CC14CE,0
TRQEZII128F92FF0BB,0
TRGXQPS12903C9AE3C,0
TRHUGLS128F146ED2E,0
TRQQADL128F4238BBE,0
TRMVQKI128F426B6B5,0
TRLLTGC128F92FD6B2,0
TRAVNON128F934AE21,0
TRKWQYN128F425CDE3,0
TRYSWEX128F92C6D0A,0
TRRCYKI128F423FDFC,0
TRSMQCH128F92CC773,0
TRUFZJJ128F932AA89,0
TRGWMMJ128F92E424D,0
TRSOIGP128F1456345,0
TRFZLYF12903CCB7CE,0
TRJVUJK12903CBA4D9,0
TRVTUXS128EF35EDE0,0
TRBMVFR128F42947C4,0
TRLNRZY128F1455D5F,0
TRVHOWX128F42884C5,0
TRVUZKP12903CCE8F7,0
TRSTWKR128F14867B5,0
TRKDWZI128F9307DE3,0
TRWIKGW128F4260B3B,0
TRVPJTQ128F9312B4E,0
TRLFAVW12903CE2D07,0
TRXSIAN128F92F1B22,0
TRXPMCA128F421A28C,0
TRWUNTP128F92D736F,0
TRCTZJI12903D0D0BC,0
TRANQVT12903CCAC8E,0
TRDXUOH128F146AB97,0
TRMIDBF128F423CD3A,0
TRVVYKP12903D065A1,0
TRWVEFD128F93285EC,0
TREVHSC12903D01B9D,0
TRKBDAQ128F92E26CE,0
TRILEQH12903CCEE63,0
TRQLBJH128F14525A9,0
TRIYBHK128F1460302,0
TREEJMM12903CEB469,0
TRVIWKY128F932B9AF,0
TRESGKZ12903CBF362,0
TRMSKSH12903CF455A,0
TRLHKYL128F92F8B77,0
TRTNWOQ128F9352DE7,0
TRVPKPX128F93146B2,0
TRFJKMW128F1497CDF,0
TRFPYNQ128E078AB7D,0
TRCEFWR128F14529B9,0
TRZATFY128F14520C3,0
TRMHBMG128F930ACBF,0
TRAZINI128F42470FE,0
TRYUZGR128EF34DC9F,0
TRYNTSV128F9361658,0
TRKBTYU128F425787C,0
TRGLVNO128F930B105,0
TRGWDCG128E0781637,0
TRMYRZC12903CF7DEC,0
TRKMSKZ12903CF6FF1,0
TRYPXOX12903CB68BA,0
TRJEVGR128F92F1A96,0
TRYSCFJ12903CBA2B0,0
TRVJAWT128F428BA7A,0
TRPKZEI128F4283CA5,0
TRQGNLF128F14840EE,0
TRFKKXH128F426280E,0
TRPIWTU12903CD669C,0
TRVFQOT128F9353FB7,0
TRGQLAP128F428FA33,0
TRINWYH128F428896D,0
TRLVPIR128F92D73E2,0
TRMPJGX128F423D928,0
TRJKZTC128F14676A9,0
TRFFDBA12903CD0854,0
TRMJDMJ128F14697E8,0
TRMRKCN128F9341667,0
TRJOHCN128F92CD9A2,0
TRINSSL12903C9C788,0
TRPUXNH128F932644E,0
TRHFUKH128F422EE85,0
TRJIXLF128F427D482,0
TROMKXS128F42BAAB7,0
TRYVIZK128F42553A2,0
TRAISZP12903D020F8,0
TROZDMR128F933593A,0
TRYFMIF128F92F40A6,0
TRELQTL128F4255C66,0
TRJVAVF128F146150D,0
TRBXGPN128EF34B394,0
TREAFKP128F426A299,0
TRBSTPK12903CC484A,0
TRGUKDE128F9339375,0
TRGLRZS128F421B4A1,0
TRWITIV128E078B2CE,0
TRERZXW128F93101E3,0
TRDUKFM128F1489B08,0
TRFZOZY12903CC00AD,0
TRKJCOA12903D079FA,0
TRVUAPI128F93475D4,0
TRUTNKV128F9342AE5,0
TRGSJUM128E0782B09,0
TRDVQQE12903CDB326,0
TRHYXWS128F1454B75,0
TRSDGZS128F421CE26,0
TRDSWUJ128F931ACA1,0
TRVEEZX128F92F9DAE,0
TROVUBN128F426BD03,0
TRJJALD12903CCD236,0
TRQJRTP12903CCEAC0,0
TRUWNPG128F42B9443,0
TRVEWML128F14AE1E2,0
TRCTQFR128F429809E,0
TRMEGPI128F427B222,0
TRMXOHO128F427D47E,0
TRRDIDT128F427FF98,0
TRMOUCS12903CAC446,0
TRBFBWR128F92DC385,0
TRLLYKL128F426F270,0
TRMYCDG128F935C04C,0
TRJXCVT128F422BD9F,0
TRDMOWW128F4261AAA,0
TRHUNZJ128F933656D,0
TRHAUMQ128F92D0E51,0
TRGNSUX128F1457EAD,0
TRTIIIK128F4262BF6,0
TRISTRU128F424B3FA,0
TRPAWYY128F14A7815,0
TREVXEN128F147AB52,0
TRIZRNQ128F4247FCA,0
TRJZORD128F427F176,0
TRNHPCG128F42B9A09,0
TRHZSAE12903CDD361,0
TRJUZIE128F92DDCBC,0
TRXXDYY12903D02565,0
TRHDELJ128F429726B,0
TRFMUSX128F426E6F0,0
TRJUHNU12903CC15D9,0
TRUUDQA128F4267406,0
TRNTDZP128F92F8F53,0
TRJRCUY128F92F122A,0
TRTUQEU12903D030EB,0
TRUGVCL12903CD14C2,0
TRXOMDZ128F145B3A0,0
TRTEQUL12903C9C737,0
TRCUQME128F4266399,0
TRDISGG128F14879D9,0
TRRMTJT128F4227624,0
TROQNER128F92DC536,0
TRYQYDD128F149561B,0
TRNGGDT128F931893D,0
TRMGTBR128F9356C52,0
TRIIUER12903CF4358,0
TRLRMQV128E07937EF,0
TRURZZH128F423B003,0
TRLUOIF128F9334FFE,0
TRMPMFP128E07938EA,0
TREDDBS128F422C132,0
TRYXSAR128F931F53C,0
TRLRYMM128F426C9EE,0
TRYBEFB12903CBF9DF,0
TRIQNSH12903CE4F39,0
TRBYIGT128F425AD53,0
TRTBQUZ128F14A4548,0
TREGGVY128F92F2516,0
TRHJPGD128F42A6B2A,0
TRGISUL128F92CF24A,0
TRVHCRO128F4264FDB,0
TRBWKAE128F4263C8B,0
TRTRHWY12903D0800A,0
TRDOYJS128F932FE1C,0
TRFGQOV128F4289656,0
TRUJQYQ128F427168C,0
TRNFITI128F149EF12,0
TRBVRZJ128F92FA028,0
TRTCJAF128F92E72D4,0
TRQDTKB12903CAF419,0
TRYNURE128F425FF35,0
TRTGXPB128F14B0DF2,0
TRAVLRI128F9366ED8,0
TRJCRZA128F93582BA,0
TRMMYMN128F930E7F2,0
TRHMHWK128F14ADEA1,0
TRLVIKC12903CF81B9,0
TRFLZOH128F14698CE,0
TRKIQPW128F9300A6E,0
TROUEOJ128F429C79A,0
TRJYRZG128F931B8D3,0
TRVBFDL12903CE7736,0
TRJNULT128F93155EC,0
TRVKXMD128F92D151B,0
TRPSERK128F42857C4,0
TRPXEAU128F9358655,0
TRPUDZQ128F4298DF1,0
TRZFGHI12903CF6F3B,0
TRLJUVQ128E079226F,0
TRVSCHV128F92F967C,0
TRYCAXJ12903D114FB,0
TRIWQZA128F9303F48,0
TRIBYZQ128F93087B8,0
TRHBKYF128F93092AA,0
TRZSKSZ128E078B60C,0
TRWVPQH128F14A926C,0
TRQIELF128F147ECBC,0
TRLFKEW128F429497D,0
TRNAEDW128F934C975,0
TRHDSQW128F4259DBA,0
TRJVSVY128F146DF62,0
TRREQUF128F425B44D,0
TRPGPUO128EF35FA33,0
TRWCWYU12903CB04A2,0
TRBPPDE128F428BC8E,0
TRMKVKR128F4259433,0
TRDAHRF12903CBB9CB,0
TRXXFUJ128F92EA6C4,0
TRQCLQH128F1463534,0
TRNWSXI128F931277C,0
TRUGLSN128F92C2C94,0
TRTYCDD128F92F847E,0
TRCARJQ128F425A389,0
TRBMXJX12903CE225D,0
TRNOHMN128F92FC2AB,0
TRSSBJP128F42397CA,0
TRGQFUZ128F92ED646,0
TRPMFIS128F4233E25,0
TRGNYWF12903CD5094,0
TRHWXWQ12903CB5395,0
TRFVHRN128F1486908,0
TRCMZMY128F92D2BB3,0
TRVEQJR128EF34278F,0
TRRTMPE128F42766EC,0
TRTEZJM128F424C981,0
TRJMNGZ128F9329B05,0
TRONPEX128F4255B98,0
TRVRRRR128F92D1641,0
TRGHOPD128F149B8E6,0
TRYRCNB128F9344139,0
TROWASZ128F4253611,0
TRLXMSZ128F4269A5E,0
TRSILYM12903D080C4,0
TRBDEOW12903CE2D2D,0
TRMYZJD128F9331996,0
TRHUQPP128F426EC17,0
TRMRXWM128EF345F94,0
TRONAAP128EF352680,0
TRBXAGF128F42503AF,0
TROIDFY128F92E58C2,0
TRTOWMM128F92E615F,0
TRKMZZG12903CE76E4,0
TRKGSKV128F147B82B,0
TRJKPPC12903CFAC8B,0
TRARIRU128F9312C11,0
TRMSXSA128F1459597,0
TRGXDHV128F93353FB,0
TRQNQCV128F9339019,0
TRNTBEN12903CE6B13,0
TRHZRJZ128F1487A26,0
TRNRICA12903CC4299,0
TREQNXD128F428561C,0
TRGVXEC128F424D80C,0
TRLHHSD12903CAF7A4,0
TRZXWPM128F148B181,0
TRGNTTG128F934C49F,0
TRWSGKA128E0786216,0
TRKQQLI128F931C7E2,0
TRETCSD128F425A3B9,0
TRXGPQL128F42B0A0A,0
TRTJCKI12903CEE0E0,0
TRSIPDI128F9338222,0
TRLTSJA128F428855C,0
TRKTURQ12903D11159,0
TRTBIYX128F930A981,0
TROYMWP128F933E623,0
TRIEXLW128F4254BD9,0
TRAQMDL128F149C90F,0
TRDBWZH128F42B8FF4,0
TRARNSN12903CCC422,0
TRPFBKC12903CCBA3F,0
TRYIRGS128F4264D22,0
TRCDTSP12903CE0A5E,0
TRRSMZE128F934772F,0
TRRQRNP128F4257B63,0
TRHTWIS128F42543CD,0
TRCRJXM128EF35182B,0
TRPEXMP128F4220DA2,0
TRJZKRS12903CD251F,0
TRMDHAD128F145F98D,0
TRIWNYU128F429EFB8,0
TRJYHVY128F933DE56,0
TRXJZGL128F9312F91,0
TRTOKAK128E0788C8D,0
TRCWRVV128F423B3C8,0
TRQHTJS12903CC5A4E,0
TRRTABZ12903CDBC94,0
TRZOTQP128F427CD7A,0
TRASAKZ128F934A412,0
TRGPWCL128F9354675,0
TRJSOYA128F425AD04,0
TRLSFAB128F428B487,0
TRJZXGD128F93413CE,0
TRFAKGZ12903CA155B,0
TRGFUVH128F427F2C0,0
TRMUHHN128F9356035,0
TRATZID128F428AA54,0
TRJGDRR128F92E08BC,0
TRPJXCI128F4290808,0
TRNPVKH128F930CA14,0
TRZLYEO128F930AA92,0
TRJHHBQ128F42644D8,0
TRKJFFY128F427168F,0
TRWOKUP128E07853F8,0
TRPGBTF128F148C165,0
TRVHQVA128F9331728,0
TROHETN128F4241EA2,0
TRANIBB12903CD0E75,0
TRAARBJ128F9328B09,0
TRARNBW128E07878DB,0
TRTJBHE128F428BC5B,0
TRQSVRD12903CC76C9,0
TRXYCWL128F145A5E2,0
TRDPJRH128F4230425,0
TRPKKZY12903CF23A6,0
TREHLMO128F9338EED,0
TRRASVG128F424722D,0
TRRQMMR128F42372BB,0
TRFLQLF128F426FCFE,0
TRJTTOI128F92F98C8,0
TRRRWZX128F1463477,0
TRIFQRX128F4294E56,0
TRIBHFB128F14ADC22,0
TRTEENP128F9300D13,0
TRCBOTK128F931F205,0
TRPRASP12903CE487D,0
TRVTXTG128F42A2985,0
TRUWRTZ12903CBF24E,0
TRCMAPQ12903CBD6DF,0
TRPQAPD128F4287B5C,0
TRNIMSZ128F42553C8,0
TRGGZYU128F42206F2,0
TRXYPHV128F425A07F,0
TRKQTXJ128F425714A,0
TRKQXWT128F92EA1D1,0
TRJLSBZ12903CE8051,0
TRKKAQX128F92FDAD2,0
TRLDTTW128F933E182,0
TRVWTLL128F4232D79,0
TRMVXVE128F42494DC,0
TRQCQCV128F146C098,0
TRTVTJR128EF34E44C,0
TROZZWW128F4236501,0
TRNIOGS12903CDCFAB,0
