TRALZUQ128F1491F37,5
TRZSJFN128E078460E,2
TRAFBQB128F930D723,9
TRBWBYD128E078E2E6,17
TRJMNVM128F93216E3,1
TRZHQIH12903CC5658,1
TRDWBCU128F426C536,2
TRCEVIT128F932BA0E,5
TRDDGAC128F930DAB7,4
TRNEDDN128E079185B,4
TRAGWVA12903D0DD81,2
TRXKIKR12903CE76B9,6
TRSBOLB12903CBA123,1
TRVTIBU128C719670E,1
TRIPLBA128F427200F,1
TRWZXDS128F427A71B,8
TRRGPFD12903CC83E2,5
TRCRCBT128F4260DD1,1
TRNILGN128F426519E,6
TRUNSPY128F932A969,1
TRKUPTZ128F92DE272,3
TRHPAQU128EF33FC35,1
TRGXIOO128F4255BE3,4
TRSJMCR128F4231A34,1
TRLNISO128F92F9924,1
TRDZUTI128F932F376,1
TRGADLW128F148AE42,1
TRSBOAV12903CDB1A7,1
TRWZNQA128F93033C7,1
TROIQMT128E0792994,1
TRABFDT12903CADD73,4
TRUKUDJ128F14875F2,1
TRIAFCN12903CC681D,14
TRXVZKC128F425AEEE,1
TRPTVTR128F93450C6,6
TRQBPWQ128F42A6E38,6
TRNQYTS128F92FB350,3
TRKIDAY12903CCAFF5,3
TRPXXQN128F147EF6D,18
TRSFZUW128F42506D2,4
TRDHFVZ128F9300CCC,1
TREHAYG128F1486699,1
TRIPZWB128F145FB0A,1
TRQPCMN128F4277052,5
TRGSVZA128F92CF92E,2
TRZLCLH128F4271576,4
TRCRSAS12903CC6811,16
TRHKJNX12903CEFCDF,21
TRSNTYY128F426289A,1
TRTMIFU128F93216E8,3
TRRPUDJ128C719679E,1
TRFPPSJ12903CCDBEF,1
TRWMZOQ12903CC16CB,1
TRMGZES128F9336F14,2
TRAADCQ128F932EC14,1
TRWUFEW128F14782F3,1
TRPOBNN12903CFCDFB,1
TRUYDZA12903CF6E87,1
TRAZZEE128F92E1A83,3
TROSPHA128F148CF25,4
TREOSCM128F931A9E4,1
TRIQBXV128F93259F7,7
TRHMMLA128E079461A,1
TRTBTQW12903CC6821,14
TRAXBIJ128F147768B,2
TRLUXSK128F14AE297,1
TRWQINA128F9339E57,5
TRFAQMX12903CF53D4,1
TRLYJRK128F42923A6,1
TRDNHAW128F429DB9A,8
TROBIIE12903CE1716,1
TRKQKGZ128F4216C8D,2
TRYVLFQ12903CC5B7A,2
TRJBWXM12903CEC182,1
TRREFTW128F146C1C5,1
TRQSOVZ128F14534EA,1
TRTVAZJ128F426F224,7
TRDKPPC128F42A65ED,4
TRBXJVN128F9309484,225
TRIPSQP12903CE450C,2
TRAEHHJ12903CF492F,1
TRJKCPV128F92E5A63,1
TRHFZFH128F92D65AC,1
TREOIML128E078ED7A,6
TRRULVD128F422F078,1
TRATGKC128F426CA44,1
TRTITQZ128C71967A4,1
TRURUGK128F92E3557,1
TRLGAWN128F9346B97,1
TRIPIYI128F4241B72,1
TRNGOHH128F931320A,2
TRJMHJZ128F4290063,1
TRRLOSO128F429B78F,1
TRVFMRX128E07870DC,1
TRNWNJQ128F422F020,1
TRVMLYB12903CB74B5,41
TRYBNIB128F428E704,3
TRJNPGF128F427A831,1
TRJTVAS128F4248188,4
TRQHPJY128F1486A7E,34
TRJECBX128F427E463,2
TRVEUKO128F429DE84,1
TRINNKH128F424BDD0,6
TRSGCLE128F92D5080,8
TRAYLRR128F933CA9D,2
TRMJIMM128F4220965,6
TRDJDMF128F423CCC4,1
TRXNUMH128F932A241,4
TRFGXQM12903CA6A91,1
TRBQIKR128F148BE55,5
TRUSCOI128F147DF6C,1
TRBRHTD12903CC6810,4
TRQSYEE128F147CC5D,2
TRRQIVI128C7196708,1
TREQOKW128F426E552,8
TRMGUIR12903CD9E15,2
TRRXUFH128F424F32B,3
TRZVKHU128F930032C,1
TRUYXLE128F4241A5E,10
TRZAEVO12903CBA127,2
TRGMZNT128F92DE267,23
TRADTWS128F4241AC1,5
TRZXNQL128F4288769,1
TRZJSVZ128E079130F,18
TRMCPGG128F92D5079,2
TRJVOIA128F4258138,1
TRATKXM128F9337636,6
TREJGXW128E0791859,1
TRPLEBC128F147717D,2
TRKVVYP128F92E6B42,1
TRFGMEO128F92F6B42,1
TRBYSQS12903CBA126,2
TRFKKXT128F148B0EE,1
TRKZRUA128E0793EB0,5
TRPHPVE128F9342C90,2
TRRDXBJ128F4233848,1
TRACFZI128E0795424,2
TRIEHEI128F4295858,6
TRQNXJC12903CE1680,1
TRSWOXO12903CFBBFA,1
TRUGJNH128F93216EC,2
TROQVMF128F425A53E,2
TRBQCXY12903D0A67F,9
TRENTGL128E0780C8E,2
TRIXKVW128F1485FCE,1
TRMSVOJ128F9316F9D,9
TRKXNLQ12903CC6820,14
TRBFKVH128F4262579,2
TRDPXKD128F42634BD,94
TRXSMZM12903D08521,1
TRJUTNU128E0785FFA,3
TRVANLC12903CF89CD,1
TRGZYSG128F42AB2DD,2
TRKDNDD128F4277049,4
TRTNJHH128F932A4DC,1
TROXWBT128F9305E67,56
TRRXGAK128EF349F1A,1
TRZUOQP128F9342A8A,1
TRZXLXR128F421A7C8,1
TRLBBLG128F933C0E1,20
TRUAQRE12903CF89F5,1
TRRHGFY12903CD2DC8,6
TRTYAFF128F92FC35E,5
TRMNPNZ128F9346B9B,1
TRWEXSD128F92E0448,1
TRGGLQV128F428BDCA,1
TRULBWZ128EF33FA13,1
TRKZOBJ128F428AF61,1
TRAFUNV128F92CFEB2,2
TRAUWHR128E079185D,1
TRPZATX128F930A220,9
TRRYTDW128F1489C70,1
TRCLXTI128F932D0C9,4
TRBHLBC128F42413FC,12
TRXNZTU12903CC6816,16
TRUJEIH128F932E006,11
TRZJYOY128F4261A63,3
TRCFXRB128F422F315,1
TREHLUA128F931ED5C,12
TRCJRJU128E0789AD0,10
TRXVRJG128E0789081,2
TRQRMNO128F4235E4D,3
TRBLDQQ128F92E58B4,1
TRZYJOO128F932FE77,3
TRKYHXT128F931A4B0,3
TRWDFXJ128F145C49F,3
TRAXYTA128F148B0E8,2
TRNIJLV128F4262897,1
TRTQHBZ128F427062E,1
TRBJBMC12903CBB3ED,3
TRAHXPP128EF35EF99,2
TRDZQSR128F148197E,1
TRLFCDF128F425B507,1
TRWCYXO128F421CE5F,2
TRMGFKB128F4247EFB,2
TRXWWWB128F9305CAA,8
TRNOVVM128F42604D7,2
TRHZXHI128F930A21A,15
TRECPGY128F421C288,1
TRSBSLX128F931113E,1
TRYCEQD128F42666B9,4
TRQQLNY128F92F9046,1
TRJOLVL128F4262D6E,3
TRDJCZV128F4246383,5
TRGVMCY128F426CA54,4
TRIMMJZ128F92FCE0A,1
TRQXGIS128F92FA1D6,3
TRQSHEW128F147DF69,1
TREWWJP128F92D5C58,2
TRXMILX128F147DF70,9
TRFJONP128F92D5C30,5
TRVZIMT128C7196707,1
TRFGCSB128F424FF01,4
TRFEVHL128F42670CB,8
TRQXBRF128F4281FF4,12
TRRORBU128F93113D1,1
TRLYNLC128F422C0E8,1
TRIWQLP128E0785FF6,1
TRJWQZU128F92E7418,1
TRVEXJA12903CADD6F,1
TRSVRIN128F930109B,1
TRXQMCE128E078D2AC,2
TRRPFQS128F148EBCC,1
TRLLXUH12903CF7C8C,1
TRZPETU128F427704B,4
TREUOUB128F4259C26,1
TRETNEX128F427263A,2
TRCNHBY128F4280ADF,2
TRYHBEW128F147DF6D,21
TRXNAJA128F42A65E9,5
TRDAQBO128F42443CD,1
TRWVFTW128F9337635,7
TRSIVFN12903CCB281,1
TRBZIWR128F92E58B8,1
TRZPQKK128F930B5C0,1
TRDNTAX128F425D550,2
TRTRVEQ128F145F49A,1
TRZALGW128F4296174,13
TRYWMZE128F428E3F2,1
TRYIMVH128F149C2E9,2
TRZSNFG128F930ADD4,1
TRZLYJR12903CF043D,3
TRRGQVV12903CEF222,2
TRZPSWK128F4243514,41
TRGBRJU128F1480DAC,2
TRUMQNM128F92DE4B1,1
TRNEDIV128F4295228,2
TRAWOQC128F424BB69,1
TRMLQWI128F9307E27,1
TRHQYZG12903CD5BCA,26
TRRJLQW128F4257946,3
TRQOPIY128E0792203,1
TRTNDNE128F1486812,2
TRTOKCG128F4287292,1
TRSDAYQ12903CDEC60,1
TRCMFAF128F9306118,24
TRQAFCZ128F42A52C8,1
TRDYWAX128F422F076,11
TRIOPJP128F14A7703,1
TRLAEWG128F4227F4C,1
TRGGWGB128F9342644,1
TRSGMRQ12903CDB1D0,1
TRRSPPR12903D0DD7F,1
TREBIAX128F427D565,1
TREJSIE128F426CA53,7
TRQIXPI128F1459AFE,3
TRSBYFT128F422EE42,7
TRQIMLL128F42A04F4,1
TRXITNR128F4255DF1,7
TRCOCQO128F14653A0,7
TRPFUGV128E078AF4A,1
TRZSQUD12903CD0378,1
TRRCYFK128F4287289,2
TRKSRYI128F4280AE2,5
TREEBIT12903D0DE88,2
TRRMWZB12903CDB1E6,1
TRRIOVS12903CFDB75,10
TRPGPVH128F429B2F0,50
TRSIAWM128F1480B76,3
TRVSDXY128F9302ADF,17
TRZVTUG128F1486A86,1
TRAHZQB128F429C654,2
TRRLTPE128F92EB9D3,3
TRAYDZH128C71967BC,5
TRQEMRN128F933B4B2,1
TRYJZYD128E0788E85,1
TRENKFJ12903CB5C2B,1
TRQOJUO12903CA280A,1
TRYJMTE128F1486A8A,2
TRUATKW128F4227BCA,8
TRORWBS128F1459DD5,53
TREFDCI12903CC6823,12
TRIYBSB128F14B0259,2
TRDDBTV12903CDF740,2
TRGAYAL128F42A52C9,1
TRZDDRC128F9346B9C,1
TRAJGHB128F422124A,3
TRSBCIO128F9341829,3
TRPRVEN128F93384E7,1
TRUXBJC12903CE44F7,2
TRDVTTO128F42A41FF,1
TRJTHFO128F92D5C54,2
TRLJKGW128F92E741C,1
TRLQTMK128E07810A3,6
TRYBCOS128F9346B82,1
TRXWZWQ128F9346BA0,1
TRXIZEY128F422B914,11
TRCPCHH12903CE7C90,1
TRMEQQX12903CCD9D5,7
TRSEKGD128F42B654D,8
TRLTYYK128F422F313,2
TRXLYYT128F42633D9,1
TRFAGYB128F427A836,1
TRDNFZC128F92E27A8,6
TRCLZFC128E07928AC,23
TROLCCZ128F932EC00,1
TREWROO128EF343801,18
TRJUKKN128E0785C5C,1
TRHIXRH12903CBAEF1,1
TRZXNCU128F92FDCCF,1
TRHXAEQ128F4240C35,2
TRKKYAJ128F424BDD5,3
TRKNUJJ128F93160F0,1
TRTLTWP128F92C4A55,8
TRPIAHX128F9315052,1
TRKDAZO128F933D8B3,3
TRPNCUL12903CBAD02,1
TRTLNFL128F425D559,9
TRHQJYV128F426B5F4,1
TRDRSFV128F92E354F,2
TRKXGAT128F422F316,1
TRHGIUA128F42582D0,1
TRNWJFS128F93377B9,4
TRGSEQP128F1499A41,6
TRBEBUA128F934827D,1
TRDRMOW12903CDB1AF,1
TRMMBXD128F1477148,1
TRRSCIH128F146EC1C,2
TRQWDNH128F93173BE,3
TRBJIPW128F42A4C42,8
TRASJTL12903CCD30C,4
TREZRME128F9358B58,2
TREDQRF12903CF89D3,1
TRRIHLA128F424819D,3
TROJTUM128F92F99F0,1
TRBWLQF128F92F9541,2
TRBWBVF12903CD42F1,3
TRKTLWT128F14B0302,1
TRMMHKG12903CDB1B5,1
TRXGMWP128E078253B,1
TRPZPXH128F4296171,1
TRTPWWP128F1486DF3,1
TRDQGQY128F92F99EE,3
TRNDZNE128F4288768,6
TRYSBRF128F42748B9,25
TRSTCZQ128F92F1EDE,1
TRAFLIC128F423B939,2
TRBEUBG128F9324367,2
TRARYVR128F9314FC6,2
TRDZKYQ128F92DFBB0,1
TRLEHCZ128F14ADE42,1
TRBDHOD128F429EA34,1
TRONYNA128F42660E1,1
TRYNJBB128F931A7EE,13
TRMEEIY12903CAC43C,3
TRCPTEO128F92E0176,1
TRYNVIG128F42345A6,1
TRGOFNO128F42AE3B2,19
TRRBTDP128E07898B0,1
TRLDRRJ128F145F5EE,8
TRPYSAC128F1455AE7,2
TRONJKE128F4263BB4,2
TRUZBQR128F1466FA2,1
TRJESGN128E0791673,1
TRVENBM128F4265F7D,2
TRFEOSN128F14592D4,1
TRGXYCC128F42B712D,1
TRMKQSX128F42A04F3,1
TRWMBBJ12903CB5C30,1
TRLPYEW12903CF89F7,1
TREOMJC12903CBA128,2
TROUJIG128F92FCE06,3
TRDJAQU128F9310059,1
TRABLUU128F1463532,4
TRPXKJY128E0791263,1
TRQENGC128F933AA33,4
TRRHVIC128F92F9908,3
TRMVWQP128F93216F4,1
TRPMMAO12903CE754B,1
TRQDTIO128F92D5C55,1
TRRAZGR128F9324621,1
TRRAAFE128E0785C5D,1
TRYEWMD128F4260DE3,1
TRIDZOU128F42881B6,1
TRTZGHX128F426EEFF,3
TRNZQVO128F427A71E,4
TRPDJBX128F42ACF9B,1
TRQCHZH128F4252DB7,1
TRBTNPR12903D13765,1
TRLZHSB128F4261650,1
TREJGVP128EF3436BE,2
TRVSUQI128F146EF5D,4
TRGCFQQ128F1494AF6,1
TRKOZVY12903CFDBD0,9
TRNBVTQ128F92E58B0,1
TRHYDSI128F426BE45,1
TRSJBLT128F429EA02,1
TRPWPWW128F42311D1,4
TRWARGD128F93216E1,1
TRUSKBC128E0791E6A,2
TROKNIV12903CC78BC,1
TRFNIYL128F92EDA9E,18
TRZWTTV128F4261550,1
TRPAAWS128F92F4130,7
TRKABMK128F426BF72,1
TRBPHQR128F4280AE1,2
TRUTFJW128F426F169,1
TRZSTYS128F1465AC5,3
TREKBDV12903CB4DC7,1
TRYODVW128F14A5619,1
TREKAPF128F92E16BC,1
TRJEOPV12903CC4D06,4
TRYTJCG128F42639C8,4
TRSNHEY128EF35E2B7,1
TRUUMWX128F1480D7A,1
TRMDFCC128E0791581,2
TRSEFHO128F422F30F,4
TRSKZYZ128E0791864,3
TRVQYQB128F92F7082,2
TRUUZRE128F426CA49,1
TRIIIKY128E078FC2F,1
TRCIQKK128F92E5B70,4
TRIXUXI128E0785F43,1
TRXVTRG128F148B0E7,1
TRYSRXA128E079141B,112
TREUBTU12903CC84A6,2
TRUFDRV128F4262352,4
TRTFPGW12903CA44F2,1
TREIEOO128F42B0099,1
TRYXPQV128F14B0257,5
TRXWGEZ128F932D5D3,1
TRTTYHL128F4277F12,4
TRWRAXA128F148EBD2,2
TRTJYBX12903CC681B,14
TRJXTTG12903CC49FB,1
TRYYARB12903CD4314,1
TRRGUBG128F1486F13,3
TRLLNFZ128EF35A194,1
TRZJIJJ128F42846A7,2
TRZDNMJ128F9323C4F,1
TRGZAQU128F92DE4E0,1
TRFVTEG128F92FCE07,2
TRCTWRG128E0783E6E,4
TRIMMHE128F147714C,1
TRJOVXJ128F9303FE0,9
TRGEUXA128E07842A7,1
TRPBIZP128F9337637,3
TRMFEUE12903CE6742,1
TRDJTLA128F4288771,11
TRHENIE128F92FCE09,3
TRRHYCI128F426242C,2
TRLYYTX128F426540E,1
TRDXOVQ128F92D000E,1
TRONSLR128F930A223,9
TRSZNGP128F9309A66,1
TRWBOHR128F9331033,1
TRGWPGI128F426CA42,1
TRFAEXG128F42725A8,1
TRXNMLX128F1497CC1,2
TRRUWTU128F4241B07,1
TRMWPBQ12903CAF710,10
TRSBZMJ12903D081F8,20
TRSJVVT128F145C817,1
TRALJOA128F148B0EC,1
TRQFXKD128E0780CAE,2
TRELHRU128E0785FF8,2
TRALMAU128F4252947,1
TRGMIAF128F92E8AB2,4
TRSUDYX128F148F464,3
TRLHLNL128F426BD1E,1
TRDUENC128E078772B,2
TRVKJFF128F429B81A,2
TRGKPNR128F427A71A,7
TREAPBC128F425AEF0,1
TRYLJMB128F426BE14,3
TRUCZWS128F423173C,1
TRYEGIZ128F92E089D,1
TRKNVRW128F9309A57,1
TRMGWRE128F429FEF5,5
TRPSCRM128F93216E0,1
TRSODXM128F9342C6B,1
TRVPKBE128F427F873,1
TRXPXZO128F9320744,5
TRSRXBC128F92CDB0A,11
TRHKKBU128F4284480,2
TRBVVPF128F9335C8A,1
TRHDAMP128F4261A69,1
TRLRKGZ128F932BC94,10
TRQVHMD128F4299265,1
TRPFJPH128F427A71D,2
TRKZNBD128F92F4167,1
TRUAJKR128F426CA45,1
TRLLSNE12903CF243B,13
TRFMIDK128E079185F,3
TROUPAY128F9329BFC,1
TRDFNWO128F92DFBA5,1
TRDZGXK128F14A7704,1
TREEDVK128F92D5C57,2
TRHRRRI128F92D25F9,2
TRCCRCT128E07819CE,5
TRRSGFX128F92F4914,1
TRGIRVG128F14690B5,1
TRYMEHH128F1485B5F,1
TRVWNMZ12903CA9931,2
TRPZSWG128F4231A68,13
TRGCVSJ128E0795768,2
TRUAFFD128F4277048,1
TRNGAAK128F147DF92,3
TRVIGJN128F4280AE9,1
TRCKODS128F9328DB8,5
TRNPSSM128F4243517,8
TRWAVRT128E078907D,3
TRMEAWU128F92EA298,2
TRSKZBE128F932B633,1
TRZEKAQ12903D0DD89,2
TRQZPDW128F92D1257,3
TRMFWMZ128F423C07A,1
TRCLGXH128F4262894,2
TRVAYKQ128F429B7DC,3
TRNPJVK128F147F588,1
TRYYCJD128E0791860,2
TRVBWSR128F1481976,1
TRBQUBO128E0790182,1
TRLEZGR128F422F30D,2
TRCUMJE128F42B3030,3
TRSHSSR128F9340EF0,8
TRGLHGI128F92F4162,3
TRLKBYD128F422F216,1
TRKMKBB128F92F4469,1
TRDNMQD128F9325C24,1
TRBVUBE128F4262898,4
TRDIAQC12903CCA544,3
TRPKQEL128E0795771,5
TRFHSPB128F92CFEDC,2
TRUZWYR128F425DDD7,22
TRNHMKF128F429C6A9,2
TRXCNEL128F92F6AAA,2
TRYNSGI128F9323C0D,2
TRNCDQK12903CF6E83,1
TRSMBFG128F422F210,1
TRLDHTB128F9326818,2
TRIZJEQ128E0791865,2
TRIGYZP128F9342E6A,1
TRZEEJL128F428854A,1
TRWFLSI128F4260726,1
TRKIQGH12903CB5C2F,1
TRHRJAM128F4255BDE,2
TRADPWT128C7196706,1
TRNZVWF128F42AC583,1
TRVRIBZ128F426BF71,1
TRTNFRQ12903CB6360,5
TRJOVPJ128F427A721,2
TRHFPXQ128F92E7416,1
TRFPPEG128F425C050,3
TRNLRZF128F4255276,6
TRTFPMU12903CCAFE3,4
TRBAUVN128F932FEF8,1
TROFVMI12903CF89DB,1
TRPZBOK128F4290CDD,2
TRXDXFC128F933763A,5
TRXHUNE128F4284483,1
TRZTTWD128F149158B,1
TRGAFYX128F4238A44,4
TRLSHFY128E0785FF1,2
TRMSCLY128F422F07B,3
TRDQJEN128F42A65EE,2
TRMAFHF128F422B8BF,1
TRINFIP12903D052D0,5
TRUJOHU128F424E6A6,1
TRVLBDA128F9354AB4,2
TRKESCC128F4284485,3
TRKAVUU128E078F34D,2
TRNFXNX12903D0DD79,2
TRMNXUT128F429BEFF,18
TRFDGSX128F42AFF2C,1
TRTXBNE128F92D5070,1
TREWNUL128F92E58BB,2
TRHCLIF12903CC680D,18
TRVRDNP128F4261A66,2
TRPZFBL12903CEA418,1
TRHOART128F93012F3,2
TRCOFIC128F93173C1,1
TRXFFZN128F9300CBD,1
TRFXUGN128F148EBCE,1
TRXIXSP128F42A04EC,2
TRFREKB12903D07239,14
TRPFYYL128F92F7144,7
TRHLRFL128F92E7336,5
TREECQZ128F933763C,6
TRUDRJB128F92E2046,2
TRCDYJX128F1476814,2
TRSIVIY128F424A034,1
TRANKTK128E07921D9,1
TRUOVIF12903CE1E13,6
TRBSDZH12903CE91CB,14
TRDLMWP128F426BF6C,1
TRHBNSC12903CEA41C,1
TRICJWV128F14527AE,5
TRRGTXK128F92F991B,2
TRHRASO12903CD7397,7
TRQLQIR128F932EC07,1
TRKAZKT128F425D555,1
TRGDOAF12903CB80D9,1
TROAQBZ128F9326213,3
TRJMGUW128F428A425,1
TRSUJQJ128E07966AB,5
TRIXZUF128F428A82E,1
TRCQSDA12903CBB3EB,2
TRSGBFE128F426255C,15
TRUURMN128F4266275,2
TREAFII128F426CA57,4
TRBQFEY128F4243519,4
TRIBYVB12903CB73AD,2
TRITKAY12903D052D8,5
TRMZFLX128F4238217,1
TRWMKAE128F93423E7,2
TRRVYME128F4274DA3,3
TRFHZRA128F42BCE86,5
TRJFKID128F92F2377,4
TRZYRIS12903CED700,3
TRCNTCN128F92EFF82,9
TRHWUMF128F428E6FF,5
TRRIAZD128F4224BDB,1
TRVOJUG12903D0DD87,3
TRGAAKA12903CE7B1B,1
TRKNCBK128F92F411C,1
TRZBPWW128F147DF6B,15
TROHZEW128F1474CF5,2
TRCOUEF128F426CA47,1
TRMOYCC128C7196947,1
TRPJFRW128EF3676B9,1
TRQVOEM128F425CBD5,4
TRWVNZF128E078A49E,7
TRBTXLU128F423384F,1
TREHBDQ128F4262893,3
TRIAMCU128F92D5C5C,1
TRZMLVW12903CDB205,1
TRPOHPA128F148B0EF,1
TRUBSXW128F9323434,2
TRYJOWF128F148AE41,3
TRPKTHK128F149625F,14
TRBFRQE128E079608F,1
TRUCRUF128F14B0255,6
TRISMZI128E078D734,3
TRGEOHS128F4260E2F,1
TRIDXSR12903CF2B58,1
TRIYLWN128E07968FE,1
TRPZEWS128F92F585E,10
TRDKPYD128F931B3E5,13
TRVACJR12903CFC997,1
TRWPBVL128F427D87F,2
TRJIZEK128F42AC2A0,4
TRMYECS128F92DE4B4,1
TRPSMVK128F422FD2E,1
TRGPOTH128F1490096,3
TROIESH128F422EEA3,11
TROGXWJ128F4261A62,2
TRBFDBZ128F427EDCD,3
TRVXMPU128E0785F48,2
TRDWWGK128F4243516,2
TRIMFGO128F423706F,2
TRTCWHC12903CBDBBC,2
TRYGXDU128F930667F,1
TRWXBNK128F42A687D,1
TRUTOPV12903CB73AF,3
TRXOSGL128F42BBB25,10
TROPJTA128F423F006,1
TROPPBH128F92C48C1,1
TRXAMWP128F9307435,1
TROGHQO128F92EAA4E,4
TRNYINC128F92D4BFF,7
TRZISNR128F92E6F41,1
TRLBBPD128F931B9AC,2
TRVJABO128F425EC2B,1
TRPIEUS128F9313392,1
TRMHNDM128E0780F83,2
TRYFXPG128E078ECBD,3
TRSMJVJ128F146E8C9,1
TRLDIGW128F93269F8,1
TRVSPZH128F932133E,8
TRSHIDL128F42255EC,2
TRZMZYH12903D04590,5
TRVXTXV12903CEA419,1
TRTEUWP128F92D9FFA,1
TRPORHV128F9322512,1
TRVZRTU128F92D54E3,1
TRCOGPL128F92FB328,1
TRJNOAE128F92FCE08,2
TRDFZTB12903CF1CBD,35
TROTIUH128E0782538,1
TREBCKQ128F422F07E,6
TRFJWAZ12903CEA40E,1
TRJHJSK128F427D882,1
TRFSZIG128F92F9A80,2
TRFQOSP128F427C2B2,2
TRTDMRK128F9337631,3
TRRNJUV128F931E31B,2
TRSQCFY128F92C455E,1
TRSFKNP128F9303BE8,2
TREOXQR128F4216C72,3
TRKLQNU128F42A6E3D,5
TRIKGRK128E0780DB0,2
TRBGRWH128F92E3551,2
TRLCOPW12903CF7216,1
TRBYROG128F149BCDE,4
TRBRLNJ128F92F622E,1
TRSDPSU128F1470884,1
TRUCNCH128F426A4B3,1
TRGBLUF128E0791866,2
TRKMTBE128F4289F04,4
TRYJSDC128EF34B5C8,12
TRUVHDD12903CB5C35,1
TRQYEBP128F92E4F05,3
TRAGHZK12903CF89E8,2
TRDHZZU128F9340DAA,1
TRKQRLE128F92CBC73,1
TRYFTYE128F1484269,1
TRKTOPV128F92D9BAD,20
TRAXZUW128F4262896,3
TRTWEJL128E078DCCA,10
TRIDCZE12903CAC5E0,1
TRYXNOB128F934B60B,1
TRLEUCW128F9305E7C,3
TRHUHJH128F931750F,4
TRQNHRB12903CF5F0C,1
TRRJQUF128F932625F,1
TRNZEFS12903CC67D1,2
TRKHTMR12903D0DD85,2
TRXEXQY128F9353BBC,1
TRQAANA128F426CA43,1
TRZJEUW128F93456CB,1
TRFCJQM128F428D30A,3
TRUJKVB128F932EBF2,4
TRMUXGX128F93294C4,5
TRKCLJJ128E0789085,3
TRMGPXD128F9314FCC,2
TRZNWZO128F9324F07,1
TRMQMUP128E079186A,2
TRAJNLN128F427D137,3
TRUPNGA128F4258AE9,13
TRHJVQI128F14768F1,1
TRDAZLK12903CFE195,26
TRDAQXN128F425087D,3
TROMERF128F4262928,1
TRNAKXB128F93501B8,1
TRJOMGO12903CC6812,14
TROKTBO128F146E8C8,1
TRJVVNZ128F145C4E3,2
TRILTLQ128F92FB5A1,1
TRRKMOD128F9346B9E,1
TRJXLKS128F931675A,1
TRZCLHB128F4288791,5
TRGLPDR128F42AFA00,2
TRUMION12903CB6373,1
TRRSXCR128F42918AB,3
TRFBVKI128F423B503,1
TRHEVII128F42A4DD4,5
TRKRVIF128F92F937E,1
TRVAWVL128F93508F9,3
TRDJRES128F933B4BA,1
TRTMVJJ12903CBB678,1
TRJQCQT128F428E44D,1
TRGUOYN128F428E3F1,17
TRJYEXD128F1478E5F,2
TRUWTVY128F1456B94,4
TRRHEBA128F427E8D5,2
TRSVMSF128F422F219,1
TRHGHBV12903D0DD7B,2
TRBTVVD128F146D742,1
TRSXRWW128F4281C9B,2
TRUQEKG128F9310309,3
TRCIBAL128F421BCEA,1
TRZDOJU128F428A9AF,2
TRBPPYU128F426894F,1
TRPDIJL128F145C25D,1
TRXGDHX128F92E741A,1
TRNYXJB12903CC681A,14
TRADGQI128F1472928,7
TRXDXUT128F4230A5E,1
TRGCDKU128F1482021,13
TRRCPXP128E0791F01,3
TRLSPNO128F92E0A45,1
TRUDMKS128F4261A65,2
TRVJCTU12903CEA41F,1
TRPSCQO128F148978D,5
TRWFXTM128F933DEFB,1
TRFXWEK128F42282CB,1
TRZROQW128F932F366,2
TRQEZHR128F4284E56,1
TRQOXVI128F42A2126,13
TRUFTBY128F93450B8,3
TRETWYO12903CF89F1,1
TRRFAYO128F9324F33,1
TRTYVPF128F145FFB0,3
TRCWXDJ128F4221595,1
TRAJZLM128F427CEB7,1
TRJLZRE128F428A864,3
TRALJFT128F932D5D7,1
TREQNVD128F424EA17,4
TRVDNKU128F9301E43,1
TRAFJRQ128F92FCE02,2
TRPXNMH128F14A8E08,1
TRCODNR128F92F6B16,1
TRKINDC128F428876B,1
TRKXRDF12903CF3F3E,1
TRKLDMX128EF34421C,1
TROJSAF128EF34318B,8
TRUPTJJ128F42A6E40,4
TRFTUIW128E0784B9F,13
TRWBTFY128F1484B23,1
TRYYFSR128F4261A6D,5
TRMEKDR128F42BCE46,1
TRPRGAC128F428D310,4
TRYIPRH128F425BE47,3
TRJHNQW128F933DEEC,2
TRSYMRY12903CD2DC0,8
TRJSZZG128F931B3DD,11
TRVITJI128F93549C3,1
TREWQYK128F92D2681,5
TREBDEB12903CC0C56,5
TRUUSUF128E0792ED7,4
TRHHPUO128F9365ED9,9
TRDXOZM128E0793855,2
TRDMKTL128F4266262,1
TRQJOLY128F148EBCD,1
TRFHJBS128F4263014,4
TRGPEGR128F42923A2,1
TRLXBNL128C719679F,1
TRUHWIE128F4290BB3,1
TRLUIJS128EF34E41F,1
TRFYOIE128F93207CB,12
TRKJQIC128F92DFBAE,1
TRVDKET12903CCE621,9
TRUBFXT128F9314FCE,1
TRJZRTR128F9314B42,5
TRSVVOP12903CEF20F,3
TRXWBTX128F92C577E,10
TREAVVH128F4294420,1
TRZQLST128F9328B3C,1
TRYTWZV128F425EECB,1
TRPCZWR128F92F4129,15
TRVSVXM128EF34B39A,2
TRKUQDL128F148027E,18
TRADMOG128F932CCFB,3
TRVIDFU128F42BACD3,11
TRJLQHK128F93216F1,1
TRICALF128F9310064,1
TRYMFCL128F92E016D,1
TRJHOXT128F92DE674,1
TRNRUVQ128F147CD09,1
TRMFGPR128F92DC53B,3
TRXSPLH128F4280AE4,1
TRWVRRH128F92F99F2,1
TRPXSDW128F92E8B74,24
TRZBJBL128F92D9B53,2
TRZYWZY128F92DE67C,1
TRSDCFG128F427B07B,5
TRNWOVF128F92F8AF7,1
TRTSLBN12903CDB1BE,1
TREJBTC128F9326813,1
TRGNXUA128F92E0170,1
TRDUQXB128E078B02F,1
TRGBFPD128F9342C5B,3
TRKRRUV128F92F20F1,5
TRXQEDL128F92E3556,2
TRMYZPL128F425C289,1
TRQFKDC128F92E25D2,8
TRYKDKS128F1480DA5,2
TRPPOUP128F421C344,1
TRLPCKY128F42ACFB8,5
TRQGWQI128F930A21F,13
TRELRJB128F428EAD1,1
TRRWJLU128F92F9912,2
TRHEUFY128F425CF43,5
TRWBGIS128F4285F8C,1
TRMWSBM128F428D305,2
TRMWYCI128F92CB637,1
TRVDBPW128F424351C,2
TRXWAZC128F9314B3E,3
TRIXAZF128F421EE64,105
TRYAEJR128F9307D05,3
TRAKLXT128F92E388A,2
TRLJEFP12903CA71FB,1
TRULQLY12903D0DD73,2
TRFDCPI128F93234B7,4
TRDURIZ12903CB5390,1
TRHZMPR128F42A52CB,1
TRCUEPI128F4278E10,25
TRMFRFX12903CD6E4C,2
TRLMIML128F92E0173,1
TRRSYUZ128E0790177,1
TRSKRYK128F1471FB5,10
TRJSSXH128E078FC75,1
TRHIXMJ128F148AE3F,6
TRCFQGX128F933781A,1
TRIDJFI12903CC2F56,4
TROVBRU128E0794B39,2
TRWVTDX128F931ECEF,2
TRFXWSD128F93173BF,2
TRSBLDP128F9309198,1
TRDLGCB12903CBA12C,1
TRUBOBP128F424C901,3
TREMLVY128F92DFBAA,1
TRXSCXB128F423384C,1
TRSLDDC12903CC36E7,3
TRPJJST128F148AE40,1
TRZWZFL128F428005E,1
TRDFHQU128F148AE45,1
TRKUYNB128F92F651E,1
TREQNRF12903CF2405,6
TRENYAP128F93216E5,1
TRTFQMF128F428D384,1
TROHZFD128F92F42AA,2
TRRYUCJ128F148EBC9,1
TRKODWS128F9324F0D,18
TRQDUMO128F92E3896,7
TRTKKOU128F426E278,1
TRDFXMG128F146353E,1
TRNHDRB128E0791869,1
TRMFKFU128F148803F,1
TRFXJEB128F42A650C,1
TRVGNYX128F93173C3,18
TRCRWRS128F425B98F,1
TRDTWWZ12903CC36D8,3
TRQHTII128F1477145,3
TRKUSLO128F42A65EF,2
TRQMFJC128F93216F6,2
TRFDRFI12903CB51D5,1
TRJPYZE128F4265869,4
TRUTZZY128F4247F20,1
TRRBBOH128F92F99E8,8
TRQIJDK128F425BE40,4
TRNNBOZ12903CD739D,4
TRNDGDC128F423384B,1
TRAVYCC12903D0ABAC,1
TRLVJOB128E078B97F,2
TRVRBPK12903CF89D7,1
TRWTWTI12903CAC5ED,16
TRCAYPI128E07983B1,3
TRFSEYG128F42BCE7E,7
TRORXHR128F92F99E9,1
TRPTNMS128F4299268,2
TRYZQAL128F92E7AB1,1
TRZGIWF128F148B0EB,1
TRTEZWH128F42A52E1,1
TRXDIGD12903CD753A,1
TRZLBBN128F92E741F,1
TRHGOFU128F422F211,2
TRRYCYS128F4228EC3,4
TRFKAWL128F9317C3B,1
TRVHGTJ12903CC680E,14
TREAJBV12903CCDA96,3
TRSVGXI128F930A21D,12
TRLIIKV128F9305E7A,20
TRYPFQN12903D082E1,1
TRGGSYC128F423DCFF,1
TRNNGKH128F931A4BF,1
TRJSGCE12903CB5C34,1
TRGCHLH12903CB7352,3
TRRHIBU128F14A0C3B,6
TRSHZPO12903D0DD75,3
TRQNKNZ128E0786265,1
TRHVITG128F42B4823,11
TRPUGUW128F426BF6F,1
TROBNGP128F426B0F6,1
TRAMSKF128F42377E3,1
TRNURZT128F429C69B,1
TRVSJOM12903CD2DC1,5
TRDNHBL128F9320801,1
TRYVBMA128E0789D39,4
TRJKYNE128E0795769,3
TRXPVYG128E079185C,2
TRREJXC128F9312E7B,8
TRFTKLW128F422DE65,2
TRMUEIT128F932C64D,2
TRQVBSM128E078903A,1
TRWGQDF128F92E4F04,17
TRBZGSM128E078EDB4,1
TRZJJTC128F424BDCD,1
TRQDUVJ128F4294017,1
TRFNRGN128E0791E0E,33
TROPNKC128F42A52DD,1
TRKKCHY128F92C6AEA,1
TRQHXUI128F42817CC,1
TRXVRRZ128F92D5C5D,1
TRWEEEI128F92F9919,3
TRDJEMZ128F92F415F,3
TRCDDAP128F4262558,1
TRXIGSR128F1478311,3
TRZJCNT128F426BFCC,21
TRAGXLP128F421CE55,4
TRSSPPR128F92C3A4E,11
TRETGSW128F9353AC2,1
TRAQFDV128F92C4560,1
TRZMSCF128F42521C5,1
TRVETJQ12903CADD74,3
TRIHDZN12903CE82A7,1
TRXXGBB128F934766C,1
TRVFAEW128F42577F3,18
TRKJVAO128F4261A64,2
TRCSFKT128F426F5F7,1
TRGRDUH128F42AE383,25
TRRERUT128F1477144,1
TRUCBJS128F4262892,5
TRHTJCR128F428876D,5
TRBYQEY128EF34DAFF,1
TRTEYFR128F42A65EA,2
TRTIRFG128F428D2F8,2
TRQVXSQ128F930A222,9
TRMGXMH128E0786356,1
TRZMKTY128F42792E6,5
TREUHZQ128F932F8D7,1
TRKRKGG128F9331034,1
TRAOAYQ12903CFE05C,3
TRTSWKJ128F145FFB6,1
TRNGBFQ128F92E0174,1
TRJVIOL128F423A810,1
TRJZEQF12903CEF215,2
TRJEAQX128F92FCDFF,3
TRWLSKV12903CF47E5,1
TRRCXOZ128F92D25F7,1
TRMWQGD128F934262F,11
TRTPQHZ128F428876A,4
TRVPHSZ128F92E16C3,1
TRWAUCC128F428E6FD,4
TRPYIFP128F424944B,1
TRWYCBR128F9325C60,2
TREYOJA128F4299262,1
TROFDNT128E0791862,3
TRVGDMZ128F428D313,1
TRQPWBR128F1456B8B,4
TRRJFXX128F427A71F,4
TRKWRGS128EF35A193,2
TRJSGDS128F933249A,1
TRYPNTD12903CB5C2A,1
TRJJGPD128F931A4C5,6
TRJBYXY128F42311D3,1
TRLOTDD128F149532C,3
TRJFIKS128F933DEF4,3
TRJZTNJ128F93216ED,2
TRQEFGO128F148EBD3,1
TRABFEL128F931FD79,1
TRSDJPY128F145803B,1
TRQTHKN128F92F799A,1
TRODWVS128F42AE3AE,15
TREBUCN128F92D2CAC,2
TRFOMMI128F42A04EE,2
TRBZTYY128F93216EE,3
TRCZZVU128F4285B0A,1
TRNNZIB128F428617B,1
TRWYSES128F92FA039,4
TRMFTLD128F14653A2,6
TRAEZRK128F425CF62,1
TRWDPTD12903D018B5,9
TRDPJRP128F930A225,11
TRLOEES128F426B0F7,1
TRVOTRF128F148AE44,3
TRVPAII128F42435A8,1
TRSJBHU128F1496F3E,1
TRFETPH128F4280AE3,3
TRSVXJK128F92E0668,1
TRWAHIK12903CF89B4,1
TRDOYSV128F4261A67,5
TRIUXVH128F426F492,1
TRWGVJL128F423B4AF,1
TRINYGA128F4215993,1
TRQQWIM128E0792186,1
TRIIBAJ128F9312C13,3
TRGGBJN128F1496F95,2
TRJOSWG128F4227B8E,2
TRMVAFP128F14563A9,1
TRWQQJK128F1495E02,5
TRWIZSZ12903CB4430,1
TRJBMUR12903CBA129,1
TRFLPWO128F4220560,3
TRPHKPA128F93216F5,3
TRODELM128F42A65E8,1
TRUPRFO128F93216F3,3
TRTIJHJ128F1458693,1
TRIYHAK128E07966A2,1
TRLBJIY128F426CA3F,1
TRUBMVR128E0791E66,1
TRVFVOJ128F422E1E2,10
TRNBMGM128F422F07C,3
TRGDBXJ128F425D7A9,9
TRQWTVM128F4261A68,1
TRQOORL128F42ADDFD,1
TRYJGKN128F92E23CA,3
TRVBPPL128F9346B85,1
TRIEAAR12903CB78F4,11
TRGIHEZ12903CDB1D6,1
TRKJOLU128F147A67D,3
TRZFEOG128E078ECBE,1
TRLGPJV128F92DF288,6
TRLXFHT128E078460D,2
TRMONWS128F148916C,1
TROEZIN12903CDB199,1
TRRGIEJ128F931C022,1
TRDOXUZ128F425E856,1
TRMPSDU12903CC0A6E,4
TREJWUR12903CEA408,2
TRNIUTJ128F4214AA0,15
TRJXCWS128F9340C5A,1
TRPEFKX128C719679D,1
TRVGFDW128F425DEBF,1
TRHVMPA128F4299DF3,2
TRIYVAN12903CBA124,15
TREXITL128F421DF49,1
TRDGQXV12903CF7619,1
TRJDPYJ128F9342CE1,2
TRTYOOP128F930495E,2
TRJECGS128F147714B,1
TRUGHJE12903CE3870,1
TRKNSVJ128F93216E7,1
TRJKEZN128F426B0FE,5
TRONTGG128F931A49E,3
TRYYLRO12903CBFD50,2
TRIAMSG128F146E8CE,2
TRLUDAQ128F92E3891,1
TRNTALF128EF343800,2
TRXKCKA128F426A553,10
TRDQESB128E07823AD,2
TRXLPAF128F425BE3E,5
TRWGZVG12903C9A8CA,2
TRABAQN12903CF6776,3
TRNIBTK128F4294BFE,1
TRCOIXB128F93451E0,1
TRWJTQK128F92D5C5A,1
TRHUYUZ128F931BEBB,0
TRWYEPW128F93438B1,0
TRBKUBY128F92C66AE,0
TRRQQSP128F42AE22B,0
TRVGSEL128F92FE823,0
TRHVSIE128F1462575,0
TRPXRSC128F14AE0AB,0
TRAVSQE12903CB6879,0
TRZIYEV128F931F5C9,0
TRYDKLM128F427753B,0
TRLMXNR128F42986FB,0
TRXMKKQ128F428C411,0
TRBGXTO128F9307677,0
TRGGBNB128F9342205,0
TRFSAJI128F92EE0AD,0
TREHXTV12903CE79FF,0
TRUTBOF128F932E78C,0
TRRDQFW12903CFF70D,0
TRAYIUG12903CC7E3C,0
TRSPCAC12903CBFEFE,0
TRYJSSL128F149F6A3,0
TRHGJRP128F426C46E,0
TRXTBRR128F425582A,0
TRWQODL128C71966D4,0
TRNLXEV128E0789AF4,0
TRMXQMC128F428CCDF,0
TRVSGJC128F9321F67,0
TRUYSKD128F933030D,0
TRVUETP12903CE1D4C,0
TRYVOZI128F92E8BC2,0
TRXPYUL128F4276265,0
TRPQLHK128F4294A19,0
TRQHBOD12903CBD70A,0
TRLSFNQ128E07996B0,0
TRDYQCV12903CA7146,0
TRKDZAD128F4291D88,0
TRBMOMU128F1469598,0
TRTVHPT12903CE41DF,0
TRPCYSR128EF35F745,0
TRUGXEC12903CB9BD0,0
TRREZJL128F425E5A9,0
TRNFGRO128F92CFF35,0
TRRLGDJ128F92E589E,0
TRLZMVL128F92D2A7A,0
TRERSPK128F1483A79,0
TRGEVGF12903CA52E4,0
TRIOVLY128E0780E5E,0
TRIIHEM128F4277CB8,0
TRHOMEZ12903CF4224,0
TRKOCTA12903CC83C7,0
TRHTOBB128F9340425,0
TRYXFGR128F428D388,0
TRQSYUW128F428A0A6,0
TRNWWTJ128F4247D2C,0
TRGKXZP128F9342C75,0
TRZGLRK128F92DC3CD,0
TRAOTJQ128F42356E6,0
TRRCHZT128F423D5BC,0
TRRSSET12903D1166B,0
TRKEPQU128F1490338,0
TRRAGGM128F42A1D5D,0
TRWLTAS128F92C5681,0
TRCUISR128F4298E3A,0
TRTOKWT128F42955D5,0
TRQHHXZ128F425555F,0
TRBHEKF128F9340A38,0
TRWUUZR128F934DB8D,0
TRPQIIK128F42487F4,0
TRKJCBG128F423EC18,0
TRKZPJV128F423359A,0
TRTFLLQ128F9335713,0
TRORTRI12903C9532B,0
TRTYXTB128F4280AF2,0
TRDUVCT128F4236B3C,0
TRUHJUL128F423A3E1,0
TRXRJHJ128F93131FC,0
TRBKOXT128F932BB3F,0
TROEJDQ128F4255078,0
TREWDCK128F92E4CC7,0
TRITHXP128F934B5C4,0
TRTCGEY128F92ED149,0
TRFBBTW128F422652B,0
TRVPPCX12903CABAC6,0
TRZTMNH128F1489E67,0
TRVQXLC128F9307C19,0
TREKJFB128F428CB5F,0
TRSEZXF128F9305778,0
TRCCMCT128F93482D2,0
TRCQIZL128F92EAF79,0
TRSDHWI128F422BDAA,0
TRKCQLP128F4262A74,0
TRDJSZX128F932110D,0
TRAWPFY128F428A9CD,0
TRPWZGO128F930BD83,0
TROCYPR128F42409CE,0
TRTDZLG12903CAF138,0
TRUUAEU128F148B083,0
TRFBYPM128F4299493,0
TRPFZUX128F42173C9,0
TRPHEVO128F4220BFF,0
TRNPGSD128F423EE44,0
TRTQWEQ12903C9C71A,0
TRDEXHO12903CD4461,0
TRYNFRB12903CC5005,0
TRAIKSP128F423BC4B,0
TRNXOMF128E07828E0,0
TRXCHMR128F9342DC9,0
TRBPIPV128F14A26E3,0
TRXQIVJ128F4262740,0
TRVGYOQ128F1458444,0
TRAYZDL128F4296C56,0
TRVGQWG128F931E1B9,0
TRRXTKJ128F92C4B5C,0
TRIFHVJ128F4286790,0
TRYQMEL128F934BFA0,0
TRKTHKU12903CA636C,0
TRZTLFE128F42296CB,0
TRKKYKP128F932C8F8,0
TRXKNNW128F92F0568,0
TREEAKS128F424FEBB,0
TRBWLTB128F429D59E,0
TRNLCOU128F426F2D9,0
TRLCLCE128EF355E95,0
TRAGJTE128F4274F2C,0
TRLSKYP128F934B33A,0
TRPXHFV128F148247B,0
TRBYSNJ128F93405B4,0
TRLNKEQ128F425D23F,0
TRCCLVU128F429265A,0
TRYBSKP128F421D129,0
TREABLA12903CB8A29,0
TRJUFUG128F423DFCA,0
TRTRAOD128F933704F,0
TRGQHMM128F14951CB,0
TRDNXUF128F92DF1CB,0
TRFLHFZ128F93064B7,0
TRPDMAQ128E078926A,0
TRIYHWQ128F428CDC7,0
TRMFHBE128F4278464,0
TROAYTF128F934BE0F,0
TROGJCF128F9336659,0
TRCOWDK128F42514A1,0
TRGPLLL128F9304EC7,0
TRDYHNA128F4266BBA,0
TRRCYHR128F92DED80,0
TRUYOJJ128F4285DE8,0
TREBYUS12903D022DA,0
TRMENLP128F148D198,0
TRIMFIU128F148426F,0
TRRXJNP12903CA6BB2,0
TRQHHTC128F4285C97,0
TRUXCEO128F14583C5,0
TRJBIAW128E0789671,0
TRICTUV128F92F9006,0
TRHOTUQ128F931B590,0
TRDPLPR12903CE1D48,0
TRUXMVA128F92E86B3,0
TRCGYFJ128F423F4C6,0
TRNCYFQ128F146DF5E,0
TROVSCV128F4241A22,0
TRJXAVB128F427675B,0
TRTZOSA12903CBAAE9,0
TRSMFFO128F9336E44,0
TRRVZZO128F932DDAB,0
TRTIQXV128F9334F2D,0
TRXZDPZ128F149A2FF,0
TRUZVUH128F930A8C0,0
TRDMYAQ12903CB628A,0
TRVEALX128F42595EB,0
TRDPCFV12903CE0068,0
TRCYHNS128F932092B,0
TRRJVIB128F93606E7,0
TRPERSZ12903CFEC01,0
TRIPQZO128F4271F7A,0
TRJHLLI128F934AD7B,0
TRRMWAQ128F428BBBD,0
TRUIGIP128F4238538,0
TRHNTUX128F9320F50,0
TRMERYA12903CEFDEF,0
TRLOSWH128F9323191,0
TRZRNEC12903CFF773,0
TRPDLCW128F930DB63,0
TRTJCYA12903CD6124,0
TRDFMXG128F931416E,0
TRSEMWG128F1461FE6,0
TREUTTG12903CD6A33,0
TRIFIQI128F148126C,0
TRRCBKF128F428B461,0
TRENNYS128F42A95EF,0
TRRCKCB128F1468158,0
TRCUHZL128F4235E77,0
TROHDRY12903CD45FC,0
TRVGZKL128F1459144,0
TRFQPMT128F426E6DD,0
TRAEDPY128F4291180,0
TRCIJUN128F932CE9C,0
TRKQBEL128F4297053,0
TRBGDZW128F932FB96,0
TRRTXBM128F145FC1F,0
TRCMGVY128F42AC948,0
TRRWVVH128F426218A,0
TRUIXMO12903CB236B,0
TRHAHQE128F4255EC2,0
TRQKUXW128F42948CA,0
TRFOEIN128F422843D,0
TRWAUQB12903CD1197,0
TRLIVNX12903D0CE36,0
TRVLPVG12903CD0578,0
TRDEVNU12903CB0601,0
TRNIHKC128F93420EA,0
TRSPJGF128F934B334,0
TRAQOWW128F4278BED,0
TRBPFCZ128F14792F1,0
TRBBVGA12903CB1036,0
TRZRLPL128F9336E46,0
TRERTYZ128F145F7B3,0
TRRVYUV128F14A85E0,0
TRQVRXB128F93439B8,0
TRQYMWO128F9309208,0
TRSXDSZ128F933E90E,0
TRHXLUC12903CCE2F6,0
TRELPPI128F424E353,0
TRUYJJU128F9312535,0
TRHNFYN128F9319E2E,0
TROUSIP128F429EBD6,0
TRZXTKG12903CF1295,0
TRYGETW128F92EA65E,0
TRVSBQZ128F930A0E6,0
TRJVLAG128F425C7D2,0
TRJZHCF128F92EC6F2,0
TRQWENC12903CDF9AA,0
TRTNTOY12903CCE2D2,0
TRLQWKR128F427D6BB,0
TRUAEIS128F934A537,0
TRSQDRP128F92F7021,0
TRHVDEY128F423C20B,0
TRHBNHK128F149608E,0
TRVLKJJ128EF355A73,0
TRQBKTK128F427476A,0
TRQVGVL128F42593A3,0
TRRYIQH128F148ADBA,0
TRGQMVE12903CBE73C,0
TRQQQUV12903CC84BF,0
TRYPTHG128F9329B6B,0
TRQPEXI128F934115F,0
TRQLAKY128F145FC30,0
TRPMHKQ128F930EAA9,0
TRNADSC128F4267FCA,0
TRBCQHF12903CEB658,0
TRAQCBN128F1456991,0
TROJULJ128E07889D3,0
TRVPJXY128F146C5D1,0
TRVINBI128F92F2BBE,0
TRYZLVP128F4256551,0
TREUCRE128F930DBFD,0
TREKYGO128F932EC2F,0
TRBWGQD128F4297CCE,0
TRHKJGG12903D06EC1,0
TRUMXNM12903CEA8D5,0
TRIOVCF128F1465740,0
TRZNGZY128E078A3E7,0
TRXLFRW128F932E8A3,0
TRSXRYO128F422EF84,0
TRQVSVA12903CE728D,0
TRVRWLN128F1466779,0
TRCLSFM128F9312BC0,0
TREQRMG128F92FB7CD,0
TROQKEX128F930272B,0
TREVDRL128F423BBF1,0
TRUKETI128F1468D53,0
TRPGGCK12903CF5E28,0
TRGXWMC12903CAEC15,0
TROBOAN128F93365CE,0
TRVZJCI128F932B8A1,0
TRVNKOF128F92D0458,0
TRQZWPD128F93291FD,0
TRHBQUF128F92F8932,0
TRMUCXW128F429C8D9,0
TREIXSN128F423B289,0
TRCXLBS128F428F180,0
TRRCAIJ128F1476B01,0
TRTDFSA128F145439D,0
TRZFRMM128F42911F6,0
TRJSONE128F149E233,0
TROOBSC128F92CDB43,0
TRMRAUL128F9318814,0
TRKHNPY128F4248430,0
TRPJXSW128F933AC91,0
TRKMQVS128EF35F584,0
TRSJTUG128F9337287,0
TROLXCD128F92E06C2,0
TRAUFEH12903CF4243,0
TROAGTD128F934E3B2,0
TRVSHHI12903D0184A,0
TRQBDHB128F4295A97,0
TRXVHJF128F92F8F50,0
TRJCJWM128F425AC9B,0
TRJUIPA12903CEC16B,0
TRSFKQN128F933D521,0
TRRVVLW128F149C3B6,0
TRXZVAD128E078F34E,0
TRRQJQM128F428BE7D,0
TRIVPMJ128F92F6E68,0
TRVPLUM12903D02CFB,0
TRRSSNL128F4234BBD,0
TRCXVAZ128F92F74AA,0
TRFOWXL128F4297C58,0
TRHQMZS128F421726B,0
TRRQMQW128F9323630,0
TRCNEKJ12903CAD621,0
TRXNMSE128F147BE3F,0
TRJDWNW128F93005C4,0
TRHPOIG128F426A8FD,0
TRXORTE12903CB334D,0
TRAEPLA128F427DB63,0
TRVVZMA128F92E0F76,0
TRLDNVQ128F9314F9A,0
TRZQHIZ12903CD7465,0
TRZFZQA128F4279278,0
TRNZGMM12903CA2173,0
TRRWSFW128F4263482,0
TRWUTAT12903CD125C,0
TRNDSMO128F146195D,0
TROKIBM128F4234BD9,0
TRCQHVB128F92F5413,0
TRQGCEE128F423AB88,0
TRDVXWG128F931D72A,0
TRSHKUS128F92FA779,0
TROXLWH128F428D004,0
TRPFDNS128F421A9B9,0
TRDOWEW128F9326490,0
TRSMRIP128F92CDE9A,0
TRGLSSJ128F147B419,0
TRMSMBI128F14AE4C2,0
TRLXYJF128F9306B43,0
TRICVPK128F930BDAB,0
TRXDZJU128F425B833,0
TRIHQNO128F93438D4,0
TRJMEUS128F1458975,0
TRDOKNT128F4265CFB,0
TRYJCOT128F1464055,0
TRZBDQB128F427BC75,0
TRGGONE128F42B6FF9,0
TRPBCTC128EF36013E,0
TROBCAO128F4268FEF,0
TRARCER128E07892F2,0
TRZXZHN128F42946EA,0
TRHCCQK128F14652D9,0
TRDSCZH128F92CFD9C,0
TRAEMRO128F931D95F,0
TRODTNX128F4287F77,0
TRDWFES128F4270FA0,0
TRPIQCG128F92FC3F1,0
TRRKRET128F14A2409,0
TRMESSN12903CB3639,0
TRZIXGE12903D0824A,0
TRORRVQ128F42AB857,0
TRBKCNO12903CF1DBF,0
TRABUTH12903CBAAF3,0
TREPUMT128F429C4DA,0
TRYNXUP128F932C224,0
TRCCLPU12903CFEF6F,0
TRAILFV128F424EF38,0
TRAYARF128F92E563A,0
TRGJGGG128E0794934,0
TRDWYYK128F427E97B,0
TRYCZQJ12903CD4876,0
TRQAUNW128F934C6F4,0
TRIVZRP128F93068AF,0
TRESHAO128F424E952,0
TRIUHEN128F425B97A,0
TRISONQ128F9346853,0
TRZBCOP128F930C878,0
TRZMIMU128F93296D3,0
TREAGYS128E079286D,0
TRKRKGH128F4286668,0
TRXHKPY128F42A010E,0
TREGKAC128F423EE48,0
TRGMBAW128F9324BD7,0
TRLKHPD12903CEB6D5,0
TRABOQY128F92F5B54,0
TRFDNTQ12903CF08B6,0
TRGMRQM128F423C1A3,0
TRJUXEC128F9325754,0
TRFEOKX128F9306323,0
TRMXOQE128F1463E24,0
TRCNGVY128F425072E,0
TRLYRVZ128F42390A3,0
TRDHKVZ128F427337A,0
TREFBNX12903C9CE8B,0
TRTNHBB12903CD74F8,0
TRJUVZS128F145DBAD,0
TRSCBTV128F14A932D,0
TRUTVUN128F930B86E,0
TREGJJI128F42755C0,0
TRIIWIT128F146E5E9,0
TRVQFFR128F92F9394,0
TRYVEKP128F422E9B4,0
TRHXKWW128F932E0D8,0
TRHEHPG128F147A01F,0
TRRNKIE128F931C7AC,0
TRYUXZC128F426A0B8,0
TRPLRVR128F930ED12,0
TRACHRS128F423EDFB,0
TRRILRG128F9342957,0
TRSFOLZ12903CA636E,0
TRUEBNP128F42841C7,0
TRSTLYV128EF343D8F,0
TRNUPZW128F1484D18,0
TRDZKMM128F149A245,0
TRWOLCR128F42AC291,0
TRJCHWA128F42A011E,0
TRQXDRQ128F931B837,0
TRXCOUN12903CF5E4D,0
TRBHYYH128F42390AC,0
TROHOBG12903CC3302,0
TRUTINT12903CFFC85,0
TRDEUYN128F14905D6,0
TRGLKOU128F1490E69,0
TRIKCYX128F426A819,0
TRIIAWN128E0798B3D,0
TRRSLCK128F931F7D8,0
TRODOGJ128F422FCE0,0
TRSRHKV128F14AEF2A,0
TRCAQDT128F4276EDC,0
TRJZOIH128F4265BFC,0
TRZCUEX128F4258E29,0
TRLIWEP128F4237027,0
TRNKIGP12903CB592C,0
TRQTCBI128F4275FC6,0
TRGORRN12903CC1C19,0
TRJXUVJ128F934DA36,0
TROLAEE128F9329997,0
TRUSLIY128EF34651B,0
TRMFIEB128F9360D5C,0
TROUQDJ128F92E72C3,0
TRNDWOG128F42981A5,0
TRXQKAV12903CA827C,0
TRTHICL128F933475D,0
TRXVSYZ128F146CA39,0
TRGUFJZ128F934B05A,0
TRADRJQ128F9333933,0
TRMVGMC128F92DEFBA,0
TRSRHMT128E078C875,0
TRQDCUG12903CC37A8,0
TRYCEIH128F1499153,0
TREAHSM128F149C17C,0
TRMZGAZ12903CE6A07,0
TRPLWPA128F92FBA21,0
TRNFPOB128F93065D9,0
TRLFTSE128F1456DDB,0
TRREXMQ12903CB026C,0
TRPOOXU128F4276B98,0
TRVYDAB128F4278534,0
TRFXMRA128F92E1277,0
TRUJVEN128F14ACF8E,0
TRVFVYF128F1496B6A,0
TRBZSEZ128F42432C0,0
TRVYKKM12903CD7890,0
TRXMDEM128F92FF00C,0
TRZIPSF128F4291472,0
TRIWWCH128F92FD279,0
TRIGCAG128F424273E,0
TRSQSZK128F42312E8,0
TRBGRXO128F4282115,0
TRJYGNV128F425929C,0
TRWZBER128F1474EF1,0
TRHYZLZ12903CBE343,0
TRYNZSR128F92F4AC9,0
TRSOLTQ128F42667F8,0
TRCOTMI128F145F32F,0
TRSBJXB128EF34255E,0
TROLACP128F42470AA,0
TRINWJX12903CF54EC,0
TRCVKAB128E0787419,0
TRLCQTV128F93142EB,0
TRKGMVW128F423DA91,0
TRSYDXU128F9354148,0
TRXUYXS128F147C4E5,0
TRMRYAY128F14A3579,0
TREDJMS128F42882C2,0
TRUKPMZ128F9358CF2,0
TRRYDSV12903CC0E64,0
TRWWJTH128F92F2569,0
TRRDTDH128F92F671D,0
TRMPIHG128F93284F8,0
TRTTDJU128F427C286,0
TRMYTQT128F14AA5C3,0
TRABDEP128F428B3E3,0
TRRDHDO128F92EFA5B,0
TRZRXXR128F424B82D,0
TRGPFBF128F1464A90,0
TRKXNLC128F4285B52,0
TRIYTJY128F4283A86,0
TRSMTDY128F145C4C4,0
TRWBNLS128E078C99E,0
TRBNMAK128F4298602,0
TRFGKKZ128F42A522C,0
TRDEIUV128F9338EF3,0
TRCXTMG12903CABB4E,0
TRNZPTS12903CCD0A9,0
TRQSDBK128F149E74C,0
TRRDTUA128E0785996,0
TRVHMMU128F930116D,0
TRSCEOY12903CE2A77,0
TRIZFJD128F4277C95,0
TRKCZKU128F933F372,0
TRPMDRE12903CD96DC,0
TRKVMIT12903CFF7A8,0
TRAPVHE128F92F8B13,0
TRIETEO128F4265B7C,0
TRITPRZ128E078AB86,0
TRHFUKH128F422EE85,0
TRIFYBF12903CB08A0,0
TRTEUWQ12903CB03BD,0
TRJVEYG128F424BFA7,0
TRRVQVE128F930B194,0
TRPXYIE128EF354F4D,0
TRAPAEH128F42B9ECE,0
TRQZKZQ128F4291361,0
TRZQBHK128F4296344,0
TRBKPRI12903CB31AA,0
TRIXVEW128F14B187A,0
TRAXNOE128F149158A,0
TRCRWTB128F42757A4,0
TRDKABN12903CC53C4,0
TRHOBQV128F1495149,0
TRADVCE12903CFB19B,0
TRGUQQE128F93201FA,0
TRXYMYC12903CEA9CB,0
TRWCJCA128F9326B60,0
TRQPALH128EF34E56F,0
TRJOAQQ128F9348052,0
TRASTLC128F931603A,0
TRZERAT128F9311A2A,0
TRANVGD12903CD9262,0
TRRNIOP12903CDD637,0
TRZHTGP12903CDF2C9,0
TRFMXJI128F930738B,0
TRUOVTY128F930D50B,0
TRNHAMT128F42715B5,0
TRQXBRJ128F42913FD,0
TROZHHA128F9317992,0
TRYTIFP128F425781F,0
TRMOOAF128F42558DE,0
TRBCGNA128F422F16A,0
TRQIAXL128F9324353,0
TRGJECL128F146752C,0
TRCPZYY128F933EF2E,0
TRRKHNH128F1488FB2,0
TRZHBUV128F92CF03A,0
TRKBYFQ12903CE843D,0
TRMDNXD12903CB022B,0
TRXNZVA128F4246AFE,0
TRIPFLF128F428B250,0
TRWMYYB12903D0F816,0
TRGJBQP128F4234C53,0
TRTLANU128F42702F3,0
TRFQWUW128F9342679,0
TRHVTNW128F42576AF,0
TRUKOFP128F92EE14E,0
TRDCSFD128F1458E8A,0
TRWLUHB12903D03122,0
TRWPIQR12903D0122B,0
TRGWEEQ128F92E7521,0
TRUHNAL128F428E2E4,0
TRXPJWT128F1468F83,0
TRXTAPY12903CE8450,0
TRSXWBW128F92C52F5,0
TRCWDXF128F92D2633,0
TRPFBBH12903CB7D7D,0
TRHFHOA128F934C106,0
TRXTUEK128E0791650,0
TRZLVOE128F426B2C2,0
TRDYUZO128F92E474F,0
TROXMNT128F145D36B,0
TROJTVV12903CB8F60,0
TRGYSTB12903CA57C1,0
TRGVDCQ128F42365E1,0
TRRATNN128F42776FA,0
TRFPUYR128F92FEBA0,0
TRPGYEB128F4232E47,0
TRXBIQU128F9330973,0
TRVHPNO128F4285485,0
TRIFTWF128F426ADD7,0
TRNVJLZ128F4294C68,0
TRAOMSB128F92EB7B7,0
TRQKQCB128F931E60F,0
TRASLBG128F149E7DE,0
TRISEVN128F935322D,0
TRBJTCS12903CEB71A,0
TRIYTBA128E0794946,0
TRAMNPO128F1458D7E,0
TRMZJJT128E0794036,0
TROSBFZ128F92DE6D8,0
TRBTXVI128E0781925,0
TRJJQHD128F933CE6D,0
TRFCDKP128F421AC58,0
TRSWUIU12903CDE14B,0
TRKASRK128F427AFFB,0
TRQHCFA128F92D1C0A,0
TROWONW12903CC824F,0
TROGBID128F426377E,0
TREJJXO128F932EA35,0
TRRKTHO128F93456CF,0
TROKSAF12903CBC26F,0
TRRZHEB12903CCC443,0
TRIIONS128F42605F3,0
TRTQAIU128F933A524,0
TRPMHFJ128F933F176,0
TRDEYHI128F934E3CA,0
TRWZOIL128F14856D5,0
TRCLVRU128F14A9363,0
TRQLMCL128F149DF42,0
TRSAGHG128F4269006,0
TRAFSZA12903CBCAB0,0
TRHOPRE128F426A8C9,0
TRACCKS128F42B77AE,0
TRQEZYA12903C9B426,0
TRNKFPY12903CCB95E,0
TRYCGKQ128F92C6156,0
TREZQRN128F1499B6D,0
TRKUOKJ128E078A4A2,0
TROXHMM12903CE953E,0
TRNPBYV128F14637C5,0
TRTTRPO128F423EEBD,0
TRHLKNZ128F4280C96,0
TRKFZGN128F4273537,0
TRZJXKL128F427491B,0
TRVWWOP128F932DAD8,0
TRNEFJX128F427883F,0
TRRUYMJ128F93070A7,0
TRFKLWF128F9305134,0
TRCAZYW12903C95B04,0
TRERRAS128F4276B8C,0
TRJSLIQ128F421BD44,0
TRSBOYS12903CDF970,0
TRWFOOB12903CC43CE,0
TRHWVMK128F42B45F1,0
TRLIBKA12903CD4B0D,0
TRBKWOH128F426257E,0
TRWYSAX128F428DA04,0
TRTCJXD12903CD56FA,0
TRGJIFB128F932CD5F,0
TRGSKEK128F42705AE,0
TRHWDWX128F92FD996,0
TRAEXEA12903CB3853,0
TRUUZVC12903CAFAA6,0
TRMLTIW12903CB2FB6,0
TRFMUBE128F423B28A,0
TRRPICU128F92DCEEE,0
TRJWAKK128F932CF8A,0
TRXJNUR128F4274D35,0
TRMTLBI128F932C297,0
TRZCYSB128EF3664E5,0
TRPRHBE128F9320EC0,0
TRFKMFC128F92D3F23,0
TRWXFFH128F4274E55,0
TRREYPI128E0784287,0
TROUXJF128F93094BA,0
TRUYOEZ128F934B74E,0
TRYVPAC12903CFB574,0
TRQLQNT128F931B8BC,0
TRYWXUQ12903CD4575,0
TRTPWVV128F932E13C,0
TRILYVY128F933F95B,0
TRINECT12903CD74BB,0
TRPJXBH12903CF0E6E,0
TRHWRAX128F4290DA9,0
TRLNJFT12903D00017,0
TRUUEGS12903CD7322,0
TRAIOSW12903CCE5FE,0
TRTGSKN12903CEF6A7,0
TRHAVDP12903CB5773,0
TRKVBZM128F426B926,0
TRBQIQS128EF365CE6,0
TRCSYAX12903D00A80,0
TRIGREH12903D0797B,0
TRSWCON12903CFECDF,0
TRTAALA128F4265C8F,0
TRIFOKG128F14637DB,0
TRUACKJ12903CC678C,0
TRWEHGL128F1485288,0
TRPRDWY128E07821E2,0
TRPLTPS128F93390C8,0
TRWXPLS128E0785827,0
TRKJWYF128F429C1D0,0
TRMJWAA128F4264DC6,0
TRAKDLE128E0787285,0
TRRFGKV128F92EF53E,0
TRDJDBX128F4276293,0
TRUMYOU12903CF8CA4,0
TRHGIKE128F147282B,0
TRQKGPV128F426ED42,0
TRHXSVN128F930351F,0
TRQZTIG128F9315868,0
TRFXWMQ128F4286EAD,0
TRCUZWD128F428B9FB,0
TRNTVLA128F93097BE,0
TRISHJP128F4273B41,0
TRYMFUI128F9345FA2,0
TRXESCV128F9306CC0,0
TRKRIBP128F4285824,0
TRIXWHA128F931943A,0
TRNKSRY128F14A91A3,0
TRURKTS128F429CE1E,0
TRJPUPQ128F932AC94,0
TRZBCED128F422B5DE,0
TRUOSUO128F429CDC2,0
TRPMSON128F4273B40,0
TRDHXSZ128E0784FBF,0
TRPMLSA128F425EB7E,0
TRERGJH128F425D5CB,0
TRCQDZX128F930EE94,0
TRTKXQN12903D085B0,0
TRAHLCM12903CE6FC6,0
TRDHUVD128F934B5BC,0
TRPEFBM128F428D70F,0
TRSXIGP128F92CBF03,0
TRRXAWZ128F92C9298,0
TRGJPAE128F1485AF4,0
TRJDBNP12903CE6B4F,0
TRTMANP12903D0D9B3,0
TRBCOZR128F9339B32,0
TRPGBOD128F92EA1CF,0
TRUPHPA128F93012BF,0
TRLGXJS128F930CCE8,0
TRYYKKO128F4263A84,0
TRFFDBM128F423D4CF,0
TRLADNK128F92DBBC6,0
TRZABVF128F145876E,0
TRGMUDC128F93501C8,0
TRWDWSN128F1455842,0
TRSMOGJ128F4243865,0
TRWQWAW128F92F9A73,0
TRRKLEU128F426DE0B,0
TRUKWDM128F147EDAB,0
TROYFNQ128F149CA1D,0
TRUIQCR128F92F89A1,0
TRRFJVO12903CEF8A0,0
TRIOAWC128F145AA83,0
TRZMPNR12903C9F33C,0
TRUXZLE128F932DFA4,0
TRKTHDX128F42B3EF6,0
TRIOTED128F427E2CD,0
TRBZILV12903CDDEA9,0
TRGAXVP128E078741F,0
TRUBGBD128F93166EB,0
TRHPIXT128F1486D0F,0
TRLCDPZ128F9313C5F,0
TRIITVE128E0789AF8,0
TRLAQZF128F4282D10,0
TRMWPMP128EF34BCC6,0
TRJYPSF128F92F1B36,0
TRGWZMQ128E07816A0,0
TREDPBL128F147E7FD,0
TRBOIZY128F9302E14,0
TRBYHQO128E0788AFA,0
TRSBLDA128F1497124,0
TRNTHCX12903CF89BB,0
TRMZPGX128F92DE1E7,0
TRSFSNA128F934B326,0
TRIGXIP128F427D988,0
TRDQHCS128F9362727,0
TRTLBQF128F428A82B,0
TRCVNLJ128F4277E94,0
TRQLZGI128F933309A,0
TRXYUCN128F148841D,0
TRMUYZL128F93418A5,0
TRCQEGR128F424E8EC,0
TRRLUZO128F146192C,0
TRVHJIV128F425A142,0
TRBECST12903CDC40B,0
TRHVEYG128F42A34CD,0
TRPTAFQ12903CD8D1C,0
TRALNDR128F934B06C,0
TRRDZHQ12903CDE5D5,0
TRHEKEY128C7196DF8,0
TRUCJYO12903CEA9A5,0
TRTVFUT128F42AA8F1,0
TRIVCRE128F92D057A,0
TRMAGBA128F1478484,0
TRPDQTB128F42298DE,0
TRCQPFU128F424BF64,0
TRVAZFX128F934ABF2,0
TRYAHFA12903CD94E3,0
TRPPAKI128F92EFDE6,0
TRAZDHN12903CB7532,0
TRJFSKZ12903D0CD2E,0
TRZYDBN128F426F29E,0
TRJVLWZ128F428B3B5,0
TRNLDVW128F422AFB5,0
TRVHTKC128F932DDEA,0
TRGAIYE128F9333216,0
TRCOJAT128F4285CB1,0
TRKVGUC128F42AA44D,0
TRAZRBF128F9317BF5,0
TRGJMKH128F92F85CC,0
TRKJDKL128F42B1D93,0
TRLBHHQ12903CDB248,0
TREVFFO12903CFE309,0
TRHSOJK128F42577F1,0
TRFZNQE12903CEA98C,0
TRKDYFL128F930994A,0
TRFWWAL128F92FCF0E,0
TRQOOKX12903CABEC3,0
TRNUULM128F147F8B2,0
TRKCZZX12903CFBDA5,0
TRXPMBO128F4250A23,0
TRWJAJF128F4264385,0
TRYFFFZ128F429485F,0
TRXKSJK128F1472171,0
TRLTSSP128F93220CD,0
TRBTEKD12903CF1311,0
TRNOGFX128F146364C,0
TRNYLRT128F4263871,0
TRCHLCJ128F147B561,0
TRIBSKV128F930A049,0
TRJOKNQ128F4219E07,0
TRYLKNH128F9308F56,0
TRDWBMV128F9331B43,0
TRFJPLF128F14549BA,0
TRRONPZ128F92C4901,0
TRDRLYX128F4275E7E,0
TRGXSGM128F933AC93,0
TRMUCIT128F1472971,0
TRMZCPQ12903CE3D7D,0
TRXDZQO12903CEBCB9,0
TRNEQCH12903CF1216,0
TRRWJJX128F42B07AD,0
TRXGMJC128F42A8248,0
TRLNGCT12903CC2401,0
TRVAQGF128F4263405,0
TRSUCLR128F4286F54,0
TRDABRW128F9322AB0,0
TRURYMV128F92FF9A3,0
TRDAVOG128F93049AB,0
TRHDNFO128F9364611,0
TRIPKPX128F4272DCA,0
TREPNKU12903CB10CC,0
TRRDMLC128F146504C,0
TRACMPN128F42640BD,0
TRKDNDZ128F933720E,0
TREUEKR128F92CEAA3,0
TREUMTF128F4286807,0
TRCIDAW128F9334F69,0
TRSZIGX128F427D646,0
TRRWFFC128F93012C2,0
TRIVDNL128F93154F5,0
TRVXART128F14594BC,0
TRLHFLP128F1485384,0
TRHFEMT128F932312E,0
TRZSVOV128E07924FD,0
TRVEWML128F14AE1E2,0
TRTFFFQ128F92E9184,0
TRPDXDJ128F92EC1FB,0
TRTVKVZ12903CC508F,0
TROJBRU128EF34466C,0
TRWBAJV128F4251F49,0
TRGJCEM128F1472206,0
TRLNVSC12903CADD67,0
TRXMUXI128F422EC27,0
TRGRZLL128F4247F66,0
TRLEVDS128F4291A7F,0
TRRAZGL128F427056A,0
TRAAYQS128F145E705,0
TROXUGF128F423802B,0
TRBBVPC128F14729CC,0
TRDJCWI128F42907BC,0
TRXIRMX128F932F8F6,0
TRUNERP128F932BCF5,0
TRGDCDP128F936567C,0
TRKQPRA128F148B42B,0
TROHLQH128F425B984,0
TRDOVTA128F427BD7C,0
TRZMLYO128F1468CDA,0
TRILCVM128F423E08D,0
TRNENXH12903CE6E70,0
TRTCEJU128F426C110,0
TRLASRA12903CAD7A3,0
TRTFSAP128F42A8851,0
TRLBJXQ128F9338FDD,0
TRAFORR128F42703A1,0
TRVLHLO128F148D001,0
TRAMUCQ128F4254CA3,0
TRPEROC128F423DD41,0
TRDNDUD128F934EBE5,0
TRUSWBY128F9308870,0
TRRVAIJ128F425E400,0
TRFXNKW128E078B11A,0
TRJJVTN128F426B19B,0
TRRJACG128F14616AF,0
TRRZBXV128F423EB16,0
TREBSQD128F427B9A4,0
TRPYKGK12903CE6A15,0
TRMRKBK128F933D0CB,0
TRPTQUG128F4243D10,0
TRQLBAJ128F423096D,0
TRSILWC128EF365D31,0
TRSCDLF128F4298B2D,0
TRVVIFY128F92F693B,0
TRPJMYS12903CCD4E8,0
TRPKLHK128F42394B9,0
TRFPVFA128F427684E,0
TRBPCAY12903CCB2E6,0
TRQVYMI128E0781C9D,0
TRHDCSO128F9331A16,0
TRJMIKL128F932660A,0
TRJBYVB128F423487C,0
TRZYRGP12903D05476,0
TRAEMGG12903CEBB52,0
TRDQFPO128E078B873,0
TRMVKBU128F425BB61,0
TRVLCZX128F427AF8A,0
TRRQPBN128F4264653,0
TRCZZVL128F4234AF1,0
TRIAWGA128F421384C,0
TRSGSQU12903D02FB3,0
TRIZGIA128E078CE52,0
TRYRFPL128F146599E,0
TRUBSST128F92C693C,0
TRTAWBF12903CB590E,0
TRXQGJR128F9325D2E,0
TROJQCP128F1465DC2,0
TRFUHMH128F42AA12B,0
TRTSHXV128F42687DE,0
TRYPUIA128F428C6D7,0
TRLDCFH128F425B68F,0
TRIMZDB128F429B12E,0
TRTXLOR128EF3659F0,0
TRIEBZO12903CE22C1,0
TRFCHAO128E0792AE6,0
TRLUQFM128F4252F46,0
TRNOUWF12903CBA882,0
TRHKJUR12903CEE1F6,0
TRCTQOE128E0788790,0
TRHKXFY128F92FA6FC,0
TRTQHEY128F92EC09F,0
TRHYADL128F4293B54,0
TRFREHX128F426D0F1,0
TRIXBAF128EF34C1F6,0
TRDTZUU128F934C5CA,0
TRKJAQY128F930547E,0
TRNHSYK128F1484EFD,0
TRGSNPS128F92F9535,0
TRBZPFQ128F42A1001,0
TRLTLQI128F427A4D2,0
TRCOEJN12903CE57DE,0
TRXTZJL12903CEBC61,0
TRBTQMQ128F930152E,0
TRIGLKT128F1462565,0
TRDJTWH128F4243C29,0
TRRFUIP128F9300020,0
TRPYKSX128F932194D,0
TRXDZCA12903CB3E22,0
TRPSBBC128F428D6A0,0
TRKZVZM128F9352719,0
TRZRNST128F4230511,0
TRSMPRX128F92F117C,0
TRDQUZS12903CB5396,0
TRYYSDN128F42953EB,0
TRCQPZE12903D03217,0
TRSCYRN12903CEF1E2,0
TRRQDKB128F92F2799,0
TRBJNKU128F424E3E7,0
TRBJKFF128F422E532,0
TRPZMTS12903CE42D5,0
TRQKJMG128E0798B4D,0
TRVJXRZ12903CE82D0,0
TRMLUKZ128F933AE65,0
TRUHHYA128F9329C2D,0
TRNDYLZ128F429C235,0
TREGSXM12903CDA8EF,0
TRHQOLT128F933F272,0
TRJSDLP128F428EA09,0
TRAMIEF128E078CFBA,0
TREGPFW128F4277D0A,0
TRSSYCP128E0792A29,0
TRJRPKU128F9339BBC,0
TRWAOOH128F425927E,0
TRYXIAO128F423EE4D,0
TRCAIUD128F423D53A,0
TRJQNYV128F92EF442,0
TRTPZEC128F429AEB8,0
TRZOFCW128F4289BE6,0
TRRUUBH128F1487111,0
TRYVJGI12903CD568B,0
TRPIZEU128E0780E6E,0
TRATWFZ128F931D72F,0
TRFHFLI128F92CC81F,0
TRSSTLM128EF352521,0
TRSGMEF128F932BDC0,0
TRNXMCC128E07879C6,0
TRQQSKS128F9308BE1,0
TRAGQZW128F4294927,0
TRDVTZY128F92ECC48,0
TRXGBYL128F4298ADA,0
TRXKRON128F145E766,0
TRKJXME128F92E7F39,0
TRXOWLG128F934E6DE,0
TROCQYE128F4255ABC,0
TRNILOC128F422F24E,0
TRWXNVI128F932993A,0
TRWEUCT12903CA6E3E,0
TREGCIK128F9340BDF,0
TRGOEIA128F4213438,0
TRVFYFV128F145B71C,0
TRZEEYF128F92F60CF,0
TRXSQGW128EF3542DD,0
TRKWVVZ128F4266424,0
TRRIDTQ128F426C3FE,0
TRBUQKD128F930F702,0
TRKCBAP12903CFEB0B,0
TRFMSVG128F92CEF30,0
TRTRKTU128F42399CB,0
TRQGGQB128EF33E908,0
TRQJOPA128F1470288,0
TRLOZGV128F42A06E6,0
TRETOAD128F42A7F19,0
TRKKEFD128F4268BBE,0
TRGZSMC128F42ACB01,0
TRQZSDH128F149B04E,0
TRUIKYU12903CB075D,0
TRTCJAF128F92E72D4,0
TRSPUHK12903C9FA2C,0
TRYPTQG128F146CC10,0
TRUQHSK128F4292550,0
TROVNME128F4266026,0
TRLPQTJ128F4252D66,0
TROMOBP12903CDD658,0
TRMLTQK128F4288192,0
TRBNPNB128F93089EA,0
TRUQFOR128F4243870,0
TRRAKHI128F4248FAD,0
TRTVYFS128F92E06BF,0
TRYXHSX128F424EFAB,0
TRSPEPD128F147AD9A,0
TRNGTDH128F92F7415,0
TRNRMWV128F425E246,0
TRXATBK128F92F7AAE,0
TROCDRA12903C9E2E0,0
TRSQWGX12903CFF28F,0
TRBYJVE128F145CB0B,0
TRJBKDT128F92C8245,0
TREMYXN128F92E5688,0
TRYNACF128F933AE2C,0
TRUWSAG128E0785184,0
TRWRWTY128EF35903B,0
TRMWLXZ128F931F979,0
TRUMVYB128F1460831,0
TRZXHTY128F934C799,0
TRTNCPR128F422E51E,0
TRYBPAG128F932A9A9,0
TRVBOAI128F147B1EB,0
TRFKVNZ128F9322457,0
TRXZWMZ128F147C8D9,0
TRMMYVX128F425A3BD,0
TRJBDZP128F148BF92,0
TRVFAVO128F42579A7,0
TRLKRTA12903CC88DA,0
TRVXWQN128F9344139,0
TREUWMW128F9303E88,0
TROPOXQ12903CB78B7,0
TRYYJQY128F9320622,0
TREMXSK128E078EF8A,0
TRHYEOO12903CDBF3F,0
TRZDCOA128F92EBDB4,0
TROCLTC128F426F194,0
TRAVAZE128F934247D,0
TRGNCOA128F14AD06B,0
TRWLHLB128F931031B,0
TRPZQFE128F92F06FE,0
TRUBIVU128F92FA4A0,0
TRKHPMY128E078289B,0
TRKFDDX128F92E18CF,0
TRMKVCC128F42601C0,0
TRXFBCA128F426133B,0
TREFVZH128F4258526,0
TRGFJCN128E07825D5,0
TRXEOOW128F93065D2,0
TRGJXDJ128F1498DE5,0
TROPDHG12903CC4360,0
TRAEQBZ128F4289EFC,0
TRXJYYT128F42657F2,0
TRIJVGX128F14A8745,0
TRZIDDK12903CD82FE,0
TRGYDGA12903CFB886,0
TRLUPXV12903CD54AD,0
TRAZGXO128F42850B7,0
TRMKGQL128F425A995,0
TRXTIJO128F92E35FC,0
TRUGYAC128F1457EBA,0
TRZBPAC128E079306B,0
TRPFWCG12903CE0B34,0
TRFFILL128F9304160,0
TRFFNMI128F4262B6F,0
TRSUBIM12903CA1187,0
TRLFKXW128F425B9A2,0
TRGWYFZ128F4299A14,0
TRMCHWK128F423852C,0
TRGRANQ128F421996B,0
TRRIYYR128F42658B7,0
TRVEHEN128F92E1F2E,0
TRCOCVD128F1458AA7,0
TRPQXNP128F4253BC7,0
TRNLMIR128F92EF0A1,0
TRWSIGX128F4275A01,0
TRUGYLI128F424700E,0
TRRZTML12903CAA772,0
TRAPIDT128F1460442,0
TRKDBIL12903CBDF1E,0
TRISGMF12903CE8179,0
TRONDAK128F4213C26,0
TRETBNC12903CE095B,0
TRSTQUM128F93202A5,0
TRGQRMZ128F92F8FA9,0
TRXHIMV128F92D4307,0
TRDZHYO128F4298D31,0
TRTECNY128F42722AC,0
TRWHLDU128F92E58CC,0
TRSHJXT128F427952C,0
TRMETHE12903CD838C,0
TRMUJOV128F42ADDA6,0
TREVLIT128F933E04A,0
TRKWEUO128F425E969,0
TRLQLWF128F14A46CF,0
TRHSHBO128F426CD98,0
TRRQENI128F4242DE5,0
TRKOSKL128F1488685,0
TRGVJOQ128F4299F49,0
TRDVERE12903CEA32B,0
TRVIUKS12903CC55B4,0
TRXBMHF128F428064F,0
TRWGEDC128F42AC712,0
TRSDCSP128F4272394,0
TRPUGUU128F9313DC1,0
TRHPPYX128F429A8F8,0
TREOCMN128F425D47F,0
