TRRPRKD12903CC8150,1
TRGLJLL128F4259C2A,1
TRQECGT12903CA738F,1
TROOZEY128F9308A4F,1
TREEKZH128F1495873,2
TRFCLKK128F42BA713,1
TRPXTDG128F42A3590,9
TRLGYET128F931A700,1
TRJJLSQ128E0784E21,2
TRZUIPC128F1460DAF,2
TRKIWWK128F9339E94,10
TRMNCUQ128F9301780,1
TRUYSBA128E0789C88,1
TRGLXCP128F92E837A,4
TRHIKWM128F9320A81,18
TRUQTKM128E078F61F,1
TRLHWCW128F428BF29,1
TRIVEXX128C71969AF,1
TRCOXMM128F426992D,1
TRWUSNP128F4289F8C,3
TRBWVOP128F92E837E,7
TRRDXCZ128F42870FB,1
TRFGLWT12903CA738E,1
TRWBHBR128F42621DB,2
TREHLWL128F426D3AA,1
TRWQWEU128F14789F0,2
TRLIHEK128F92F837B,1
TRKHYAW128F148D03B,1
TRUDOYR128F14528B9,6
TRBKLIF12903CEA16D,1
TROZTEN12903CE4349,7
TRAVFPH128F42621EE,2
TRSMVTJ12903CC0467,5
TRJCZYJ128F9342A67,1
TRBETTB128F93438D0,7
TRFQTLI128F9345D77,1
TRZEOMO128F428A42A,1
TREQIPK128F14760D3,2
TRIHEZH128F4262490,1
TRWUGZZ128F428A14B,1
TRWXIGE128F1460DA4,2
TRCGWOY128F93480BA,2
TRQVORC128E07913D5,3
TRPJIEC128F9332C18,2
TRSRNYG128F4250683,6
TRGMGNZ128F4235BB6,2
TRWMHOC128F422F1DA,1
TRGMUGH128F145F98E,1
TRKWAUG128F147481E,1
TRHWARO128F14760D6,2
TRBPFCW128F428A296,2
TRANDBY128F146E8CC,2
TRFYTDH128F4262756,2
TRWLJJR128F934767E,2
TRQDMOQ128EF345430,1
TRQRFDP128F4262755,3
TRFFRZG128F9332C20,3
TRWYDBL128F426D3BE,1
TRQSOVZ128F14534EA,1
TRNSRHM128F4248474,1
TRBGRSI128F4276729,2
TRNGMAC12903CEA178,1
TRCJKXU128F9332C1E,2
TRKEGDH128F147F1F3,12
TRDUJMY128F147C05B,1
TRAMPQY128F9304A18,13
TRSFMKQ128F92DF46C,1
TRARRQO128F427B5F5,2
TRSAUNY128F423FE05,1
TRNEWSO128F92F2790,1
TRLXTNA128F933B51A,2
TRUDKIL128F92CA7E8,1
TRCJDUT128F4274F1F,1
TRZJBUQ128F1486269,1
TRXQXCX12903CA7158,1
TRTKRBM128F42621FB,1
TRTGQUZ128F145D852,2
TRNWLEN128F42626F9,1
TREEFNF128F4249F5B,2
TREJJLL128F1462E03,3
TRKICGH128F4226F90,1
TRAYLRR128F933CA9D,3
TRJENRW128E07913D6,1
TRCWJBX12903CA7203,1
TRTJIXR128E078F620,1
TRDLICP128F145740B,1
TRMNQZI128F42B58E8,1
TRDVSFK128F92EA0FD,1
TRSGGQL12903CE3CDC,2
TRLTUMU128F423C58F,3
TRQSYEE128F147CC5D,1
TRHINTD128F4223188,3
TRCPLRI128F1458DEA,3
TRDDPNF128F14523E6,4
TRGWNFI128F4262344,1
TRKSBRP128F422F16E,2
TRIAYBE128F4248471,1
TRZXMBV12903CA7210,2
TROIXQD128F422F174,2
TRRHPNZ128F42A07B0,1
TRNRRZJ128F426274E,1
TRDEOAS128F146D5DE,2
TRLWZPW12903CEA186,2
TRPDGPW128F92CA7E5,1
TRNOCDJ128F9320A91,2
TRSTOVA128F428A9CF,1
TRDVJCO128F4248470,1
TRVTIBV128F428B95E,1
TRBYRVP128F148C9B9,1
TRGNCND128F147B69C,3
TRMCLZL128F931A706,1
TRSRYWC128F93315BF,1
TRUCVMR128F92DF5E0,1
TRFBAOQ12903CA720A,1
TRZFDRJ128F429F4CC,2
TRJMRPX12903CA7399,1
TRSKQMA128F145E752,1
TRUQHGV128F42A07A9,1
TRJUOJM128F42623A0,1
TRYOMUZ128F4248473,1
TRHNHUW128F4282482,1
TRTRWRH128E078E1D6,1
TRMWJFM128F4235893,2
TRDGJYD128F42A358F,13
TRILQPW128F92E2887,2
TRDUZZW128F42A0603,1
TRAAEEH128E0795DFE,1
TRDWVGD128F9309BED,5
TRWUDYE128F4242608,7
TRIFJQF128F9301773,1
TRMOGQV128F42621E0,1
TRZCHRY128F92F8F10,1
TRBDBWW128F426D386,1
TRVBMGL128F1460DA6,2
TRCFXRB128F422F315,2
TREPEID128F92F41E6,2
TRQFNMU128F9316ACB,1
TRTODKF128F42621EB,1
TRSBOIG128F42622A5,2
TRFXHWW12903CE485F,1
TRVKSTW128F1459EAD,3
TRQOYQL128F4223192,2
TRLVTGN128EF340E57,1
TRCTJHI128F147C036,2
TRBLHSE128F92EF664,1
TRXWJHZ128F14523E3,7
TRBBLXU128F42623A1,1
TRIMIDC128F931A6FC,1
TRMPONL128F42AB3C4,2
TRVEUUV128F428AB29,1
TRITMXG128F42624A3,1
TRZTSLA12903CC04C1,5
TRIPNIN128F4289C44,1
TRUTWGA128F428A343,1
TRSYTVO128F145ADEE,3
TRWSSOB128F4295632,1
TREIKBR12903CE300A,2
TRFUOQY128F42621D4,1
TRUCHGD128E0788859,6
TRJHFGY128F4226F94,1
TRLIGLF128F9301779,1
TRLZZBS128F9300ABC,19
TRJRQZC128E0789C85,1
TREFJSO128F42621E9,1
TRSDYRC128F42621E4,2
TRDIXQS128E0789C86,1
TRIMKOP128F42A0601,1
TRKSZCW128F4262676,1
TRWWNBY12903CC847D,1
TRBCUPT128F1462B73,33
TRWPOMC128F1459EAC,3
TREBNIY128F9348215,3
TRLOEEC128F931F54F,4
TRRYHYQ128F935F3B6,2
TRNGYHE12903CA7214,1
TRZYJKG128F428AC67,1
TRRPLPG128EF345432,1
TRYMSRQ12903CE4E3B,1
TRWXCHF128F429B5E6,1
TRECRUF128F92E1FDC,1
TRILGUV128F428A4C5,2
TRFDATZ128F92FA7F6,1
TRGDEII128F4299E32,4
TRNGTKY128F4214497,1
TRWLKYS128F426D3AE,1
TRGAJES128E0784E26,2
TROYRDN128F14760D4,2
TROALVN128F147CC78,2
TRLVTYG128F145F98C,1
TRSLDNU128C7196379,1
TRICLGL128F428267B,1
TRSWUWC128F42623A9,3
TRCQTSD128F421A34D,1
TRJDDAZ128F92D262E,2
TRFFWQJ128E0784E2E,2
TRSMREL12903CB5BAB,1
TRTOKCG128F4287292,1
TRUIMTY128E0784E23,2
TRYZIBN128F4286514,1
TRNGXDB128F14867CC,1
TRBDAEZ128F931BFBC,1
TRWMOQX128F426227B,3
TRTZEOC128F4289C5E,1
TRXGRCX128F1459EB2,3
TRGDPKL128F425CEB2,2
TREVUEB12903CE434C,2
TRJQAEF128F421A0B0,1
TRLJMGU128F1459EAF,3
TRNARUX12903CEA17C,1
TRBGBAS128E078521F,2
TRIDHGS128F931BFB8,2
TREBENZ128F932EFD4,1
TRMYMKI128F9308D6B,6
TRZYUNQ128F14862A2,1
TRRCYFK128F4287289,2
TRXJDLX128F42621D9,1
TRBPOGD12903CA7385,1
TRVGOWG128E0792907,1
TRPFSJI128F422F31A,6
TRIFYUY128F1491B97,1
TRMVNEL128F9339E9A,8
TRQEWTF128EF359F2E,5
TRWGACE128F429E0D4,1
TRJLACI128F9332C37,3
TRWHMAK128E07913D9,2
TRAPFCW128F148B0C6,1
TRFPIJQ128E07913DB,2
TRJQIZB128F4248477,1
TRYRNNN128F92D262B,1
TRCRNNQ128F429F4CB,2
TRJHUIS128F423C598,3
TRTGNYO128F92F0651,1
TRMVEQJ128E079290C,1
TRNTRJZ128F4250689,6
TRTXDDW128F92DF471,1
TRRLGDR128F933A7C9,2
TRQHBRQ12903CE6AC4,1
TRSOBXT128F1459EB4,3
TRCENJS128F422273A,1
TROVMLP128F42A24C6,1
TRJIKPI128F4226F9F,1
TRDIAIH128E078DB95,1
TRUMROB128F14862A8,1
TRSHWGE128F1495360,1
TRJEEPX128E0789C8C,1
TRLTYYK128F422F313,1
TRJYKUB128F4289C6B,3
TRIZCLC128F423C596,3
TRBSUJW128F14760DA,2
TROASXG128F932E1CE,1
TRKKFYK128E078DB90,1
TRJSDUK128F4240BAA,1
TRQHKPC128F931A6FD,1
TRMSDIK128F9300AC0,9
TRIBWNE128F426D14C,6
TRSKFKF128F4217815,6
TRKXGAT128F422F316,2
TRYSOPG128F92F4202,1
TRFDZDN12903CA7389,1
TRIDXOQ128F9345DA8,1
TREJGCW128F428A341,1
TRETSPX12903CE434A,1
TRGUJRG128E079290A,2
TRLWAQD128F428BF2F,1
TRRYJNK128F4262617,7
TRASKCA128F42BA122,1
TRDLSOF128F4263005,1
TRIQJQL128E078D9B8,1
TRZQFAV128F931BF24,1
TRGSAPG128E078E1D0,1
TRTXYFN128E0784E2D,2
TRGBOHK128F42621D6,1
TRVWBTO128E0791F43,1
TROAJSI12903CA7394,1
TRLZCPJ128F147B69F,5
TRMOQGV128F930ABB9,3
TRMQZCE128F422F118,1
TRVVPHF128F42623A8,1
TRFTEIF128F4262275,1
TRPCZFP12903CA715C,1
TRSPPPH128E0791F3E,1
TRHEMKP128F426D14F,6
TRUCBBC128F428A4C9,1
TRRZWRN128F9345C26,1
TRXUEFU128F428A349,1
TRPZAOQ128F931A70A,1
TRBTBAQ128F9339E9F,11
TRKTFNZ128F93438F4,2
TRLDJDG128F425F36C,10
TRREXYS128E0789C8B,1
TRKCJLA128F42621ED,2
TRDGJFN128F9300AB0,9
TRZMHYD128F428651A,1
TRZYSPG128F92CD2B4,1
TRZPUTF128F4249F3C,2
TREJMKL128F92D31A5,1
TRMBCOG128F426D15A,6
TRJXDXF128F424096B,1
TRHSAKN128F14760DC,2
TRVTEOS128F428BF26,11
TRRMOIW128E078E1D4,1
TRBYTSV128F931A707,1
TRXMYNA128F4289F77,5
TROYOBI128F1460DA5,2
TRNWTNP128F4240654,1
TRVAHZN128F9345DC6,2
TRWDNTQ128F42972BC,1
TRIBAHG128F4233CC1,1
TRGEBTT128E07913DF,2
TRTBASA128F92D262F,2
TRTOVWD128F92F4227,1
TRGKKRD128F428B94E,1
TRZDYVB128F4277AC7,1
TRJZEWH128EF345435,1
TRIJYEN128C7196378,1
TRVJKTB128F4262283,2
TRORXFU128F4226FA1,2
TREYCXK128F4289175,1
TRTXZWO128F4228946,12
TRLXLZT128F422F435,2
TRGUCWX12903CC807D,1
TRGQFOT128F422E833,1
TRPYNWT128F42356D0,1
TRUCGJJ128E0786B9F,2
TRYBNZN128F1488CE8,3
TRMKEQH128F1460DA8,2
TRXHOSV12903CA7384,1
TRGAXLY128E0782EA0,1
TREGXCI128F9308A6A,1
TRUUMWX128F1480D7A,2
TRSEFHO128F422F30F,1
TRIVOJW128F9332C0E,2
TRWDEEG128F428A15C,2
TRXGVGW128EF34542D,1
TRDSOJH128E0791F45,1
TRXKZFP128F147C041,1
TRNXFFD128F9345DAA,3
TRLAWYF128F4272354,6
TRQLWFE128F429F4D0,1
TRLANKY128F428A4BB,1
TRUFDRV128F4262352,1
TRXHPCP128F4281242,1
TRFSWVM128F9345DB2,3
TRBOCWO128F92F41F2,1
TRQKOSN128F9345DC0,10
TRZIQMY128F146E70D,2
TRZXPLI12903CAF588,1
TRSYCCZ128F42177FE,2
TRPCTML128E078F398,1
TRLLNFZ128EF35A194,4
TRFPPWR128E078F622,1
TRGQYDT128F4263CF4,1
TRHAYXF128F428B950,1
TRYPBPG128F4262270,1
TRTEMCU128F429F4CD,2
TRFPBJS128F423C59A,3
TRYQQBK128C7196373,1
TRAKGDZ12903CE4867,1
TRNSRYN128E07853EE,2
TROSWSI128F4290991,4
TRBXXLD12903CBD4C3,2
TRUTLPS128F427E420,2
TREZIZS128E07853F4,1
TRXYIMF128F428E016,1
TRUEBXH128F1466D0C,1
TRRSOSL128F426227E,1
TRMMTWM128F4217802,4
TRUBYUR128F42621E2,2
TROHJJE128F148C5D8,2
TROBSHH128F428AB31,1
TRZSYZW128F4276FBD,1
TROJEBH128E079251B,1
TRCVWLU128F422F170,2
TRWTQVX128F428A290,3
TRTAVRH128F4289F7C,7
TRNVLQK128E0795CC8,3
TRKPSGR128F4222717,1
TRHZZGJ128F429F4D1,3
TREAYDQ128F147CC6C,1
TRAGPAF128EF34542A,1
TRDOCRC128C7196B0E,8
TRWVZBZ128F1462E08,3
TRGHTGJ128F4223194,4
TRHGWDS128F428B099,1
TRPVVWW128F42385E3,2
TREQJWZ128F1459EB5,3
TRWTQCV128F1462B7F,23
TRILOKB128F148C9C0,2
TRUNIPO128F423588F,1
TRZGABY128F1462E00,4
TRCEKAA128F4289C74,3
TRCVEQW128F1462BAA,1
TRXLSUC128F4262523,1
TRIWUJT128F92CA7E9,1
TRHFVVM128F426C2E8,1
TRSODXM128F9342C6B,2
TRXEEFQ128F9345DB9,6
TRNFMMA128F428AB3D,1
TRYTDFY128C7196377,1
TRJCXHB128F428AC5B,1
TRUNLQI128F4289F8B,2
TRRJQTI128F4223186,5
TRUXMCT12903CEA170,2
TRFIEUJ128F148626E,1
TRAPAUJ128F9348B99,2
TRQRJIA128F930177F,1
TROFHNA128F4226F95,1
TRQQRFN128F425068E,4
TRRNGHA12903CA738C,1
TRBUQDY128F4224435,2
TRFKSGD128F148626B,1
TRQYKPU128F4249F54,2
TRXUDPN128E0791F3A,1
TRQERBX128F930429C,2
TRJSLYF128F92F4213,1
TRJJZME128F428B83E,2
TRKNTFB128F4278691,1
TRPVKCG128F1465ACA,1
TRSLMMR128E0784E24,2
TRBEOBM128F428A33F,1
TRIOWBB128F92E8374,4
TRNWBYA12903CBD4BD,1
TRDRIVR128F428A34F,1
TRPNSZA128F1462B85,15
TRQRGMC128F932EFC0,2
TRWAUYP128E078E1D2,2
TRQZDYO128F42B4505,1
TROTHHF128E078DB9B,2
TRQEPNW128F426D3A8,1
TRJQRQO128F4262429,1
TRSAIDC128F1462E0A,3
TRYZMOC128F423E58D,1
TRLEZGR128F422F30D,1
TRTGVWW128F42951F9,1
TRLKBYD128F422F216,1
TRJFRHF128F14523E9,3
TRFQDHT128F4277E01,2
TRWCXLD128F422318D,2
TRQLJBZ128F9304299,2
TRQMBBE128F1462A89,3
TRAXOPP128F146F276,1
TRZVRXH12903CA7396,1
TRCRZAM128F4289C77,2
TRRJQGX128E078A473,2
TRHLVME128F14523E7,3
TRLRJIT128F14AE31A,1
TRBKLDM128F427D0DA,4
TRCEJPR128F4265C78,1
TRSMBFG128F422F210,1
TRXKBPT128F92D63A9,1
TRKAEEC128F145BBDB,1
TRNGJHQ128F424846F,1
TRBSHWI128F4289F7A,5
TRWLWXW128F4241AFB,1
TRDRXVA128F4289C4C,4
TRXAXIU128F9337EA6,1
TRPJPXV128F42A07AF,1
TRSKXMY128F4249F3F,1
TRHAKOP12903CCBC11,1
TRLVKIT12903CA720E,1
TRVINSF128E078E1CE,3
TRGRUXA128F4292BD0,1
TRVOUJZ128F93042A4,2
TRPCNOS128F9301776,1
TRABBHI128F426260D,3
TRQVXYU128F1478786,4
TRUOOUV128F4285FB9,1
TRCWYMN12903CA7392,1
TRJECPV128F428DFA3,1
TRNRRKA12903CBD4B6,2
TRNZMGX128F428A2F3,1
TRCDFWB12903CBC173,5
TRAPUDN128F423B45C,1
TRTZUKR128F42705A0,1
TREJZRQ128F14872A1,1
TRURHQC128F428CFB2,5
TROZVHN128F4262274,1
TRSNHHR12903CC8481,2
TRIHEDR128E0789C8F,1
TRTOXEI128F428AB3F,1
TRYWAGE128F931A709,1
TRMCECH128F14760D0,2
TRJCFPJ128F148C9BE,1
TRSQPRG128F92CA7EB,1
TRWCACH128E078DB9A,3
TRFFOZQ128E0789C8A,1
TRAUBDS128F931A703,1
TRGJOOL128F4219E68,1
TRFSQME128F42A07AB,1
TRNGTUI128F9332C1D,2
TRWJXBP128F4223193,5
TRTCMBJ128F92F41DC,1
TRNUWQM128E078DB97,1
TRFZCUQ12903CC04BA,5
TRITLPB12903CA720B,1
TRXYQWF128F4248476,1
TRVYZIF128F1462E02,3
TRTPOIV128F148626C,1
TRMSBLH128F92D262C,2
TRKMZYK128F429749A,9
TRAIPHQ128F1476A28,1
TRNZJVY128F92E9241,2
TREJAUV128E0792A2A,1
TRNEQFW128F92F027E,1
TRTGLOI128F9345DB4,2
TRQMSHM128E078E1D1,3
TRLNPZF128F4295010,1
TRKTNME128F4277ABF,1
TRBRTOK12903CD8DE4,1
TRFDHQG128F426D3B8,1
TRALAJE128F42623A5,1
TRIMKLZ128F92F424C,1
TRBYGQK128F9332C1B,3
TRFXTPD128F42986F9,2
TRVDMOH128F42BB809,1
TRWAGOD128F428B95C,1
TRRCHTP128F4225FFE,1
TRZMJUA128E078F619,1
TRXIWLJ128F14528BC,7
TRSLZDS128F4226F93,1
TRLLQHP12903CC04A6,7
TREGYJC128F42177F3,2
TRZBTHV128F428A610,1
TRRSOIC128F9343B94,13
TRTIYRV12903CBD4A8,2
TRCLNJL128F9320B0E,1
TRDZPFU128F4289C6E,3
TRKDDZY128F9344907,1
TRRBWTS128F428B952,2
TRDINNG128F93480A6,7
TRZBHDO128F147C8D1,1
TRPFNBE128F9349E8F,1
TRDLKVJ128F42A3592,15
TRVRZQK12903CDB07D,1
TRQJMFF128F932EFBE,2
TRPCRIV12903CD6882,1
TRJCDWR128F1462B7D,10
TRDLTSH128F422F235,1
TRDMXRR128F428B84D,1
TRZNTJZ128F14528B5,4
TRJUMGM12903C95B1F,1
TRBUWHV128F426232F,1
TRXOLMW128F422F1D6,2
TRXSCCD128F92F0705,1
TRDSXGY12903CA7391,1
TRSFLDH128F426D383,2
TRTIUPK128EF345427,1
TRZXTBX12903CCC640,1
TRKBWFI128E0784E2A,2
TRTXKJZ128F14528B3,19
TRQXLCM128F429B770,1
TRACUPC128F9344900,1
TRIPEHH128F1462DFF,4
TRHHNQB128F4248478,1
TRURKKU128F4289C51,4
TRDOHMU128F427B5ED,2
TRLZSSX12903CC049A,5
TRXCDHD128F426231C,1
TRCHBVG128F42621DC,3
TRDFISV128F429B04B,1
TRZCKPB128F145E755,1
TRHXGAV128F4228EC8,2
TRGIFMY128F4262272,1
TRKHXUT128EF345433,1
TRZXQFG128F1458AA9,1
TRFQUZJ128F428A454,1
TRPFHTQ128F9345DB6,2
TRDWHEJ128F1477ED7,1
TRMBPHE128F428B751,1
TRIMVUS128F428A345,1
TRSLEHD128F14760DB,2
TRUXUOX128F4219E75,1
TRMZSNY128F422318B,9
TRLKFJB128F42A05F2,1
TRFRPFH128F422F111,2
TRMHQSU128E07913DC,2
TRRZJMW128E0794C60,1
TRVXIFS128F426227C,3
TRTKSFT128F147B69E,3
TRGEGJN128F42B4541,2
TRRAECR128F932EFB6,2
TRKQOJJ128F4226F9D,1
TRPSOXK128F428AC0A,1
TRCJYPQ128F1462E04,3
TRUGNPR128F14523EB,3
TRXTMMV128F9339E6F,12
TRVZJIB128F92F3CF8,1
TRQNVKS128F147878C,3
TRRWMZW12903CC813B,1
TRXMWAJ128E078A47E,2
TRXBBLC128F426D151,6
TRMGWVG128F426300F,1
TRQQKVY128F9344E57,2
TRYTLVS128E07857C3,1
TRBZZIN128F4262758,1
TRTKPPL128F4295205,1
TROTQVJ128F14528BB,7
TREQMRE128F92EF65C,1
TRALDDK128F9300AC5,4
TROKNMA128F93257D4,1
TRBWJNQ128E0792518,1
TRBBWFL128F1494399,1
TRSHYWO128F1462A7C,6
TRAUMEY128F4289C47,1
TROTLYN128F1495878,1
TRBAXQM128F4262669,3
TRRKYGH128F4284C5D,1
TREXYBN12903CA71DC,1
TRAAIMC128F42625C6,7
TRSXHYK128F93201CB,12
TRLEBSO128F1495874,2
TRHTAPD128F930D7B6,1
TRUGCAQ128F1486266,1
TRRLNOZ128F4289E4D,1
TRRTEZO12903CD5C04,1
TRUGMDK128F423588A,1
TRBZUQZ128F42B4594,4
TRYJYUX128F92EB867,1
TRMOADH128E07913DE,2
TRTBGPK128F427059D,1
TRIZPFV128F9304D6D,2
TRHHCZT12903CD8DED,1
TRTDVAM128F42705A2,1
TRUYUPP128F42621EA,2
TRUJLOE128F422F1DB,2
TRTOPRB128F145E751,1
TRDVSSV128E0784E27,2
TRXRKFV128F4250697,4
TRXZFNZ128F931F62F,7
TRJMIEZ128F934765F,1
TRBHYZM128E07853F6,1
TRKLNTP128F428A42F,1
TRMRAHR128F428ABA2,1
TRFCJEJ128F426274D,1
TRMXMOA128F14534EE,2
TRQNSSP128F147182B,1
TRDCZHM128F93480B1,6
TRNVJAN128F147481D,1
TROVWFQ128F930177E,1
TREWVBA12903CAA83B,1
TREBULK128F9332C1A,2
TRLUJEV128F427059E,1
TRSUBSI128F1462B81,23
TRARDOK128F9300AB5,1
TRSBLUM128F1460DAE,1
TRTQUEI128F9301775,1
TRFNWWV12903CC814D,1
TRWSQAH128F147B6A4,4
TRSVMSF128F422F219,1
TROBSUH12903CDCE6C,5
TRMTRVO128F4285EDD,1
TRVZZUW128F42784D7,1
TRONODB12903CC509D,1
TRUCVNT128F9344423,1
TRSZAEP12903CD4DE9,1
TRCGFVT128F42AD91E,1
TRSOLMF12903CCFDBE,1
TRUJHEC128F422F116,1
TRCMAHC128F424E83E,1
TRWGQPM128E0789C87,1
TRBZBTV128F931F5DB,2
TRRXBYC128F4262389,2
TRQDLFV128E0784E28,2
TRJAJOK128F425068B,4
TRBLTZE128EF343BFD,1
TREXPED128F93201ED,5
TRVVWFP12903CAA89C,1
TRXJCIY12903CE3CD3,1
TRZVMVO12903CE4873,1
TRZCBAL128F1459EB0,3
TRQUXPB128F147C1DA,1
TRPCSBM128F428A5D7,1
TRQULLJ128F4275D66,1
TRRZLGR128F14ADAF7,1
TRPBLDC128F931A708,1
TRURLVE128F426249D,1
TRBKCJS128F92E8371,3
TRCTDPF128E0789C84,1
TRJMBRL128F1460DAB,2
TRAASQC128F93480F0,7
TRAOWIK128F92F7476,3
TRASZLF12903CA7204,1
TROYUDS128F428BA38,1
TRLQEIK128F4240959,1
TRAODFE128F429F4CF,2
TRCFELD128F423B45E,1
TRHJZAG128F1460889,1
TRVYQYY12903D047E6,1
TRMANTJ128E0784E29,2
TRKQVTI128E078F61C,1
TRQQLDY128F422318E,2
TRFYFSX12903CAFE7B,1
TRWDTYW128E078DB94,2
TRWLXNL128F931F552,9
TRDGSLH12903CA7200,1
TRJKZBX128F92F2BB8,3
TRARFER12903CF5E3F,1
TRUTVNI12903CA70F4,1
TRQDOEU128F4289F7E,6
TRPJFLO12903CF24BF,1
TRNBZFT128F14789F3,1
TRUDRBD128F9320A92,3
TRIKJSE12903CCC9E5,1
TRPBMZS128F4295086,1
TRPKYHA128F14964EC,3
TRNNHQS128F4236582,1
TRJYNJR128F93481FB,1
TRJTFQP128F4256892,6
TRLDRPL128E078B007,1
TRHKKUD12903CEA17B,1
TROUSNL128F42625AD,1
TRQILCP128F14760D2,2
TRYOCRL128F4270596,1
TRFAGCG128F14760D8,2
TRCOVVJ12903CEA175,1
TRJUCXW12903CBD4B3,2
TRFIWZT128E0791892,1
TRMWMDF128E07913DA,1
TRFXZGG128F148D132,1
TRKFTEF128F429B128,1
TRZWVPJ128F428A470,1
TRRYZKL128F9300ABF,1
TRGBFPD128F9342C5B,3
TRYCQIL12903CA117D,1
TRWLZQY12903CF744B,1
TRQTDYX128F9317017,1
TRCZKQI128F42621DE,1
TRIFYMG12903CD8DE0,1
TROKPEM128F92F605B,3
TRSJJST128F1460DAD,2
TRFLVKB128F147CC69,1
TRMNRLD128E0785189,3
TRBBURT128E0784E1F,2
TRKZUCK128F9308A47,1
TRSMSSY128F92F425B,1
TRFOUJM128F9339EAF,8
TRCPRJN128F428AB39,1
TRPFZVM128F4240BF0,1
TRRRWDM128E0791464,2
TRKRCGL128E0789C89,1
TRGQKXP128F1452E77,1
TRRNFHH128F92D262D,2
TRYXRYB128F4289F72,6
TRYWYIE128F92CE696,1
TRMOQCO128F4248472,1
TROVFTW128F425E21F,8
TRWFRQD128F4250685,5
TRIAKAL128F42BA1B9,1
TRGCPLX12903C95B26,1
TRSDMRB12903CF344A,1
TRFKBAS12903CD8DEA,1
TRSHAUH128F14760D5,2
TRUHYNC128F92E288A,2
TRASAIH128F931F567,4
TRAAIKA128F426D3BB,1
TRLLZWL128F42A0604,1
TRMSDFD128F425C92E,1
TRMHIDV128F4248FA1,4
TRRNQWQ128F14760D9,2
TRJNTTC128E07853F2,2
TRKNLUU128F42AB3C2,2
TRHIDSI128F930177B,1
TRXSEZH128F4262271,1
TREQKKN128F42622A3,1
TRHPOIX12903CE895D,1
TRTKNQS128F42177F8,5
TRMKCGC128F9337A7A,1
TRSGYCM128F423B460,1
TRFJTGE128E0785167,3
TRMWBOH128F9300AB8,11
TRFZMGP128F932EFCD,2
TROCZHY128F4261041,1
TRPDDXJ128F42A0605,1
TRLOQHP128F42A05F7,1
TREFVQK128F421780B,4
TRBIYWP128E0784E22,2
TRMGSZM128F1460DB3,1
TRCQRCF128F428AB43,1
TRFMGRI12903CC0440,5
TRKAHJF128E07913D7,2
TRHGOFU128F422F211,1
TRDXVGC128F424E601,1
TRZXNKA128F92F41B8,1
TRULXOC12903CE4353,5
TRJHIKI128F42539D8,8
TRRBKGN128F147481C,2
TRRZHML128C7196376,1
TRLETMI128E078A47F,2
TRISBIO128F4262751,2
TRXUAYJ128F428AB2F,1
TRFJRJY128F14528B2,8
TRCIBJC128F148626F,1
TROENZK128F427262C,1
TRQISBD128F429B12A,1
TREMMOT128F14523E4,7
TRFZZXF128F92EF279,2
TRJCJAK128F425CEC1,1
TRDNUZA12903CE86FF,2
TRLUQQE128E0789C8D,1
TRABAKG128F4262750,1
TRSWVUO128F4277AFA,2
TRECVXL128F4272642,1
TRXPHCS12903CBD4C1,2
TRNXIZM128F426226F,1
TRNIIFM128E078E1CD,3
TRTIYSQ128F4243175,1
TRMZUYF128E07836CF,1
TRDAYHC128F147878E,2
TRAUOPE128EF367610,1
TROVFKQ128E078F61D,1
TRGCRLC128F428B954,1
TRMKUKB128F428BA89,1
TRYIXBZ12903CD4DE2,3
TRSHRAT128F9344E4F,1
TRWJQKR128F428A4C7,2
TRMYUVC128E078DB96,1
TRQSYGT12903CC04C2,5
TROCHSZ12903CE4879,1
TRFJFNZ128F4289F83,9
TRSYNTV128F1462B70,23
TRDVFTP128F9300AC4,3
TRFTKSS128F424E604,1
TRLHALK128F148C9C3,1
TRWRVAL128F42372A3,1
TRDYSXH128F4262754,1
TRWLOCY128F9338118,2
TRLRVKQ128E07853F5,2
TRZUSCF128F424F0DD,1
TRGCENZ128F931F61D,8
TRXXGBB128F934766C,2
TRCCLBX128F9301777,1
TRJLWNY128F42AB3B0,1
TRJDCXY128E078A20F,5
TRVWOQY128F930177A,1
TRPUHZC128F4270591,1
TRGQYOV128F92DF473,1
TRZWGLY12903CA4A2E,2
TRTVBIX128F4223198,6
TRMHHYT128E078F4F0,1
TRDUOIP128F147D5A7,4
TRRBKWU12903CEA1BA,1
TRUTITA12903CE48E8,1
TRLAEHY128F4262611,1
TRVQZGO128F423C593,2
TRCAKBO128F148626A,1
TRKZZUV128F4223197,6
TRXTTZO128F426238B,1
TRUJTCP128F9359439,1
TRZCKFR128F426274F,1
TRHXFXY128F1495365,1
TRZCNNW128F422F1DF,2
TRBRABC128F42784BF,2
TRUYFQN128F429C0F7,2
TRMHAJE128F429B800,1
TRHTRAC128F9345DD0,6
TRXVUQZ128F428728B,1
TRTCGXB128F4226F9C,1
TRSLUJV128F428BF2B,6
TRTVUVL128F42622A2,1
TRAHMQX128F1491BA9,1
TRVUGOC128E078F623,1
TRENDIM128F428A33B,2
TRYUAED128F42858BF,4
TRSZCYU128F4263CF2,1
TRYKFTP128F42A07A7,2
TRJSLLN128F428BEE2,2
TRKYEDC128EF353A40,1
TRLUNES12903CDE0E8,6
TRPBBZU128F14923BE,2
TRDMCME128F428A353,1
TRVDIMT128E078DB93,2
TRBJZCZ12903CE4905,1
TRRIUVD128F426227D,2
TRFBBAX128F42443EC,1
TRKAFKC128F4250693,5
TRYCIQP128F9339E76,9
TRIUZYM128F4222715,2
TRQIENI128F931A701,1
TRYXOKW128F428B94A,1
TRFFEQJ128F4277AC4,1
TRNOHJM128F92E8378,5
TRBJYEE128F1474820,1
TRXFGTZ128F9344911,1
TRJFDEJ128F423C58B,2
TRWUEJN128F428B81F,1
TRLHRBC12903CF5E3D,1
TRZBRHH128F426226D,1
TRZWMXN128F92CB359,4
TRVGTFH128F147CC97,1
TRWFFEM128F4262753,2
TRBOKUK12903CAE13F,2
TRWKVRK128F9345DAC,7
TRUKPLP12903CE434B,1
TRZDYFK128F1459EB6,3
TRBIDUM128F4262276,1
TRZRLZR128F9341015,1
TRXBTXT128F422F176,2
TRXYKXI128F92EC75B,1
TRZLIOU12903CBFB39,1
TREXPJM128F931A6FE,1
TRGJYAU128F42A07AE,5
TRIOMOT128E0794E41,3
TRBSWLF128F1456CB9,2
TRLWCKG128F42621DA,2
TRBVXMG128F42621DF,1
TRCCUBA128F424FD05,1
TRKXJLW12903CCA755,1
TRLSLZP128C719636F,1
TRVNSNH12903D02DC2,1
TRGETCK128F1460DB1,2
TRDJUJT128F42825FF,1
TRJXQYC128F92E6BB7,2
TRERQXH128F9341DF8,2
TRPGGDI128F4262499,1
TRFZEDJ128F9320A7F,2
TRFQZMN128F4226F98,1
TRHAXEH128F930177C,1
TRWBXTC12903CA71E8,1
TRFCMRD128F93127E3,2
TRCQAZW128EF3439E5,1
TRBHJYE128F428B730,1
TRNXWET128F9339E88,15
TRIRJOU128F145F994,1
TRQWUOG128F428A4BF,1
TRBZYYG128F42591B7,1
TRMLBEG128F42BA124,1
TRMDUPQ128F428729B,1
TRJEBWA128F423C594,2
TRTTRIF128E0784E2C,2
TRUTFPM12903CE4862,1
TRLNIWK128F428A45A,1
TRREWZY128E0785081,1
TRILVHS128F930AF73,1
TRZOVRO128F426242D,1
TRXFKAF128E078884E,3
TRBTYXS12903CBD4A3,2
TRBMBHJ128E0784E2B,2
TRIFENV128F935F3C5,2
TRYQPFX128F427B6CF,2
TRANGQX128F422F1DE,2
TRAZKSH128C7196374,1
TRYVQOA12903D0198E,1
TRYSIVI128F423588B,1
TRLUCGR128F4277AC1,1
TRKSDBX128F9345DC9,11
TRNCLSS12903CEA17A,1
TRKGEIQ128F931F548,2
TRTBRSU128EF34425F,3
TRTIGZB12903CBD4B0,1
TRULUXG128F9320A80,5
TRQHUZE128F42385E8,1
TRAZVQI128F4262277,1
TRWVJBX128F9320A8B,4
TRFZSEM128F423C599,3
TRNNXTV128F932EFC3,2
TROEPBD12903D00BD2,0
TRPCXFY128F149544C,0
TRNFPNO128F9326272,0
TRIHJJM128F92FDC6B,0
TRPDNXG128E0792502,0
TRIPJXC128F4263D15,0
TRAZYXD128F4239F02,0
TRUXRGG128F4254BDE,0
TRUHILA12903CAF629,0
TREMMTZ128F1461B8C,0
TRWZXRN128F4261218,0
TRSYARW128F14A37C8,0
TRNCTWY128F930D13C,0
TRJGDFL128F93452B2,0
TRMTSVS128F147DA29,0
TRRSNYQ12903CA93C6,0
TRMWUZZ12903CEE0F3,0
TRVKFZT12903CC9D73,0
TRZGYCR128F92D8641,0
TRLXYTL128F427853A,0
TREKPXE128F92F7371,0
TRCUTVF128F145A75B,0
TRAXVKP12903CD2A34,0
TRQYSVQ128F427F00A,0
TROWZID128E07910EE,0
TRIGAXW128F423EE89,0
TRASAKZ128F934A412,0
TRDVPRI12903CD14C8,0
TRPHCQY128F9365CC3,0
TRLIUSP12903CDD738,0
TRRJLSP128F428A55E,0
TRYCBQL128F422923E,0
TREUDVO128F92D6343,0
TRMNYEZ128E0788B11,0
TRUMJOX128F148DF7C,0
TRQLXSO128F4267819,0
TROYHEU128F92FF88B,0
TRKEPQU128F1490338,0
TRDZSLY12903CCEA48,0
TRPPXXH128F424FE1F,0
TRGVPZG128F42279A2,0
TRMEAGQ128F427BD1C,0
TRVPKEP12903CF7B3F,0
TRAXDZW128F92FEB6C,0
TRRPDLH128F9334A08,0
TRKERFI128F4273A0F,0
TRKCLYY128F92E9E93,0
TRNQAFI12903CB63ED,0
TRLTDVY12903CEB17A,0
TRXFJIJ128F1498CEC,0
TRCOGJA128F14641BF,0
TRFQHTV128F428932D,0
TRBOSAP128F427B6B3,0
TRTSYCQ128F4266940,0
TRECXML128F9312B22,0
TRMINOV12903CAD88D,0
TRUYAPE128F426AFB2,0
TRPWVLN12903CAF491,0
TROETAI128F930ADD8,0
TRUBPDV128F93190D5,0
TRCUCHZ128F4274988,0
TRGVFOH128F92FA58C,0
TRAXXNU128EF343DE2,0
TRRIAYU128F930925D,0
TRPXBOB12903CF572A,0
TRHWQOE128F4262331,0
TRKBAWH128F9320839,0
TRBDSWA128F92FE70A,0
TRIMMHE128F147714C,0
TRLTRRH128F42630F8,0
TRFVTBO128F1468577,0
TRXXKYW12903CC92FA,0
TRRXGTF128F9350A47,0
TRVKVKS12903CD45EC,0
TRPIGQG128F4268F8F,0
TRQVASP128F1489EBC,0
TRKKWDZ128E0785753,0
TRRTQGL128F92F3284,0
TRRANHY12903CE9710,0
TRZQHTM128F427B98F,0
TRYDIYV128F932FBCD,0
TRPBBLT128F14A2C47,0
TRYPITB128F92C44CA,0
TRWQGQN128F1473F20,0
TRANLSJ128F424C629,0
TRPLYNZ128F932E01D,0
TRZUGMD12903CAF504,0
TRIUFJA128F9331879,0
TRLKARU128E0798E99,0
TRBRBLY128F145C400,0
TRMPOKH12903CC0083,0
TRUGYHF12903CAF413,0
TRFWQEP128F148D447,0
TREOPPL128F92EAE54,0
TRLVIAR128F423CC4D,0
TRIMLEY128F92F2822,0
TRDUXYC128F92C30C9,0
TRKLJMU128F932CE5E,0
TRQFIHP128F427E13C,0
TRTBWBX128F42930C4,0
TRXFHSX128F9302CB6,0
TRPSWYV128F92EBF86,0
TRUVBHR128F4272AAF,0
TRHXNQH128F934C0BD,0
TRMRWVS128EF34C217,0
TRAYALD128F4250AB1,0
TRRVOPY128F427CA23,0
TRAGHQB128F92E32FD,0
TRHGKBV128F4221F44,0
TRQXZGM128F423BEA7,0
TRXUPQI128F423DCFA,0
TRMPZDP128F42B9EE1,0
TRLZRXF128F92DCB08,0
TRFYOQZ128F92EAAF9,0
TRMZPED128E07937DC,0
TRASZNC12903CA6D0C,0
TRCHWRV128F931EA54,0
TRWUIMY128F423835E,0
TRLOXHC128F42736B9,0
TRPFMHR128F4299D78,0
TRITAYR128F425AC6D,0
TRCWKTC128F429220E,0
TRLXNLB128E078419B,0
TRUPOJN128F42944B6,0
TRXCSRF128F4245009,0
TRKFVJL128F4226289,0
TRRVSHN128F42812B1,0
TRGUHPW128F92F85B4,0
TRVUOEE128EF34DAC2,0
TRUXDAN128F933B143,0
TRFDFXB128F4292802,0
TRWJAXU128F4237A74,0
TRPYLAJ128F4218B2F,0
TRMYKQD128F92D632B,0
TRPXBJA12903CE0BC4,0
TRJFKRY128F92DD914,0
TRDTAGH12903CD9058,0
TRMQUXL128F4230556,0
TRDWBZE12903C9EAB1,0
TRRDYBJ128F4251557,0
TRAFKIT12903CF3DA8,0
TRDVALC128F1475D56,0
TRJKZHV128F149074C,0
TRUZEYN12903CE6706,0
TRQSYJV128F42619F5,0
TRNSOVZ12903CB81D6,0
TRRSPWS12903CC8178,0
TRBJRSS128E078F6F8,0
TRFDPXD128F4243088,0
TRRYQKU128F92EBC92,0
TRWFFDH128F9320527,0
TRIYQEI128F4296CEA,0
TRXWCAF128F42948E3,0
TRPUDOQ128F9344F23,0
TRUVRZK128F14674FA,0
TRORPKG128F933540F,0
TRBCRYY128F427D645,0
TRATXIS128F92D9676,0
TRBRFEI128F1495695,0
TRWVRJQ128F931B8E4,0
TRQCWDS128F9303FF3,0
TRWTERJ12903CC09E1,0
TRQZLBT128F93498FF,0
TRGROIL128F423A773,0
TRWGSWI128F423CC8D,0
TRLSAWA128F146BD90,0
TRXLHQA128F1497487,0
TRZODIW12903CF10C9,0
TRTZKOY128F93433B3,0
TRTQVQH128F931B133,0
TRFFNSX128F92F9128,0
TRJANJF128F145E764,0
TRKZHKS128F42733F2,0
TRWCBCS128F427AF3E,0
TRYZHVS12903CF03BE,0
TRIIPXR12903CDBF1A,0
TRTRFQX128F9315ABF,0
TRIPFWK128F4275BD0,0
TROJNLU128F422BA0B,0
TRMWARU128F424A69A,0
TRFGMEO128F92F6B42,0
TRZHVCF12903CE4733,0
TRGGZSZ128F92F9A6C,0
TRFVYSO128E078632B,0
TRPQSTM128F930A946,0
TRYRQVA128F427CA29,0
TRQYCZI128F425A861,0
TRNISGJ128F423C239,0
TRNIQMV128F42ACDA3,0
TROVZNI128F9341E81,0
TRQVCRW128F424FAA5,0
TRCJSFS128F147AADD,0
TRDWZCE128F4264D6E,0
TRIZVKE128E0793560,0
TRTEXUK12903D05D7E,0
TRYTWYV128F9349535,0
TRCUKRV128F930FDE7,0
TROLFJY128F426BDF2,0
TRXLZCW128F427ECF5,0
TRJIGBP128F4292163,0
TRPPDOY12903CA66F5,0
TRWIZUW128F933A191,0
TRTTVWH128F424517A,0
TREEOLR128F92C6147,0
TRXERID128F1490867,0
TRUBFYF128F1473CBD,0
TRJDZEP12903CDDA63,0
TRHYQSD128F42729DD,0
TRYOIKS128F4274001,0
TRJARWB128F42438D6,0
TRLCMTD12903CB7523,0
TRASZOI12903D08188,0
TRIGHKA128F4286B2E,0
TRYMMRB12903CC0C83,0
TRDDRAB128EF35FAC9,0
TRAWDEG12903C9A9DB,0
TRWHYHO128F146E27B,0
TRVEHLB12903C95661,0
TRIDCNZ12903C9D0E1,0
TRXXYQU128F14693D5,0
TRHUAJU128F9316D42,0
TRZAJSZ128F9301CC8,0
TRYUYUU12903D05623,0
TRNVCBG12903D00E75,0
TRZHIMH12903CDECDF,0
TRIWKFA12903CD9287,0
TRGRDEI128F93229A2,0
TRQZSMA128F42872B0,0
TROVYQK12903CD465F,0
TRWFCDD128F14613DB,0
TRMZKFZ128F9320234,0
TRJFFRP128F4247BD5,0
TRDILDP12903CF3D37,0
TRORKJF128F427790F,0
TRDPFOR128F42951D8,0
TRQGFCQ128F425627F,0
TRSVMDV128E07833D8,0
TRODRZZ12903CB0509,0
TRCXWZF12903C9CF39,0
TRPORHV128F9322512,0
TRVYSRA12903CA45DB,0
TRFQICA128F424D4DF,0
TRZTDNB128F146DFC0,0
TRCHRFB128F429813B,0
TRVIKTT12903D0CF28,0
TRFPQHJ12903CFBA61,0
TRRPLUR128EF3590B2,0
TRGJABL128F92E9C30,0
TRVGYIE128F93290E1,0
TRRDRHV128F145B1F9,0
TRAFWPB128F9325268,0
TRJKSOR128F92EFA8C,0
TROOOLN128F9335277,0
TRODAMH128F92D04D0,0
TRWQHBR128F42BA526,0
TRQROFJ128F429FA32,0
TRZBIRY128F92C5927,0
TRJZZLY128F4257581,0
TRJQMIO12903CC9D7F,0
TRWIEBM128F4281AD2,0
TRUWCBJ128F146BFDE,0
TRIFIXF128F9338C5A,0
TRCCSRJ128F147ED54,0
TRXRYKJ128F931228F,0
TRAMOJO128F92E2508,0
TRQODDA128F93098D3,0
TRPKXQA128F92F434A,0
TRQNHVE128F92FF606,0
TRRVGTZ128EF35378F,0
TRWATPR128F932C046,0
TRODUXX128E0782953,0
TRDJBKL12903CB25FF,0
TRISLBR128F426B9CC,0
TRXVEBS128F933087E,0
TRPXWFG128EF35F666,0
TREOSXN12903CB40B7,0
TRMCSZJ12903CEAB5A,0
TRMHGJC128F931053D,0
TRGBQKD128F42A2E1D,0
TRAVCZJ128F42B4FED,0
TRSOCRH128F422A501,0
TRYZVPW12903CEF10D,0
TRLNSAU128F14A67FC,0
TRHTDAY128F4228092,0
TRIPMMK128F426DFE7,0
TRWVRTQ12903CC6426,0
TRXWBUQ128F147F9A7,0
TRHXRXN128F146A172,0
TRAIMIS128F421E51F,0
TRXALSL12903CE1C7F,0
TRPJJKK12903CB88A3,0
TRQYPPJ128F428941F,0
TRPBBTD12903CDE24E,0
TROGJBI128F423D02B,0
TRPHEIX12903CCB947,0
TRZOSCR128F423B299,0
TRRJCXZ128F92E53C3,0
TRPNBQU128F427AB21,0
TRUDCWN128F931BC7E,0
TRXJBID128F4278A1E,0
TRHGAOI128F4269769,0
TRYSPFH128EF35772E,0
TRJLHLN12903CF729E,0
TRJTANM128F93135AB,0
TROBKGR128F932D8BD,0
TRFFDYQ128F426B20B,0
TRVZCXG128F145E871,0
TRQWBNS128F4265100,0
TRWHBVN128F1474235,0
TRJVJYH128E0789677,0
TRZREVQ128F92F99EF,0
TRCBNRJ128F92E452A,0
TRBSHXS128F92E2F24,0
TRNVZDR12903C9EC78,0
TRAAWVV12903CE827E,0
TRUMDZM128F145C108,0
TRHUYUZ128F931BEBB,0
TRRQPBN128F4264653,0
TRISYZB128F92DFEC9,0
TRJDTED12903CB0B86,0
TRHCTAW128F42564EE,0
TRAFOIV128F93420A5,0
TRSKAPS128F428BEA6,0
TRGKLAN128F93238FA,0
TRPJKZM12903CDF5D6,0
TRNPGJI128F146F9BC,0
TRCLDON128F9301B91,0
TRAHJJL128F423B919,0
TRTGFEC128F4298603,0
TRANNMO128F92C26CE,0
TROJHSW128F9342E36,0
TRLBINV128F934AFBF,0
TRDGCYJ12903CF5F20,0
TRSUJQJ128E07966AB,0
TRXCEOD128F42368ED,0
TRFFKTI128F423CF07,0
TRRIJAU128F931CE3F,0
TRZPFQA128F4292383,0
TRHIUVK128F1456932,0
TRPSJTN128F92F2B5B,0
TRGJPRE128F426BA2A,0
TRSOSOJ128F92F1B93,0
TRDAYCT128F423902C,0
TRHAXIV128F931F4DA,0
TRGBCBB128F9349CBC,0
TRKOTMK128E078AA43,0
TROBVBA128F4263C29,0
TRLIYPH128F4294968,0
TRBMLFZ128F1475785,0
TROHAVL128F14A43D6,0
TRKXYRH128F92D3023,0
TRTYYPY128F426FDDE,0
TRSDZFK128F931C1B5,0
TRZKUCF128F9334603,0
TRWVXYD128F4281922,0
TRVYPOI128F146C5A9,0
TRHJNAX128E0780BD4,0
TRCNFNK128F92F6B8E,0
TRUNYVJ12903CCCA37,0
TROZKZP128F4289A82,0
TRSSTEU12903CC956D,0
TRGRPBX128F930642E,0
TRZYYMP12903CBE2B7,0
TRONIDF12903C9CE15,0
TRKNZTR128F935845A,0
TROJUIF128F42A0107,0
TRFJYHE128EF3426E1,0
TRMDHZK12903CC0B27,0
TRRWQUC128E0785985,0
TRUWNHX128E078571A,0
TRBLSAM128F92E4C0F,0
TRKRHLY12903CD0BE2,0
TRLOOAO128F9326174,0
TRJHHRT128F425E4E1,0
TRQXZIG128F425C2C1,0
TROJEYQ12903CE90CC,0
TRFJIQL128F425E5AB,0
TRTOLQA128F933ABDF,0
TRPWCNU128F42A3650,0
TRCYBPX128F933F8FF,0
TRKUBBZ12903D048FD,0
TRHYVYU128F92FA07F,0
TRFEASX128F146A2DC,0
TRXBPRK128F92D4449,0
TRWAQMY128F4263E19,0
TRUJPWD128F42983DC,0
TRQNGWC128F4249470,0
TRCHWSV12903CF80F8,0
TRYGXWQ128F14546CE,0
TRHFEXG128F1456D77,0
TRPRNQW128F42149A4,0
TREQFDG128F428F476,0
TRGLCGH128F9355DC8,0
TRIIWME12903CB03B9,0
TRZNMTY128F4297C71,0
TRRHQGT128F42A11A4,0
TRJXYXA128F425C1DF,0
TRIELHH128F4247F63,0
TRHYAOJ128F4273052,0
TRSBSET128F1465615,0
TRMZOTY128F93261E7,0
TRCBGZK128F146FFAC,0
TROSYQU128F42AAD59,0
TRXSVXL128E0789003,0
TRJTYRS128F4275EBA,0
TRSIVPC128F93305C0,0
TRRWIRX12903CBED3A,0
TRYNUUU128F4243439,0
TRLAXKB128F9350B5B,0
TRQWIMC12903CB3D3B,0
TRJUSPT128F42B3E4F,0
TRUJIGP128F428C940,0
TROADGG128EF3424EF,0
TRTGSAZ12903D095C9,0
TRFCJIW12903CCE78B,0
TRPOISD128EF3436C4,0
TRSKNID12903CC57DA,0
TRAHNKH128F93426EC,0
TRYAIQH12903CE91F3,0
TRZVNOT128F1477E88,0
TRGWALN12903CE6745,0
TRXGTEU12903CF34C4,0
TRQFZAB128F145AF50,0
TRBEEXY12903CEEBA2,0
TRWCBQE128F92FA77C,0
TRXSMZM12903D08521,0
TRYOYLQ128F423D7B9,0
TRWRBMG128F92DB44B,0
TRNWVNC128F933342D,0
TRZKTIB12903CC378A,0
TRRNVCK128F93169E9,0
TRJPKTF12903CC5C0A,0
TRGAONF128F145B533,0
TRWUOYA128E078BFEC,0
TRWCDWL128F4228EE8,0
TRLGXGT128F933077C,0
TRNGZRP128F92DEA79,0
TRALLBM12903CAB78E,0
TRGJNES128F92FF3E4,0
TRDBOHB128F42150BB,0
TRWMKFA128F93174D4,0
TRMVTLP128F931FB5D,0
TRTOFJR128F4264118,0
TRXOIRF128F9339DF1,0
TRTNUSB128F42A9DA7,0
TRIDXIX128F425C4AF,0
TRVMJLP128F4257B7F,0
TRFFVZU128F9327C5C,0
TRBSUWO12903D01FB5,0
TRCNIFW128F42708F7,0
TREMGYC128F93224C0,0
TRFWVOY12903CB05FF,0
TRKMKBA128F14824E3,0
TRASKTN128F423A9CB,0
TRBQKOS128F92CC7EE,0
TRIBMAV128EF357F3B,0
TRIZRJT128F429624C,0
TRAOQNB128E0782C05,0
TRWLSKB128F4267F1C,0
TREDIFA128F428AA44,0
TRTCJZQ128F146A2B5,0
TRCPLJC128F9304FBA,0
TRQUYNW128F145AC73,0
TRWDVQK128E0782361,0
TRXGPBW128F42418AD,0
TRGOFAR12903CF89FC,0
TRSAVEX128F422F193,0
TRXVRXK12903CEBA8C,0
TRGETRM128F148EBA5,0
TRHCHGY128F9329D37,0
TRRCLZF128F931B418,0
TRWDUUO128F425AD82,0
TRZGCJE12903CE01CD,0
TRCKHWN128F4279283,0
TRJZAAR128EF342754,0
TRGBWAZ128F429FD28,0
TRSQHRB128F92FBC00,0
TRBDFKG128F4263AAF,0
TRUOTIP128F932192A,0
TRQQADL128F4238BBE,0
TRAHAKX128F146C61C,0
TRJAVTG128F42723C0,0
TRWHKTG128F146544F,0
TRUKJJZ128F1495703,0
TRQSBFN128F93374C3,0
TRNZCVX128F428C377,0
TRWWFBG128C7196DC7,0
TRHDMZZ12903CEAA8F,0
TRWAFWN128F425CE03,0
TRNOPMI128F9309303,0
TRSNCXP128F1470E53,0
TRYWDRT128F149B8C1,0
TRUIZGA128F9359313,0
TRQWHNL128F149007A,0
TRHFSTU128F933735A,0
TRKHHYN128F4291C3B,0
TRCMOSY128E078C5C2,0
TRRUMZJ128F92D3F2C,0
TRVDEKU12903CB2F46,0
TRODHVG12903D036A4,0
TRVDALT128F92CFEAC,0
TRJRARL128F429A847,0
TRMDYGV128F4236CAE,0
TROGQGF128F92EEB51,0
TRQZNUI128F931C661,0
TRLMNVG128F930892D,0
TRJJXEG12903CBEE07,0
TRGMSOJ128F422A75C,0
TRWAEKM128F427E95A,0
TRKFOAC128F92EF827,0
TRBQJYV128F426667F,0
TRJBAEZ128F149B8C3,0
TROXHJT128F429A81F,0
TRRYAXW128F930EAB2,0
TRYLUPJ128F9318AE0,0
TRXBMDG128F9361853,0
TRXPKQJ12903CCBE5F,0
TROQHQT128F42379B2,0
TRSVCUK128F42633C2,0
TREJFOF12903CF22D2,0
TREGPHP12903CF244A,0
TROEEBW12903CA79B2,0
TRSCEPO128F4275E89,0
TREOFRG128F92F9740,0
TRWETYP128F92FA61B,0
TRJSJBQ128F931BAC0,0
TRUYVGM128F429059E,0
TRWHELE128F4287834,0
TRORXEL12903CEAC5B,0
TRAQPLK128F4264CC7,0
TRMFCNU128F145A3CF,0
TRGXIMK12903CDDC12,0
TRNZYSH12903CFB202,0
TRNRHQA128F93055E4,0
TRWEKZA128F429EB4F,0
TRENOVO128F92F6276,0
TRLOCTU12903CAF82C,0
TRERIBU128F9325489,0
TRYZOPD128F14630B5,0
TRZSDCG128F4247F5B,0
TRVZSNC128F1483278,0
TRMOWOJ128E07818C8,0
TRPIZJI128F92E4738,0
TRILGWR128F427AE2F,0
TRLTLMD12903CAF6E1,0
TRYZOMI128F14B0786,0
TRQXLJP12903CFACF2,0
TRFRYJM128F1478697,0
TRHDLZZ128F426E6EB,0
TRJNHYB12903CC9079,0
TRIKPIG12903CF13BA,0
TRWMRWD128F1472528,0
TRLYKKS128F92E101B,0
TROIYKY128E0781BAB,0
TRFJMCC128F9346216,0
TRCSCTC128F1459315,0
TRSOEHU128F1461C80,0
TRDAUHQ128F9352693,0
TRKLRFS128F92F2025,0
TRDBQRG12903CE4073,0
TRSXXNU128F428AEF2,0
TRQFFEF128F9334A9A,0
TRYTLCY128F1484C71,0
TRDSGIE128E0788C80,0
TRWJIKW128F427B75A,0
TRWIWTN12903CA505A,0
TRYDBUQ128F428DE87,0
TRMGSBS128F149E8A6,0
TRFROHR12903CE954A,0
TRVGPNN128F4236AFC,0
TRHFCVU128F4281B8C,0
TRIOCSO128F42A1EA0,0
TRARNKQ12903CE7299,0
TRCXMEJ128F931B558,0
TRWHIPB128F933AA76,0
TRQCTHL128F145F59C,0
TRVXBLH128F427ADA6,0
TRZJLHH128F4264816,0
TRKVTDX128F92F7EF9,0
TRLLBYQ128F424F9BF,0
TRIZJKR128F92F9A12,0
TREHKXA128F92D679C,0
TRYAXWE128F42B98F0,0
TRXMCNR128F9303854,0
TRKUPRM128F1452069,0
TRUDNWA128EF367153,0
TRBQVOZ128F93408BD,0
TRNLTHZ128F92CA8E6,0
TRAMJFQ128F92F98D9,0
TRHVDFA128F1465452,0
TREYHIM12903CFDBC7,0
TRUDDKY128F429B58A,0
TRWSUDB128F4256C56,0
TRBABXW128F4295673,0
TRQGWXT12903CE5BEF,0
TROEFQP128F423EB58,0
TRYPXBR128F14535D8,0
TRPCPCW128F4269098,0
TRAKIUF12903CC9AF5,0
TRLBNTU128F93137FD,0
TRCVHYO128F4270F66,0
TRZHBXW128F42904B8,0
TRUKMBD128F145C78E,0
TRZUNTE128F4296ECB,0
TRMAUGY128F1485119,0
TRVJOAD128F14A2D8F,0
TRXELTR128F4290549,0
TRYIMDO128F4243591,0
TRJTJHP128E0786028,0
TRIEXWK128F9336E3D,0
TRTENEX128F4262098,0
TRKNOQQ128F933C9A7,0
TRDHBNX128F931A479,0
TRZOIGI12903CCBA6C,0
TRJYRWB128F425A36D,0
TRNODPL12903CBD30C,0
TRINPPC128F1496C14,0
TREQAAT128F1458749,0
TRYBXDT128F4263E0F,0
TRNLOLF128F93421B0,0
TRQBQYQ128F92D431E,0
TRZNGSZ128F4267A70,0
TRVCKUQ12903CBF1E3,0
TRHFCKR128F42953F6,0
TRSACOI128F9333BC1,0
TRKJTVW128F92FE6B2,0
TRMDOEQ128F4260771,0
TRACFDS12903CE7CC6,0
TRVTDEU128F42B9A49,0
TRVABME128F147B42A,0
TRNTMFS128E0792A30,0
TRMXPNR128F42775B7,0
TRPQOPK12903CAFC3A,0
TRYWPBR128F429A2FB,0
TRFQKHW128F934C13C,0
TRXZAQU12903CEA777,0
TRNNOGX12903CAD9F9,0
TRNVPQS128F9341048,0
TRMNZLL128F9305CCA,0
TRSYHXW128F4216E18,0
TRIKHEP128F933ACE5,0
TREYDPO128F931B0AB,0
TRIONYA12903CB0369,0
TRNHNQM128F9344CC9,0
TRSCYJZ128F14576DF,0
TRJFQGI128F930A462,0
TRKDSOO128F93005A6,0
TROIBHC128F14958FC,0
TRBHOPL12903D0080C,0
TRZIEMW128F42922E5,0
TRYWFAA128F423D3EC,0
TRJBSTL128F4271F7F,0
TRDRQMK128F4272311,0
TRUWOEB128F930E796,0
TRLKGNR128F425C4A9,0
TRVOYMX128F931CE56,0
TRIGYKX12903D131A5,0
TRKKDGN128F92E648E,0
TRCDVWL128E078E04B,0
TRRDIJX128F9303C51,0
TRUZHZT128EF340D4F,0
TRNPGDC12903CB435B,0
TRUFMKL128EF34AB78,0
TRGAWAR128F1497974,0
TRAPYML128F423DF98,0
TRECBKQ128F4241916,0
TRRDEFD128F934260D,0
TRXIJHJ128F145A5FD,0
TREBZNN128F4268EE3,0
TRGSTPE128F9348808,0
TRILNYM12903CF8AF0,0
TRDLEUU128F4222EB2,0
TRRVKMF128F930B863,0
TRULDAD128F930850D,0
TRZUYIB128F428C274,0
TREHVRG128F92DD0F4,0
TRAWWAO12903D0CF73,0
TRFILAJ128F92F62AB,0
TRBENNJ128F424C956,0
TRWPOXH128F932B15D,0
TRKDHUM128F93468DC,0
TRBWWCR12903D09FC4,0
TRINAUQ12903CF5E3B,0
TRUETMO12903CF52B4,0
TRMXUND128F147708D,0
TRJFNNW128F933E968,0
TRRZATJ128F932FF19,0
TRLNIJY128F42BCCD2,0
TROHDNI128F428275E,0
TRBIQUL12903D05CC9,0
TREMIAQ128F934CD13,0
TRNBVPE128F9310F2A,0
TRZRJCI128F92F7C21,0
TRFTWAJ128F9300D40,0
TRRDAVE128F934AC1E,0
TRXIISL128F92E524C,0
TRCEUOG128F428A7D6,0
TRGZSUR128F4274A19,0
TRHXKWC128E0782222,0
TRTGQMA12903CB4641,0
TRWZKXV12903CA73AC,0
TRMNODY128F93142C8,0
TRFGBXL128F93034AF,0
TREYGNO128F425CF4E,0
TRFOUHI128F933AA80,0
TRRCXVU128F92C24F9,0
TRNFEVZ128F933AF13,0
TRNPAYL128F933425C,0
TRZGDSW128F92DEF9D,0
TRGAOXM128F4293160,0
TRFIHRE128F930B509,0
TRISWHT128F92D3190,0
TRIGKRP128F42926A8,0
TRELCOP128F4282137,0
TRYAVNH128F1460016,0
TRWUTNT128F146E762,0
TRFFIBR128F42973CF,0
TRABHYO128F9307B76,0
TRVTDEC128F92D1DC9,0
TRSOCYI128EF34709C,0
TROIZWN12903C9AF37,0
TRQJVAQ128F42890B6,0
TRGYTOX128F146EBA1,0
TRQSSWM128E0782844,0
TRFZSAM128F92CE668,0
TRSUCLE128F9328FF6,0
TRKONON128F9303DC5,0
TRPJOWU128F429C2E2,0
TRVUOLT12903CC467A,0
TRUBOWG128F92F2A5D,0
TRIRWMR128E0798C04,0
TRCQULH128F145C462,0
TRXQDXL128F9313754,0
TRONOSU128F4273328,0
TRKCNVZ128F92EC551,0
TRWBWEP12903CB1341,0
TRFUBKJ128F146DDF1,0
TRCGJZY128F9337081,0
TRAYARF128F92E563A,0
TRBUIHJ128F42AAFFB,0
TRTLHMZ12903D010F9,0
TRDSANK128F93480C5,0
TRFNVAL128F429073A,0
TRFTCHQ128F427FD11,0
TRUWVZG128F92E379D,0
TREZPZC128F92E7448,0
TRSLCLS128F9316745,0
TRXIQXT128F422DDBD,0
TRCFUSM128F4289C91,0
TRPLRHX12903CD0100,0
TRGUYZL128F423885E,0
TRDFOBH128F931841E,0
TRHEQSJ128F9325CEA,0
TRKQNDN128F9335700,0
TRXAMGN128F92F3B81,0
TRJURRE12903CC8936,0
TRBOMLT128E0792AC2,0
TRCWIZD128EF35EE04,0
TRTNITP128F149D9B1,0
TRFKWWI128F424987E,0
TRVYNRO128F4293339,0
TRROYLN128F427BBE9,0
TRTIKIB128F92CA7AF,0
TRHNWFF128F4227957,0
TRADGSD128F92FCE38,0
TRVNPVG128F4222591,0
TROBLYL128F9332CE6,0
TRLPVIN128F4237B82,0
TRQHIRR12903CFE95F,0
TRGKWTH128F428A0F9,0
TRLNCTW128F4282797,0
TRNAMIE12903CB316E,0
TRWMHCZ128F42AE295,0
TRIOKUD12903CE01DC,0
TRJRNOQ128F4253CC6,0
TRDZQEU128F92F8D01,0
TRYGTMJ12903CF76F6,0
TRZGXNM128F1451ADF,0
TRRXAJS128EF3423AA,0
TROHJHD12903CE70BC,0
TRCMQYH128E078A8D5,0
TREROGV128F92F928A,0
TRAZWJQ12903C9AE3D,0
TRKCRCL12903C9CF34,0
TRGPGBF12903CDE0A3,0
TRANOQC128F4256AC3,0
TRVXKTP128F42B9D16,0
TRIDWQG128F930BE3F,0
TRCIUOL128F92F670F,0
TRJSAPQ128F9339DE6,0
TRKLRZM128EF3624C7,0
TRWQYFT128F147BD92,0
TRSBRPI128F4257F8A,0
TREZVZU128F92F9D32,0
TRIXYXL128F9313EC5,0
TRUZQXZ128F145D776,0
TRSLPLS128F4230520,0
TRSOSAZ128F426DDFA,0
TRMXRVK128F4255502,0
TRYXYKK128F427A840,0
TRZPSQM128F1466C2C,0
TRNGARG128F931DDD2,0
TRKTJHC128F4255E76,0
TROPMTC128F932906B,0
TRENVFS128F9311919,0
TRTKEMD128F422212B,0
TRSMJVI128F4295AA6,0
TRABXWL128F930C085,0
TRBTYFZ128F935179C,0
TRECPDQ128EF34AB73,0
TRNWJAR12903CB57E4,0
TREJOTU128F9340373,0
TRYMZQG12903CDCFBC,0
TRFICBD128F92DF15B,0
TRDRBKS128F427B48C,0
TRPGHCA128F426CEB2,0
TRIBDQW128F147C4CA,0
TRKBQHD128F92FD2FB,0
TRWPZKS128F4283E2F,0
TRPKZRM128E0785DCF,0
TRWPBBD128F427A441,0
TRVJDMC128F421BA05,0
TRJPGWP128F1463E6B,0
TRRRHYC128F9328643,0
TRAEJBP128F42732F2,0
TRFUVFD128F4248CD9,0
TRBNCHD128F427CC0D,0
TRXKJNB128F4258056,0
TRZEUHU12903CC5A5F,0
TRLHOIR12903CB26D3,0
TRXZYDS128F9304D2E,0
TRXMXCQ128F428525F,0
TRSOZYL128F92DD8BF,0
TRXTLAM128F9344DF0,0
TRVIMYN128F42419BF,0
TRQJZWQ128E0781FD0,0
TRIIMSW128F9358A94,0
TRXHVGY128E0791678,0
TRKWPIP128F4257090,0
TRNNVNP128EF3654B5,0
TRRVSXJ128F146A5AF,0
TRZDPKX12903CE97F9,0
TRZTTCM12903D0D468,0
TRHIRLQ12903D106F4,0
TRDNPUL128F148503C,0
TRUKAFT12903CAFEC7,0
TRSIAJO128F9316253,0
TRZFNSJ12903CD44FD,0
TRQQZIQ128F4260B65,0
TREWLSU128F936182C,0
TRMHQQR12903C9F8DF,0
TRFFNRW128F92DE934,0
TRXGWKB128F93271BF,0
TROESXC128F930497C,0
TRMDTAG128F9349B47,0
TRJFTLE128F92D1AC3,0
TRWZDEG12903CA79B9,0
TRJJHJV128E0783764,0
TRCUWYQ128F92D0563,0
TRFAXGX12903CF04B4,0
TRXXULT128F92F8806,0
TRDTKTS12903CB232D,0
TRFDEEC128F423C231,0
TRFDLRT128F428DACD,0
TRRTFET128E0788AFF,0
TRHUCUE128F93462BE,0
TRJXLPD128F14840C4,0
TRNNYVT12903CDECE7,0
TRMBSGC12903CCCD00,0
TRYEFYI128F42B74BC,0
TROWTIL12903CFFDB0,0
TRSXDBQ12903CE6A6E,0
TRWRAEQ12903CCBB3C,0
TRBUULC128F9316824,0
TRHIKMR128F42A5227,0
TRIRNWA128F423268B,0
TRTYVPF128F145FFB0,0
TRDFRBJ128F92FE2B4,0
TRSZFPZ12903CDD0DE,0
TRQRDLR128EF3561AD,0
TRSKULB128F934A1D6,0
TRVWJPI128F42AC317,0
TRBWAYD128F14A1ECE,0
TRGZJWD128F93126F9,0
TRRRXYF128F428B3A6,0
TRRQOAF128F4295912,0
TRGOLLE128F14B187C,0
TRUGONK128F1474239,0
TRWVPOP128F4276603,0
TRUIZYM12903CC5229,0
TRXLRVV128E07937BC,0
TRTQKQV12903CB6BA4,0
TRMTTVV12903CAAE2B,0
TRARMRZ128F1461F15,0
TROEGIN128F4276F81,0
TRWRSAF12903CB0D13,0
TRFXKXQ128F4250EA7,0
TROYKFX128F92D145F,0
TRECECN12903C9D6EA,0
TRCHBSE128F92EC1BD,0
TRZDFII128F4255334,0
TRSYQKD12903D0872E,0
TRENVWM128F9333C5E,0
TRPVLLR12903CB81BE,0
TRITUCX128F42758E4,0
TRHZOCF128F4286CAC,0
TRJXLRV128F92D01BC,0
TRQZZRM128F425C092,0
TRYDWFG128F4217E29,0
TRZNVAF128F426848F,0
TRMCUWL128E07815F6,0
TRLHIIX128F932E24E,0
TRSAMNK128F42779BD,0
TREHWLU128F9324E3F,0
TRCPMON128F92F2C3E,0
TRGVIBB128F429AEB0,0
TRPRMXB128F9328BDE,0
TRHNJKO128F4248FF4,0
TRIXKMM128F427EBD4,0
TRMFSWD128F424DB1A,0
TRXPYRZ128F4264A9F,0
TRECLQX128E0799B16,0
TRVIUNP128F428BA60,0
TRDKOUT128F93266D8,0
TRKZCAA12903CC24F6,0
TRXQRZS128F425C04A,0
TRDTKNH128F42255CB,0
TRRNWWQ12903CB8F89,0
TRBGNBK128F93032B0,0
TRIZOHR128F148D40B,0
TRHSZPK128F933A548,0
TRPEMPG128F930A781,0
TRSFVRT128F426DB88,0
TRYRIZN128E0799847,0
TRKIHFM128F1460095,0
TROIJHL128F932BE95,0
TRGIAQO128F9345BFD,0
TRSNRQV12903CE5FCA,0
TRUFCYW128F4245F88,0
TRYZJYN128F92FD3AD,0
TRJRGDS128F42607CC,0
TRLATGQ128F4296BFB,0
TRIWSGX12903CD210A,0
TRHQWCP128F427E5B2,0
TRPZZLW12903CDCF9E,0
TRRAZZK128F1460B0D,0
TRUQIGV128F426FE0F,0
TRSLYXN128F42282C9,0
TROLGCJ128E07872CE,0
TRPPJSY12903CCBB8F,0
TRFTQFE128F426C407,0
TRACCCO12903CC3AE4,0
TRQKCOE12903CAF5FC,0
TRLKZEA12903CC8680,0
TRCQFUS128F931F546,0
