TRVKVZQ128F147F8A8,1
TRCZIJK128F428FDAD,3
TRZLRJG128F147F8AD,1
TRSPWDC128F145309C,1
TRIPLAT128EF359FC5,1
TRYWAGN12903CF0A7C,1
TRIBSAE12903CC721B,1
TROFIQX128F425E5AE,1
TRCKCTZ128F1456F88,1
TRPKLHJ128F9307EA0,1
TRLZMLV12903CB064D,1
TRHGVYF128E078A49C,1
TRGGCEB128F425812C,1
TRQFQRF128F426E05E,1
TRKJTUV128F932BB1D,2
TRQVRMB128F423EEC7,2
TRTTURT128F42754EA,1
TRBODQW128F428FDC5,1
TRQCDYX12903CDAA17,1
TRLNTLT128F42595F4,1
TRSJMCR128F4231A34,2
TRUKMAU128F42381F7,1
TRWTAAH128F423DC18,1
TRMFANB128F9356836,1
TRZJDPH128F933669F,1
TRKTVMN128F146F3F7,1
TRIDTIS128F92EEDD4,2
TRTOFWZ128F93137B6,5
TRIMJHZ128F9303215,2
TRQOFIT128F147F8AA,3
TRLNFDO128F930513C,2
TRDSMET128F930320F,2
TRPUDDP128F9340393,1
TRGQIYZ128F4263130,1
TRAYMKM128F4277046,1
TRGXQES128F42BA5EB,1
TRYHBZW128F14AE319,1
TRONMTE128F1458B51,1
TRLIOYB128F42961DA,1
TRRLQFB128E0792F78,3
TRLNYTB128F14716B7,1
TRAWKGC128F4269F1B,1
TRGMTYU128F145FD80,2
TRBKNWN128F4262198,1
TRPGDJD128F930513E,2
TRCHFGS12903D0847D,1
TRQTTVZ128F9322117,1
TRVSOFD128F9337D6E,1
TRZFWSG128F14628A0,1
TRWMZOQ12903CC16CB,1
TRSIHJY128F933A29D,1
TRMSSAZ128F9337D71,1
TRHIXXR128F93036B3,1
TRBHOSK128F426B5F6,1
TRRVRPK128F933A957,2
TRYFJWO128E0793590,1
TRHIVEJ128F14749AD,1
TRICDNN128F424AA2E,1
TRAXBIJ128F147768B,1
TRITIFV128F14AD098,1
TRSZVWK12903D02A2D,1
TRJIKHD128F423E822,1
TRBWKJR12903CE05A0,1
TRMMPIM128F932EB1E,1
TRJKAUG128F1458415,1
TRBFSYY128F933B175,1
TRHOUTK128F931D4FC,2
TRBVBEP128F428211E,1
TRMZGNW128E0782D5A,1
TRXGVYV128F1463447,2
TRLWPKI128F42990A7,1
TRSEKPF128F92E743F,5
TRZCNGA128F92D0113,1
TRCKHHZ128F4289563,1
TRUUYTM128F4268F88,1
TRTQGHK128F145BFEB,1
TRGXZZB128F147C6C5,1
TRAEHHJ12903CF492F,1
TRMGUWH128F146903A,1
TRSDZPP12903CE05A4,1
TRTYHNX128F4216F45,1
TRHMLAZ128F4289FFC,2
TRHNKAU128F9300856,1
TRNYLZD128F42748AF,1
TRWPVKP128F93218BD,1
TRKSWPM128F931881D,1
TRKPZPK128F9322113,1
TRQOIHH12903CFCE26,1
TRYAPNC128F9322115,1
TRVOYFU12903D03084,1
TRXSZPJ128F14837B8,1
TRWMRFQ128F92FA4F8,1
TRFLZPO128F422EA4F,2
TRNSPLR128F9313CA5,1
TRROHEL128F92F2273,3
TROAWPJ128E078512E,1
TRHGPKM128F149239D,1
TRQETXB128F1463723,1
TRIAQAM12903CE764F,1
TRYDFTA128F4287F2F,1
TRPONQW128F428946B,1
TRLGEQB128F92F7790,1
TRXIYSG128F14A9063,1
TRDRYHT128F4293CA9,1
TRFBNWE128F4244426,1
TRTTSVF128F92E6381,1
TRGOUNV128F4281928,1
TRWWSQE128EF33FA8A,1
TRANQWA12903CEDF32,4
TREGLLY128F427D48C,1
TRQNYOA128F1469E1D,1
TRCYQID12903CF614A,1
TRPXUHT128F42AB4A2,1
TRGZNIN128F92F23A8,4
TRNLURL128F42AA984,1
TRHCGUO12903CB28D7,1
TRGOFVQ128F14640B9,1
TRHCTYR128F42372AD,5
TRYLIDD12903CC5B3E,1
TRGCZWC128F932A6AB,1
TRXEAZB128E078EDCE,1
TRSFWEJ128F4269E13,1
TRYPBQS128F14663D7,5
TRENTGL128E0780C8E,1
TRNMNGP128F426664B,5
TRKJOIO12903D021D1,1
TRJGYPX128F14919BB,1
TRKORBP128F931C9A4,1
TRYJVSB12903CFB204,1
TRCUEID12903CFDEC0,1
TRJCKXC128F92F26DB,1
TRSDQJO128F4281543,1
TRFVHRN128F1486908,1
TRNGMCT128F428A2B7,1
TRIEDCY128F930D866,1
TRPAHIR128F42887F7,1
TRRTXUZ128F14A8A1B,1
TRUEBIA128F9322120,1
TRIRHVQ128F4289FDB,1
TRZKDQQ128F148F3FB,1
TRLBBLG128F933C0E1,1
TRSRADJ128F42377EF,4
TRQDDBY128F930513D,3
TRHIGFS128F92DD7CB,1
TRLMXYJ128F92EF285,1
TRYQKPP128F423F827,1
TROGZHE128F427BCC2,1
TRZDIRH128E07923FB,1
TRCTVZG128E078ED8D,1
TRCVFHQ128F145CAC0,1
TRFKIBX128F92F8BB9,1
TRENXXP128F932211C,1
TRJBLPT128F92F08C1,3
TRTDVVB128F423A563,1
TRWGTXU128F9303218,1
TRWOYNK128F42554C2,5
TRZEUVN128F9323934,2
TRPAZSS128F92F7BD1,1
TRATIAD128F4262F33,1
TRBHLBC128F42413FC,1
TRKYCRT128F934BA5C,1
TRVRYKP128F42255A2,1
TRUVPQU128F14609C3,2
TRWIYQE12903D03F7A,1
TRWUNVZ128EF35F008,1
TRZSBOE128F147C87B,1
TREOLPJ128F4288F92,1
TRCZDOT128F428E9D6,1
TRJXDVO128F423E823,1
TRLRGZX128F92EC094,1
TRALDNS128F14A2A28,1
TRUDGJA128F422A9DC,4
TRZLZIN12903CF303F,1
TREFWFW128F429FA2D,1
TROOUVA128F4289FF2,1
TRCCJHC128F92ED2D5,1
TRFCKJB128F930CD83,1
TRTDSCN128F426D101,1
TRETOQE128F1491CFC,1
TRBJVOL128E0792F82,2
TRHUGLD12903CB57F6,1
TRDICUS128F9316847,1
TRFLZCG128F426693A,1
TRXYSSU128E0793B8C,1
TREJBLJ128F92EFF03,5
TRVMWEU128F932EB09,1
TRBDWHJ128F4294699,1
TRWPRNT128F425D590,5
TRQGNPG128F92C592F,1
TRQWEQN128F4289FF5,2
TRMWRMN12903CC24F3,1
TRUNNVP128F147F8A9,1
TRKPRFT12903CF693C,1
TREIYPA128F93071B6,1
TRNZGKJ128F42664FF,1
TRKXATG128F92F0384,1
TRLGMFJ128F4217DBE,1
TRWHGOU128F428D386,1
TRXNEWL12903CE9600,2
TRKIZWL128EF342C5A,1
TRGWCEK12903D02A17,1
TRUSJGD128F427562C,1
TRNHPZM128F4284B7E,1
TRKOTDE128F92E252B,1
TRIGVPV128F4260729,1
TROANXL128F4286C63,1
TRYJPBM128F146755F,1
TRUQNDP128E07889B9,1
TRCKHYK128F147155B,1
TREDNRR128F148707E,1
TRPKOEJ12903CE2159,1
TRPMDEU128F428A62B,3
TRSYMEC128F149113E,1
TRNUXOW128EF34DC76,1
TRAHVYB128F932D5D6,1
TRRABGF128F4252E44,1
TRDVPVK128E078E714,1
TRMJOZD12903CFE323,1
TRDHUTW128F427199F,2
TRWMGHB128F426B5E8,1
TRYNTDS128F4230E61,1
TRUGZKI128E078B05F,1
TRAQSAA128F4277EE6,1
TRVEBWL128F933B4DA,1
TRIFPSS128F92F99F5,1
TRYHRYO128F1462855,2
TRLNGZS128F933A956,2
TROLOYF12903CC3C3F,1
TRZPAJA128F428D89B,1
TRAWOPG128F92EF9A1,1
TRYGEFK128F42770D6,1
TRCKTTA128F92CF423,1
TRZKABK128E0792F7E,2
TRQXTMT128F4288F98,1
TRZYAWL128F1485388,2
TRFTPIX128F92F7570,1
TRWTCGR128F427BCBF,1
TRWFCQH128F42B3294,1
TRBPOGH12903CC46B8,1
TRFGRDB128F9335989,1
TRFLNKX128F9339775,2
TRRHGVU128F147C752,1
TRUIZUM128F4281964,1
TRDDBMR128F92FE1F5,1
TRWXZZZ128E07830BB,1
TRJMTSU128F9356413,1
TRLQOVW128F9317A20,1
TRTYFQR128F429680A,1
TRRSNAP128F4269B3A,1
TRSSOQW12903CBBCEA,1
TRFNVWY12903C9D6A0,1
TRRGENU128F4293C8F,1
TRMBTAR128F427FEC9,3
TRGVJBG12903CDD022,1
TRAMICB128F426DBC8,2
TRHCTEX12903CF7C00,1
TRWLMPV128F148510D,1
TROBCDU128F93004CE,1
TRQHCIT128F42231DE,1
TRUOBFP12903CCEE40,1
TRWQRNQ128E0792F7A,1
TRSMAVN128F148B0F9,1
TRYQTVG128F932418A,2
TREOPLW128F92CEECB,2
TRDLPNE128F92DFC35,1
TRYDNFI128F428BF2D,1
TRQAKWP128E079183F,1
TRMTGZT12903D03F7B,1
TRQQRTT128F92EFFF5,2
TRXRGGN128F92F24CB,1
TRQQEDV128F9327A40,1
TRSQSBH128F4267770,1
TRRUWDB128F1488D40,1
TRYCXYY128F9311D03,1
TRUCIKM128F4272320,1
TRQTLUH128F92F2E67,1
TRHYECH128F145E5AF,6
TRVTMVU128F1477787,1
TRYMIYC128F4286C60,2
TRBYEGI128F14A1EB6,1
TRPEDTQ128F42503DE,1
TRSOQSU128F42BA572,1
TRBABEF128F1451DD1,5
TRAADVH128EF34DE7A,1
TRYYTVV12903D03F75,1
TRFFNMI128F4262B6F,1
TRRTHPH128F930767B,1
TRCLDPA128F933DBD3,1
TRMFQSS128F1485B08,2
TRFLCAR128E078C6F6,1
TRDQUTQ128F92F6CC6,1
TRBCORE12903CD6FA0,1
TRBSYTA128F422D0C6,1
TRGRDVU128E0782493,1
TRUDIBS128F930F53D,1
TRUWMCM128F4269DC6,1
TRCWJEN128E0782564,5
TRSGPRJ128F932EE8F,1
TRTMMUV128F4267D60,1
TRJWIXH12903CFA58A,5
TRMKRLX128F92EB2DF,1
TREESUF128F42577CF,1
TRHEATM128F4263980,1
TRWYHZP128F14B0BE1,1
TRMUTUS128F42821C7,1
TRHHMLX12903CB503B,1
TRFDQEV12903D0223E,1
TREBAJC128F92C2B34,2
TRDAETQ128E07858E0,1
TRRVGMP128F92FD5DE,1
TRPMVYX128F42335C3,1
TRBAFRG12903CB0FF5,2
TRNEJZP128F92FB680,1
TRWUAXF128F4291993,1
TRCSAJP128F9309B24,2
TRLIBSN128F92FDC01,1
TRYOTEG12903D03122,1
TRGEZAD128F423E607,2
TRVTXPU128F92E30BD,1
TRNUQMT128F42335A7,1
TRVBBCV12903CDA9EA,1
TRAQRJO128F42B7B09,1
TRHKLLP128E078EE16,1
TRQRKTO12903CE8780,2
TRCGAVX12903CFBC61,2
TRRTROX128F4229CA4,2
TRXPIXI12903CEB464,2
TRCIKYU128F1495831,1
TRVMMBF128F145B2EB,1
TRZDXIA128F93112DD,1
TRHQZSR128F92D4AB0,1
TRPEAEL128F931A58F,5
TRASTUE128F930D488,1
TRTHZSJ128F1477DBA,1
TRQJBLA128F147C6C9,1
TRACYAQ128F429C991,1
TRVWUPY12903CEB4C6,1
TRIWXYD128F429107F,1
TRNWUYH128F93251CC,5
TRACYXW128F4297569,1
TRIDNGW128F92EE035,1
TRIYBLB12903CBB7C1,2
TRJEZJC128F932211B,2
TRBCXMT12903D03F82,1
TRTPNPQ128F426B219,1
TRUYVYG128F42377D6,1
TRNTUBL128F429FCFA,1
TRNLIKV128F429C040,1
TRDDPEB12903CEC64D,1
TRNKWSX128F930320E,1
TRSKLIC128F4238D7C,1
TRUEQDY128F4286C5C,1
TRPYYXS12903CDA9FB,3
TRTMJNG128F429BC27,1
TRSEZGE128F427E092,1
TRIUXTO128F4257947,5
TRJFKNW128F42887EB,1
TRVXHYV128F92CA4C0,1
TRLLFQA128F426DBC0,2
TRQENGC128F933AA33,1
TRREUVF128F426E862,1
TRASQGR128F14557AA,1
TRKNOQQ128F933C9A7,1
TRBZBVZ128E0785521,1
TRWUXTW128F428EA3E,1
TRQRMJM12903C9FD50,1
TRLAWLZ128E07890D4,4
TRFQELB128F42A43F6,5
TRJIVIJ12903CF6921,1
TRZULFC128F14A2E72,1
TROKPWR128F42652EF,5
TRDMHDR128F9306B95,1
TRISXOJ128F426E857,2
TRONUEB128F147F393,1
TRHLFZS12903D024D7,1
TREVYCA128F4251857,2
TRUCMDD128E0784592,1
TRBGQAO128EF35A1AD,3
TREJAIZ128E0791228,1
TREJTOD128F9340D87,5
TRAGGGV128F9303219,3
TRNUQYT128F14604CC,1
TRCVOBJ128F9330DAD,1
TRSAVRV128E0784602,2
TRWQPUL128F428BF66,1
TRVKKER128F42295B8,1
TRPWMYG128F146A9FA,1
TRCGFGC128F426DBCC,4
TRWYDDI128E0781D4F,1
TRMRMTN128F92D426F,1
TRYTIGK128F9326C63,1
TRPHYHU128F428059E,1
TRHYWBY128F1487D87,1
TRYATJD128F92FDB02,1
TRDSHCV128F426389C,1
TRAKLHO128F42BA554,1
TRPNJKI128E079161C,1
TRLFQOC128F426F272,1
TRTVSPT128F92F6DF8,1
TRTAFDQ128F932A641,1
TRHJRGJ128E0784438,1
TRGCPYL12903CCA74B,5
TRCWKKA128F1491937,2
TROQBKU128F4288F5E,1
TRXTTFC128F4263C2E,1
TRYLQRQ128F1456F60,1
TRIXCGB128F426B5EE,5
TRQQINT128F42482EE,1
TRBOSRS128F149193B,2
TRROBYH128F42418AE,1
TRNPVTE128F4298190,1
TRYWLTL128F92FFA92,1
TRSSXJW128F427BCC0,1
TRWBWOL128F92ED288,1
TRTKFSY128F4296368,1
TRSJZTR128F42739E1,1
TRVIAUG12903CAAD15,1
TROUVLE128F9345091,6
TRUETCH128F9311F29,1
TRGIOKM128F148368B,1
TRRYCBO128F932A2C7,1
TRXFBNU12903CCBE8A,2
TRUSGXF128F92F35C1,1
TRJURGK128F42227ED,1
TRAHGUR128F9305140,1
TRPHAKT128F14ADFC3,1
TRNONPQ128F424EAD1,1
TRLAHEF128F4231C0C,1
TRQKPXI128E07993CC,1
TRGXFWZ128F93129DF,2
TRSBNKO128E07993C1,1
TRFZCPG128F4268284,1
TRYBHMQ12903D0CD0F,1
TRVZXIO12903CE47D2,1
TRVLACO12903CD582B,5
TRPZAPS128F149C2D4,5
TRZUIME128F427D742,1
TRIHGRZ128F426388F,1
TRPLQVT12903CD1D41,1
TRZFAXY128F4267269,1
TRRXEQB128F1491939,1
TRGDCCR12903CA2B74,1
TRBSDPT128F93357A8,2
TRDPFJB128F42377F4,1
TRVBUCM128F42ADDF9,1
TRZOMAR128F9302B65,1
TRXWSNE128F42282BB,1
TRHIUYZ12903C9AA54,1
TRGOCZY128F930F4DB,1
TRTKQYB128F93027F1,1
TRFSXFP128F930BB94,1
TRPBXRQ12903D0004A,2
TRKONQR128F4248038,1
TRZUORW128F92FD3A0,1
TREAYDQ128F147CC6C,1
TRNCHBD128F4266A6D,1
TRYGDJY128F147C756,1
TRHDHNG128F9305C1E,1
TRHPAVK128E078EC9C,1
TRWBUCX128E0782DA0,1
TRJSOTU128F4231C13,1
TRXYLKX128F148988C,1
TRITWSU128F9313138,1
TRTGZLJ128EF366D8C,1
TRYRBFL128F92D2E01,2
TRNWEYN128E0793C6E,1
TRFULNM128E07969E2,1
TRXBGBK128F422790A,1
TRWWOPS128F42AEB6C,1
TRIETRW128F145295C,1
TRCJUIH128F4277F35,1
TRDJJMK128F92C1F59,2
TRALNVY12903D03F77,1
TRKIWOT128F92FC5E0,1
TRQGMQM128F426B5E4,1
TRWSJXP128F92FE174,1
TRZGABY128F1462E00,1
TROPIPE128F92EEDC3,1
TRBDKXU128F42AD7DD,1
TRXTFYB128F14A0B73,1
TRKNJCG128F424441E,1
TRIXICP128F1467080,1
TRYEGIZ128F92E089D,1
TRBDKBU128F9324ACB,1
TRZUFFO128EF359048,1
TRVDLFJ128F9330DA9,1
TRAMDBX128F92D55AB,1
TRUUONR128F427BCB4,1
TRBVVPF128F9335C8A,1
TRXNFTL128F92F9882,1
TRYHTQV128F1487B29,2
TRMJUYP128F931ED68,1
TRJPZQJ12903CAAB4E,1
TRBXBID128F9344DBD,1
TRGCFUK12903CC0AA3,1
TRYFKAD128F425650D,1
TRFPUCQ128F4297754,1
TRVXLXS128F42377E7,1
TREUGEA128F42887FE,2
TRTJNHZ12903C9E270,1
TRTELZC128F14540C1,1
TRBTVII12903CFD7C4,1
TRGSMDR128F92D2F74,5
TRMYGHN128F42A7596,1
TRNGWFM128F428DF2D,1
TRWNUGR128F42152C0,1
TRTGXVN128F147C75B,1
TRSEBAQ128F4294F2C,1
TRNZYFR128F9303217,2
TRWEAYX128F9326739,1
TRPBOGH128F14861AC,1
TRPRPRR128F930A3A9,1
TRTFRKV128F425BACB,1
TRDPFSR128F932392A,2
TRXCRFW128F9355F36,1
TRFINTC128F1454BCB,1
TRRHYYO128E0792F79,1
TRLKABW128EF343BD0,1
TRHGWZQ128E0786BB4,1
TRZFEOP128E07869DC,1
TRSAENQ128E078E9A9,1
TRYWIQM128F9316FA9,1
TRSKLTH128F92F2E88,3
TRTWCUM128F92DF90A,1
TRPAETY128F931F660,1
TRVGHYL128F93273E9,1
TRWLGDE128F933A94F,1
TRPBDSE12903CB17E7,1
TRTMINZ128F147EB20,1
TRUXWMW128F4256CC6,1
TRUQAQG128F42748B5,1
TRXVTTW128F4269E32,1
TREWPDP128E07896EE,1
TRBLOUO128E0786428,1
TRGOFWM128F92F3BC0,1
TRWSDEV128F93119BF,1
TRDULYN128F4248762,1
TRXVRRH128F1473721,4
TRJWWOZ128F427B760,1
TRCKCBD12903CE3D82,1
TRIGSXL12903D05F1D,1
TRNPCAN128F4264A2E,1
TRJXIXT128E0792758,1
TRRCPSR128F427BCBD,1
TRMFCYP128F92E2345,1
TRDEQNX128E0792B7D,1
TRTNTZW128EF357CA4,1
TRHNUOI12903CE26CA,1
TRVPRMC128F42AE854,1
TRFGRBR128F429BC2C,1
TRQLWSM128F425832B,1
TRTGPRY128F935397A,1
TRJRBOJ128F42383E9,1
TRIEDLS128F933DDD9,1
TRPLUSM128E078E71B,1
TRUZQJU128F4234B21,1
TRVKNAP128F14A8A19,1
TRLALML12903CFBACB,1
TRZRPDM128F4298331,1
TRVPUZQ128F428A2CD,1
TRRVGRL128F1495C7E,1
TRRXMWS128F92EEDCC,1
TRSMWEO128F92EF888,1
TRFRCUR12903CE7C0A,2
TRRQZLF128F147F8AF,1
TRTDNHG128F426693D,1
TRWRWKZ128F426B5EA,1
TRXPEGQ128F4230E66,1
TRGUTKI12903CB3394,5
TRIEAKK128F4290888,2
TRORHQA12903CEC61F,1
TRIICRA128F9322BAF,1
TRMQPSQ128F426C548,1
TRSYBPH128F4227728,2
TRLVLJA128F426430A,1
TRHJRIH128F92FC6B7,1
TRVHXQQ12903CA9A9F,1
TRWLKWQ128F92F93D0,1
TREQLFI128F427FEB6,1
TRRDYIM128F146BC3D,1
TRHUSCI128F145B3F9,1
TRGHSKB12903D0063B,1
TRGIJQV12903CB1343,1
TROQGDA128E078F153,1
TRVGKOG128F14A268C,1
TRDBYTM128F92CF300,1
TRLCZET12903D03F70,2
TRDETCH128F42AD0E6,1
TROLJUK128F92F227A,3
TRXVWRH128F147C6CA,1
TRCYUMC128F92D308A,1
TRNGIMF12903CC0BB2,1
TREQWIJ128F148D3D3,2
TRCMZXE128F92E232A,2
TRAQOLU128F92DE01E,1
TRVNUPW128F92EC6D4,1
TRSOISH12903CBFC7E,4
TRMFEIA128F14AA67B,1
TRLELOB128F93173F8,2
TRVAZDF128F425DD56,1
TRVUEPB128F4278021,1
TRAADLN128F14832E9,1
TRFSZOC12903D06561,5
TRPHXQX128F92FD871,5
TRNEQFW128F92F027E,1
TRZTWWL128F422EC5B,1
TRSHZPG128F145C166,1
TRCAMHU12903CAE396,1
TRHYDSH128E078EBFF,1
TRDENVF128F42140AB,5
TRRUMAK128F933DAD0,1
TRUJYEE12903CEC2E2,1
TRDEZZO128F145D747,1
TRXGWZH128F930DC6C,1
TRJUMPK128F145F533,1
TRROYVV128F1492E99,1
TRAGACS128E078E74D,1
TRSRZMZ128F932A49A,5
TROIXYL128F14A9059,1
TRPBXFO128F4262610,1
TRZLYUS128F148D196,1
TRGDQRE128EF34E549,1
TRBHUNB12903D080AF,1
TRURDGK12903CC7219,1
TRMFGWJ128F9303211,1
TRVMKOU128F148DAC0,1
TRYYAHV128F4277393,1
TRUSRFO128F147FC82,1
TRJVGZN128F4294F2A,1
TRUQJRA128F92EEDDB,1
TRNQBVT128F931E01D,1
TRWWYNB128E0795215,1
TREIRMP12903CFCE20,1
TRFYVVP128F14580BA,1
TRBEZDH12903D02A06,1
TRSSKRI128E0793ABE,1
TRBRRRZ128F930AB47,1
TRCFTPI12903CAA129,1
TRQAPRM128F9310CCE,1
TRXCQFI128EF35910A,1
TRBFRQE128E079608F,1
TRWNSRC128F42618BD,1
TRZRCKL128F426B212,1
TREOTLD128F9320594,1
TRNUULM128F147F8B2,1
TRDDQIW128C71969B2,1
TRLQAPW128F425C1FD,1
TRAZJGR128F4237073,1
TRLOZHR12903CFCE29,1
TRXHZGW128F426F123,1
TRWYDDJ128F424EF43,1
TRWVYJR128F92EEDDF,1
TRBZUOD128F147D4C3,1
TRLDJOE128F9303B59,1
TRCWXDP128F9322119,1
TRKPGHH128F1453DD0,1
TRLAZNG128F4288CC3,1
TRYHGRH128F92F6C92,1
TRDOBQF128F421D829,4
TRROBBZ128F92CD0EB,1
TRESKED128F92FC0D5,1
TRPGGLD128F147F8A7,2
TRFWWSX128F9320461,2
TROCCCZ12903D03F74,1
TROVBEL12903CE95C6,5
TRFMAWW128F92F2936,3
TRNCZZC128F92CEEA4,1
TRGHNNN128F147E92B,1
TRYBBHG128E07845CC,1
TRHUVLU128F147341B,1
TRCUCSL128E0798507,1
TRXTHQI128F14623D7,1
TRJIXWG128F427D763,1
TRURDBH128F92C5780,1
TRTTLSB128F9335987,1
TRPKASJ128F931AE5F,1
TRQJJSV128F932E733,2
TRTOUBV128F931CEE7,1
TRADCIM128F427A3A1,1
TRURAOR128E078A9E1,1
TROENBE128E0796854,1
TRRUJCU128F4281540,1
TRITYUM128F9326735,1
TRFQOSP128F427C2B2,1
TRBNVMF128F426FBB4,1
TRBCUQP128F932E325,1
TRWTMUD128F9327D89,1
TRJCWTZ128E0797FCA,1
TRRMTZU128F4262D51,1
TRHEGUG128F4235EB5,1
TRHDYGG128F92DE1F1,1
TRHSNDS128E0793B03,1
TRYFSRB128F14A00F2,1
TRKBBKW128F4267344,1
TRMRTHN128F422EC0D,1
TRGHAEO128F4253464,1
TRGHQGA128F9305144,2
TRBQCKM128F92E4547,1
TRJHRUV128F1491938,1
TRDJQLI128E07917C7,1
TRZNZBI128E0794E9A,1
TRIGOOR128E0784496,1
TRAZRAR128F1477778,1
TRMYDQF128F4270F2F,1
TRABGZL128F428A25B,1
TRGKGEW128F149EC79,2
TRZQKOR128F9305142,1
TRXLFOS128F422B92B,1
TRUINQU128F14A66A6,1
TROTARE128F4253DE0,1
TRVBBBB128F42608C4,1
TRELEKE128F426A8D3,1
TRINDQF128F149343F,1
TRQRUTM128F1482512,1
TRQZWCD128F9301ABF,1
TRJVUSA128F4263498,1
TROQGSX128F1458AAF,1
TRVFMZB128F428DD0F,1
TRCOOUB128F92EC6D5,1
TRCGJQI12903CB8BF0,2
TRMSAMZ12903CB17D5,1
TRCJQSQ128F930AB49,1
TRFSWFM128F424E91B,1
TRSUADQ128F14795ED,1
TRCJMOD128F9342810,1
TRSJSEL128F149B9EB,1
TRFKURT128F14ADAFA,1
TRYIBFI128F1457350,1
TRUCOAZ128F4288F9F,1
TRYDGMJ12903CCC0A5,1
TRCYGTB128F4288F9D,1
TRJLZTR12903CBB8E7,1
TROKGPP128F4237756,1
TRFWKDG128F4266928,1
TRWBZRI128F42A8756,1
TRVFYOJ128F425D36D,1
TRJEOHL128F932E1AF,1
TRTXHBC128F4259DB7,1
TRCWGLD128F428A3B3,1
TRYOKRN128F9321806,1
TRTPXWT128F92FE179,1
TRFUKWQ128F4288802,3
TRPSMXS128F429D23F,1
TRRIPFQ12903D09DF7,1
TRMCPAU128F9322121,1
TRGKAPL128F9305B72,1
TRQNFOG128EF34317C,1
TRMKEXR128F1485D8A,1
TRJDTOX128F932C12B,1
TRYHTLF128F931C653,1
TRUJYBP128F421B489,1
TRTDGQQ128F1461D91,1
TRUNIJR128F92F9693,1
TRVAWVL128F93508F9,1
TRCWGZJ128E0798324,1
TRCJNUY128F932DDAE,1
TRXRMNN128F14AE219,1
TRCVTFI128F4288FAB,1
TRWTDHV128F1476C5A,1
TRSZWFG128F14A8E05,1
TRNBPYP128F92EEDBE,1
TRVONVM128F426615A,1
TRKOKVB128F14AEE0B,1
TRFOXFT128F14959B6,1
TRJTNIY128F9301D3A,1
TRZUMSX128F4250D93,1
TRYKIEP128F4282469,1
TRKEJUL128F422F9CA,1
TRBEHSZ128F92EF291,1
TRBZFCO128F92F226F,6
TRVKCMX12903CBFA4D,1
TRKINPO128F14AAE39,1
TRBRSLN128F4288F96,1
TRGAXWT128F4229E89,1
TRAZPIY128F932B091,1
TRJSUCX128F1455295,1
TRGCLRP128F425BAC6,1
TRCMAHC128F424E83E,1
TREXAOG128F42957BF,1
TRYVFAO12903CE05A1,3
TRAGQDH128F9328AF0,1
TRBCGWG128E0787386,1
TRUAYXP128F92F2277,5
TRSOZXX128E0792F81,1
TRIRURU128F424EF79,1
TRKOWSN128F422D0C2,1
TRWJVQT12903D05889,1
TRAKZSN12903CFCF04,5
TROXQTZ128F42839C2,1
TRSEJHG128E0792DDA,1
TRKZPLB128F9323931,2
TRDXISB128F424FA9B,2
TRPASDZ128F92E2169,1
TROFPNL128F428CDAF,1
TRTDCKO128F424CD44,1
TRRNTGW12903CDE1A9,1
TRXRMCS128F9305143,1
TRBYBCO128F424E27B,1
TRJRDDL128F147CBE8,1
TRAZEQU128F42926FD,1
TRGSCTA128E0793868,1
TRHZPLK128F422C0AD,1
TRZCLJE12903CFCD90,1
TRCDPWK128F92D8D93,5
TRIENUL128F930FDAD,1
TRJLMPK128F933599B,1
TRFWOAG128F14B12CB,1
TRPYQRJ128F42B81C1,1
TRJUIAR128F424169C,2
TRNUIWK128F93421B6,1
TRCYGOQ128F42AA400,1
TRCPCYL128F4222B5D,2
TRPWPTF128F9305141,1
TRSITRP128F931ECB3,5
TRLKHRD128F425570E,1
TRBVAZA128F428FCB9,1
TRGUBDK128F428E368,1
TRDYNBN128F427EFF8,1
TRWPUUA128F933582B,1
TRJDNCD128F4263A04,1
TRJFAOI128F145FE08,5
TRGMAKT128F92EC20C,5
TRIOIMC128F92EEDCF,1
TRLCZOL128F933CF01,1
TRCBQOQ12903CE63C4,1
TRONYHY128F92C9D11,1
TRRMEUC128F4298234,1
TRWRRFC128F931FD82,1
TRPSSWC128F92F8950,1
TRFRQRS128F92C9474,2
TRXOWBB128F92F1F82,1
TRPMRIW12903CB87F0,1
TRSCNGW12903CE91EB,1
TRTIEPS128F92D75E4,1
TRNYZFO128F42BCBD2,1
TRZJNDO128EF343498,1
TRTWTKQ128F4293CA0,1
TRZHZZJ128E079307F,3
TRZXPOY128F42AF769,1
TRIQTZC128F42887E5,1
TRLZAPK128F93231C2,1
TRTMPBB12903CFCECA,3
TRQEGMN12903D10481,1
TRXKIOK128F14691A1,1
TRFUWLI128F42661B5,5
TRIDOQH128E0788E8A,1
TRHOKRX128F92D0109,1
TRKZEDL128E07937A4,1
TRYTOVC128F4269E00,1
TRATCPP12903CB660A,1
TREIIEB128F93263A9,1
TRNGJAC128F1496C51,2
TRCFQQI128F92E72CE,1
TRNRUVQ128F147CD09,1
TRXHCVJ128F4228C38,1
TRTBDSP128F1491D06,1
TRGFWZC12903D0CD31,1
TRIYARK128F4231A32,1
TRIQDLW128F4288927,10
TRLUUGT128F425AAB0,5
TRZDLAB12903CE1E07,1
TRIRRIO128F421A638,1
TRGGAPA128F428A1C3,1
TRQYTQN12903CF626D,1
TRSXNEM12903CC276C,1
TREVCOF128F932C133,1
TRYYJGT128F146905B,5
TRTSYCQ128F4266940,1
TROZQOM128F428A1E5,1
TRNUFZF128F42851AE,1
TROZOJH128F92EEDD6,1
TRTAEKL128F92F8DB8,1
TRLELQK128F1477283,1
TRBZMZU128F422E830,1
TRCVNLU128F9327A37,1
TRLJNMJ128F429593B,1
TRBLEIF128F1478022,1
TROYVBX128E078B322,1
TRDLEUT128E078E71A,1
TRJRECT12903CBADA3,1
TRVDSWC12903CDBF14,1
TRPCYER128F148FC77,1
TRFFSVS128F145F25A,5
TRELQNY128F42BC472,1
TRIXAZF128F421EE64,1
TRXKVLK128F92E7439,5
TRNGMRJ128F4255738,1
TRSWQYF128F147CBC0,1
TRSNHPR128F932A7D3,1
TRSZSPB128F4273587,1
TRQOUHL12903CF0A59,2
TRJXHAF12903D02537,2
TRKQWHD128F425DDE8,1
TRWZKLL12903CBD458,1
TRVVUYC128F4299404,1
TRZNAHL128F9327D5A,1
TRBIORL128F147C75C,3
TRAIUAZ128F425D222,1
TROVBRU128E0794B39,1
TRUMUTQ128F4266925,1
TRUSYQS128F92D73DD,1
TRTOGAR128F92E3304,1
TRDTVMN128E078458F,1
TRPDWUH128F9303213,1
TRYKAGP128EF342CCD,1
TRYNXIH128F148E054,1
TRWKTXG128F1467D45,1
TRICOCA128F9322123,1
TRTVBQA12903CB201E,1
TRAGOBU128F92E24DD,1
TRJIOWS128F42ADEB4,1
TRNSJQL128F14770A4,1
TRJJSJY128E0786037,1
TRTDINL128F425EDC1,2
TREUVQP128F147D4B9,1
TRZYDGE128F9305D7F,1
TRKOYJD128F9308A63,3
TRYXWJJ128F1494B02,1
TRPQBNB12903D10431,1
TRRYFJE128F92EC6D3,1
TRBBNUY128F92FB6F4,2
TRSTEHA128F92EC6D6,1
TRTGDTG128F4282107,1
TRWSTNQ128F426B5F1,1
TRCKBTX128F9320466,1
TRAZIQK12903CCFB3A,1
TRVPSYP128F42758A9,1
TRCWXII128F147136C,1
TRRVLHS128F4236D36,1
TRRBUQL12903CCE501,1
TRDZEEZ128F147F8AC,1
TRJIYRZ128F934BCFB,5
TRNOUSD128F9327A65,1
TRDIZWI128F931C1EF,2
TRWQFGH128F9342401,1
TRNOCCO128F92F5E7D,1
TRMQDMA128F146EB52,1
TRRPJDO128F428AD0F,1
TRSTSBB128F1480E50,1
TRRHULT128F4231A35,1
TRBMYLY128F4266937,1
TRALTBO128F1461DC1,1
TRHNBHR128F9350E67,1
TRFURQZ128F92DD378,1
TRMVKSL128F14640E0,1
TRPPSZR128EF367144,1
TROZJLA128F42491EB,1
TRTRVEP128F428F617,1
TRAXVEX128F1459042,1
TRVCEAT128F92EEDBB,1
TRVLCAD12903C9CDDB,1
TRMGALB128F42679A9,5
TRFCWBY128F4267E70,1
TRZARYK12903CFB34D,1
TRMNBLK128F92F981F,1
TRNUDPG128F1467352,1
TRJHIKI128F42539D8,1
TRSGNHM128F146AA5F,1
TRIGYLX128F429BC2D,1
TRRJQRE128F149AB7C,2
TRAKRWO12903CF6963,1
TRCZVRN128F428B9CA,1
TRYPFQN12903D082E1,1
TRZPQUM128F42852D2,1
TREZDXZ128E0780C30,1
TRZQACT128F4270EFA,1
TRPVNTO128F4266333,1
TRETWYJ128F4278011,1
TRGEAAS128F92E1ADD,1
TRFGQNT128F146B854,1
TRJFSKZ12903D0CD2E,1
TRCUCYJ128F427872D,1
TRAMMMC128F1465A48,1
TRJAKAS12903D0256C,1
TRIOFFE128F4277C1E,1
TRNDTLJ128F423FD58,1
TRWQJNX128F9300CD8,1
TRCZZOJ128C7196DE2,1
TRKNUNU128F9322124,1
TRSKATR128F4252499,1
TRJUHYU128F92DB120,1
TRWSSZC128F930AA07,1
TRNFNTB128F4216F4E,1
TRXPVYG128E079185C,1
TRYGXAE128F4230659,1
TRNURLN128F92F6C8E,1
TRSQPQK128F1491724,1
TRFHAIP128F14A2E74,1
TRDNPPC128F42444F2,1
TRSLNTD128F4225D64,1
TRISFDP12903CE395A,1
TRNKLHX128F42281AA,1
TRICIFY128F422149C,5
TRMTZOH128F92FE2CA,1
TRYZWMM128F92D0961,1
TRDZCDP128E0791B1C,1
TRBPEWR128F4269C47,1
TRPGBHC128F9355170,1
TRYRGPR128F428F4CA,1
TRXIGSR128F1478311,2
TRMECRA128F93032B4,2
TRCXJJT128F4228D0D,1
TRNPVQU128F9313534,1
TRSPYDH128F9365461,1
TRAPTOE128F4272000,1
TRSSPPR128F92C3A4E,1
TRZBVZC128F428A214,1
TRWLOCY128F9338118,1
TRAUVSF128F14A0B6F,1
TRUANPT128F4293F33,1
TRVNSHE12903CD6C32,1
TRQHSWA128F4288F90,1
TRPIMWJ12903CAB554,1
TROETSZ128F425A2D8,1
TRXYTRK12903CF694C,2
TRZCELA128F4295D9E,1
TRWFQYI128F427DDB5,1
TRCYWLI12903CF7AEF,1
TRZYIOU12903CC5F93,1
TRMKPLH128F930320D,2
TRSQOLF128F933595A,1
TRTPWVH128F92F2274,3
TRVVTWQ128E078F1B7,1
TRYHNQK128F9365D87,1
TRNQEIW128F92FED6F,1
TRNUOSP12903CAAC31,1
TRJDKLG128E0792558,1
TRARPCK128F92FEA7F,2
TRDGBND128F426E85E,1
TRRVSBS128F425A7B0,6
TRJVZWV12903CF694B,2
TRUFCYO128F422B898,1
TRAKUER128F92D037D,1
TRRABYS12903D056AB,1
TRUZLWG12903CCDAE4,1
TRSTGBM128E07855AC,1
TRRVWMP128F93190F9,1
TRGLIAI128F147460F,1
TRWBSCZ128F932F2F9,1
TRZALAF128F9313CA6,1
TRBKMRO128F935877F,1
TRPJLEW128F428A2CB,1
TRXCIGE12903CDBF23,1
TRSPGGA128E0784455,1
TRGYBFF12903C9AF38,1
TRXQDMZ12903D02536,1
TRIDZYC128F14571A3,1
TRQTJRB128EF3639DE,1
TRGCYRT12903CF51FB,1
TRLWEPW12903CB031C,1
TRFZIKD128F1465640,1
TRLFVMO128F93238EF,1
TRFPTGX128F14A2AB6,1
TRSWXDL128F429D365,1
TRBTCIZ128F4239EC6,1
TRYOHMW128F92EEDEB,1
TROZUHY128F4288FA5,1
TRXWLLE128F92FC125,1
TRSWRWG128F92FCDD2,1
TRVNNNM128F426692B,1
TREBLVD128F4239143,1
TRBOUMK128F148D4D8,1
TRWXYAV128F1484268,1
TRCZFUQ128F92F781D,1
TRKSVLC128F93404CC,1
TRAOEPJ12903CD951F,1
TRTNGUZ128F9313CA0,1
TRRMWWC128F4259FB9,1
TRRUBZB128E078B30B,1
TRCQPCX128F147C765,1
TRBYHAG128F4258D30,1
TRGRONS128E0786070,1
TRMHWKX12903CCEF51,1
TRRHXEG128F425EC9B,1
TREQDVX12903CF6940,2
TRPICMI128F147E922,1
TROBKTL128E0781DC5,1
TRSXTLV128F145F8E2,1
TRPCNKK128E07990A9,1
TRBFCXK128F42627DF,5
TRHQZRC128F92FA6F0,1
TRIPIFX128F4271E7E,1
TRFHLYQ12903CB0446,1
TRQQWTT128F9342FA8,1
TRRXYKW128F4292EA6,1
TRJXQYC128F92E6BB7,1
TRWKAWC128E07917D7,1
TRWWPDA128E0792F83,1
TRAGVBF128F42854FB,1
TRXIHCK128E079699E,1
TRTZMDC128F4278F68,1
TRKJOLU128F147A67D,1
TRHIAGT128F147F8AB,1
TRGSPUQ128E0780DA5,1
TRJBIVG128F425A297,1
TRPIZWV12903CB4D73,1
TRMDUPQ128F428729B,1
TRABKZD128F934267E,1
TRMCGHU128F42B9B29,1
TRWNYKX128F426652F,2
TRDWVJC12903CF6946,2
TRRWCKD128F930513F,1
TRBTPOM128F92C946E,1
TRGPHKH128F42ADDFB,1
TRKHLLC128F42377DA,2
TRPIUGX128F4262940,1
TRNVZQA12903CE05AC,1
TRIBCMM128F931E33C,1
TRAPFRD12903CB7456,1
TRUKFCG12903D02A1F,1
TRVEUTA128E078E719,1
TRCVKQA128F427B3F8,4
TRJKKZD128F92E4707,1
TRRNIPJ128F92EEDD0,2
TRBFNFM128F42530EE,1
TRSPBQY128F92DB11C,1
TRNTALF128EF343800,1
TRSBRJA128F930CD7F,1
TROPECI12903CB257A,1
TRPUGLX128F145C03B,1
TRKTIZS128E078EE1D,3
TRVBNFF128F4216F3B,1
TRHRKHR128F932EB50,1
TRFBHNS128E07925FD,1
TRBUVTI128F9329C23,0
TRCPBHD128F425980C,0
TRIPNKN12903CD8464,0
TRITABJ128F932BEAF,0
TRDEAIQ12903CF3A1F,0
TRDKXTD12903CFC915,0
TROFSUJ128E07953E1,0
TRHKBEX128F92EED38,0
TRWPEMR128F14520BC,0
TRDPBDY128F9332782,0
TRRZKQF12903D09D0F,0
TRCIRPZ128F42ACA30,0
TRRZOOK128F92EC1E2,0
TRUHSSD128F9339708,0
TRLRHBL128F92E917F,0
TRXHFAJ128F930DD46,0
TRBMPYV128F149F4A3,0
TRCDRYY128F423DDB5,0
TRQFBYY128F92FD763,0
TRLHJIO12903CEC3F4,0
TRJCPMD128F92F5B45,0
TRRRDZH128F146885C,0
TRGLESU128F1494B54,0
TRFIKCF128F1452CAF,0
TRBXUEX128F42906E0,0
TRAXPDB128F14A8954,0
TRGXCLP128F421B538,0
TRMBRHD128F92F29A3,0
TRYJMTK12903CC4566,0
TRDQLVP128F93032BE,0
TRSQZHG128F425CF98,0
TRKROLZ128F1495621,0
TRRRRNA128F42948D2,0
TRQSINZ128F42626E8,0
TRNBDXU12903CC6415,0
TRAQLIE128F931C3F3,0
TRZQBDY12903C9CED9,0
TRUETNB128F92CA651,0
TRRJCAX128EF3686D2,0
TRHQHZM128F93097B7,0
TRTMXLU128F4276E02,0
TRZNAMF128F931A9D4,0
TRVYASJ128F42480A8,0
TRUIURT128F428F9AE,0
TRCADDH128F426A76C,0
TRLEKAP128F149F2B6,0
TRLAXOF128F4273A75,0
TRRSGFJ128F42A3C58,0
TRGEQKF128F425AC11,0
TRYTFOJ12903CEEE07,0
TRCXLBP128F4273486,0
TRRJBYP128F42A48FA,0
TRZFLRY128F9341161,0
TRCFPVH128F145E9C5,0
TRAWTRZ12903CDE478,0
TRATFIV128F1456955,0
TRJTCUF128F42409CF,0
TRJTTPP12903CD432F,0
TRAFRIG128F92D0518,0
TRXJYAZ128F145608B,0
TRGOTNF128F92E0E89,0
TRDYCBQ128EF355583,0
TRLTVXL128F92F793C,0
TRZOSCB128F1459E22,0
TRYQZXH128F4228ED7,0
TRNUYSJ128F9314E9B,0
TRBUAMK128F145C1CE,0
TRJZMLB128F92F2F87,0
TRMWZJM128F42255A1,0
TRPDVWL128F427325A,0
TRDLAIV12903CCA73C,0
TRWVQNE128F145948A,0
TRSUDGY128F1459ADA,0
TRQJFGN128F426317B,0
TRIAPVE128F146CA67,0
TRWHFVL128F4247F91,0
TREDPKW12903D02A2D,0
TRZPBIK128E0792FD7,0
TRNYFGV128F42780FE,0
TRBPOTM128F92F0991,0
TRRPDNW128F423E4B7,0
TRKDGRZ12903CEF2A9,0
TRSMSQR128F4293EA7,0
TRRZLJP128F935446D,0
TRLBCWZ128F145CB05,0
TRLEZSI128F1464817,0
TRPJLXX128F931741B,0
TRQPRLN128F14593A1,0
TRRSVTZ128F4222887,0
TRDXSUX128F428160A,0
TRQWXYF128E0785BD7,0
TRDDEHJ128EF34E084,0
TRVQBTC128F92E27E3,0
TRVXUZS128F423DA27,0
TRLKTRI128F932E775,0
TRPEVVR128F426C1A0,0
TRSJYJU128F9336641,0
TROOUJI128F425D1AD,0
TRWVMIP128F4275F33,0
TRKOQFY128F429634E,0
TROMRLW12903CE395D,0
TRLBMFV128F93426B3,0
TRBABAH128F930F518,0
TRVJZZE12903CB705C,0
TRXKCHG128F92FFB75,0
TRGPKFP128F92CE012,0
TRJMHIO128F4266AF0,0
TRHDDNB12903CEC349,0
TREEOLR128F92C6147,0
TRGCWKY128F9310C72,0
TRNYRVT128F425CCE1,0
TROEKUZ128F145738A,0
TRIXNLE128F4240CC8,0
TRJMSWT128F9360D1C,0
TRTPZBX128F1498F36,0
TRVRVWH12903CC4D39,0
TRASMHM128E07818F9,0
TRZGBQB12903CCBF89,0
TRVZETR128E078585B,0
TRWPHPQ12903CC4498,0
TRIQPTB128F148FB8C,0
TRDUGQN128F427D641,0
TRDWQYG128F147364F,0
TRQMDJY128F422AA5D,0
TRFWEZA12903D000E4,0
TRMDZAM128F146C1A0,0
TRTJXIC128F9342496,0
TRRBAKU128E07816AB,0
TRIAMCU128F92D5C5C,0
TRRZGRH128F934255C,0
TRBEHNT128E0792546,0
TRHOOEX128F42592B6,0
TROWZAQ12903CDFB76,0
TRHJYJK128F1455520,0
TRYHVJR128F92C810B,0
TRBSEGO128F9336816,0
TRLRWDG128F932A6FA,0
TROHTSJ128F14AE36B,0
TRQMFNM128F427CC18,0
TRLJQYX128F42782BE,0
TRCAYYL128F424D237,0
TREGKAC128F423EE48,0
TRADYVY128F92FCFDB,0
TRDJESK128F934C562,0
TRAIJZJ128F92F51FC,0
TRZIGDU128F4292E12,0
TROAXJQ128F1485CF2,0
TRIRSUK12903CF1F0A,0
TRAWVAP12903CFB625,0
TRHUYUZ128F931BEBB,0
TRQEPNT128F4255BD8,0
TRPLYSG12903CAA9A0,0
TRCEBLD128F4264C07,0
TRQMFAB12903CFA42F,0
TRPXCRD128F92F5E7E,0
TRCUSTO128F148B0F3,0
TROTWWZ128F9301E50,0
TRJTMDI128F147BEDD,0
TRXOVOX128F92F5AD2,0
TRRUGQD128F423EC93,0
TRZCEQM128F4298139,0
TRXJZBB128F425E3E5,0
TRTSTSK128F427C28B,0
TRGBXBH128F4281140,0
TROVRQS128F429054B,0
TRKVGTU128F42784DE,0
TRDCVSG12903D05B3E,0
TRMCQLB128F933A1A9,0
TRKROVG128F4278B77,0
TRLLDWC128F930FDE3,0
TRLHXUV128F93041E3,0
TRIIPML128F424E4A0,0
TRRGJGF12903CCD438,0
TRLJOXD128F9332E40,0
TRGJIFL128F92C6811,0
TRQJJDM128EF33FAB4,0
TRINIOS128F427AAFF,0
TRMUQDB128F930346A,0
TRBBLFA128EF35F697,0
TRMUTRM128F42720DC,0
TRJFXAH128F424737A,0
TREVDBD128F42693CA,0
TRRVFJW128F4294D02,0
TRUJRHY128F421A50E,0
TRDBMFY128F422907B,0
TRQGWHJ128F4263C83,0
TRXWMGA12903D039CA,0
TRPEKNC128F429E1FC,0
TRYHSZN12903C9F207,0
TRMAALA128F9361635,0
TRTTXLJ12903CC9111,0
TRCUFZL128F4259439,0
TRCJGXL128F9334FBC,0
TRSXOXX128F429EE42,0
TRZBEGK128F42303BF,0
TRYRHYC128F423E608,0
TRXKZLZ128F427BADA,0
TRESKRH12903CDF36B,0
TROLFVX128F426A30D,0
TRFJHSD12903CEECAD,0
TROWEYG128F932ABAB,0
TRNOAET128F42646EA,0
TRVXMGZ128F42825DC,0
TRXSXQM128F92CFFF8,0
TRJKAUH12903CE2D57,0
TRZDAKH128F4292381,0
TRHRBBO128F424BEE8,0
TRIBVQC128F9337F20,0
TRUCNBC128F42682CF,0
TRTMVJJ12903CBB678,0
TRBTDVW128F427E6AB,0
TRRURKL128F425DCA2,0
TRGGFJS12903CA5E59,0
TRSKRYQ128F92FE93F,0
TRABSTP128F4252E01,0
TRKQBRK128F1454372,0
TRZWJPG128F425D202,0
TRKXJRB128F92F92D9,0
TRBYYMG12903CE61F4,0
TRHCJAH12903D002D8,0
TRQTUCU128F14A46DC,0
TRVQFDT128F4213E0A,0
TRNDNEH128F92C9E33,0
TRITLLH128F93145E6,0
TRANUSB128F9343695,0
TRTGHKZ128F4295644,0
TRKEOXS128E0788DAD,0
TRLAARQ128F9350BED,0
TRIAVEC128F9329472,0
TRIAWTY128F427EAD0,0
TROYJRW12903CBCFFA,0
TRXISIK128F92CDE55,0
TRJARPA128F930F9B5,0
TRAHOLR12903CD4869,0
TRJCCEB128F93183D9,0
TRTNIXM12903D0CE37,0
TRUJSDM128F93117ED,0
TRLNQXG128F4257F0D,0
TRBPHNP12903CEC3ED,0
TRFLDAD128F42BCBCE,0
TRKEMWB128F92C6669,0
TRNIFRB128F4294F59,0
TRLHJAN128F93269DC,0
TRYNIQS128F145FA34,0
TRQGXHS128F4268AF4,0
TRCPLHF128F14595AE,0
TRUHXHY128F4269ECB,0
TRUNCZA128F4277CA9,0
TRXTZJM128F42744FB,0
TRAZQJI128F147B4BB,0
TRUIXZM128E07876FD,0
TRXQICC128F92E9AE5,0
TRXZXZU12903CE7505,0
TRSUSYJ128F4248C1C,0
TRPHHNY128F4291343,0
TRKQZSJ128F4264607,0
TRBGXVS128F14A26D0,0
TROSABI12903CCAC8C,0
TRVQBRF128EF343A3F,0
TRJCWGS128F428B4F6,0
TRRDTKB128F42631F7,0
TRUTMXL12903CE2FA9,0
TRPUHJR128F92F29C3,0
TROOBCB128F14775D1,0
TRBPODZ128F4253767,0
TRIVSEV128F931E39F,0
TROPPCQ128F92FCB61,0
TRYGADB128F4221AD4,0
TRULLAI128F9347677,0
TRPUVUT128F92FAFAC,0
TRYGASI128F930F2CB,0
TRTFOVS128F92F9F1D,0
TRAOCVH128F930A8EF,0
TROOQIE128F4287196,0
TRMECBN128F42226B3,0
TRQUIAI128F93321DD,0
TRUZFYV128F9303DE6,0
TRARZXZ12903CB0B3A,0
TRREWRE128F9337349,0
TROWSTE128F428CAFD,0
TRIARJW128F932D60A,0
TRNDGIP128F1456701,0
TRMPZVY128F4288A72,0
TRYDDKQ128F4248279,0
TRJEIYV128F1453CAA,0
TRHFOZJ128F932A673,0
TRRTDFD128F425DDC0,0
TRRAQTZ128F9343ECB,0
TRFITQT128F145B4FA,0
TRIBCYG12903CB1200,0
TRZUSER12903CEA86B,0
TRXNPGW128F92FF577,0
TRFJLHH128F92DDC8B,0
TRXNJMK128F426E1A0,0
TRZPKCM12903CD257E,0
TRPMRTI128F931D501,0
TRGMYHM12903CC05C0,0
TRYDTSD128F92C68C4,0
TRFYSVO12903CE1DBD,0
TRKSGXM128F92FE300,0
TRGKTMW12903CFAE65,0
TRKLBWY12903CE896E,0
TRHOIEI12903CC458E,0
TRQAVUT128F427D2D1,0
TRDFCCX128F428B9BC,0
TRIPXTV128F4222237,0
TRCJPRU128F147B8D1,0
TRWASJV128F145C703,0
TRPMZPN12903CA4DA4,0
TRSKIHT128F92F56A2,0
TRMJONA12903D04365,0
TREXZND128F428B3B9,0
TRAVJTB128F4285873,0
TRLZDUE128F4297F46,0
TREFHFH12903CF7C93,0
TRPGWBV128F422F5A2,0
TRKTMUF128F426CA01,0
TRFEZLM128F42A8BAE,0
TRVLEFX12903CDD6AB,0
TRLUDUJ12903CAF1E1,0
TRYYPVL128F92D3E1E,0
TRJNCLS128F4289ACA,0
TRLNCND128F42975FD,0
TRPFBKC12903CCBA3F,0
TRXRMJI128F934BC94,0
TRUPLNI128F1469B0A,0
TREREEF128F9308083,0
TRJAZEO128E078868F,0
TRHNTLT128F428823D,0
TRRWLDT128F92FBCF0,0
TRYABVF128F4272612,0
TRRMMTH128F14525A0,0
TRDZAUQ128F4275400,0
TRISVNW12903CE863D,0
TRGORIY128EF364187,0
TRNFZOD128F4250A30,0
TRHTOTG128F1464F32,0
TRJJSYT128F426B681,0
TROBLRU128F930550D,0
TRHDWDZ128F1455CAB,0
TRGDVFE128F9311A98,0
TRCGJCA128F4232462,0
TRSXULY128F42692CE,0
TRKKFMO128F931BBF1,0
TRCUDLU128F9325101,0
TRIADUF128F4273D22,0
TRUJKDY128F423A20F,0
TRVNLYR128F145D67B,0
TRELDPV128F931F091,0
TRHGJKA128F9337A6A,0
TRCCXZG128F42769C0,0
TRSJJFH128F9324676,0
TRUCKAP12903CDF59E,0
TRNOXDE128F1493547,0
TRKOVCT128F4275B09,0
TRXYHSB128F4283A35,0
TRYQPZJ12903CB571C,0
TROUTFS128F9359A68,0
TRMEEQJ128F4298E85,0
TRMDYQL128F92F8F4F,0
TRBNEAP128F93286F8,0
TRKCHIY128F42A604F,0
TRXNWTR128E0781F2E,0
TRXYFMF128F422F9B2,0
TRGZXVO128C71962CF,0
TRAXHYK128F149C289,0
TRMCACK12903CE5A05,0
TROYODH128E078C695,0
TROWYBO128F14531F6,0
TRHFAUA128F428F1CC,0
TRHRPVA128F9324A13,0
TRSLJKA128F424C84B,0
TRYNONG12903CD4A20,0
TRNFITU128F93211D0,0
TRALEMU128F42833CE,0
TRCWREV12903CFA70E,0
TRWFTCI128F92E838D,0
TRBCJDA128F4228FA1,0
TRVNWTZ128F92DD672,0
TREIZUJ128F4276F3F,0
TRMZSWP128F930C805,0
TRIXTPK128E0791767,0
TRTZYUY128EF33FD58,0
TRZXTLB128F14902B3,0
TRGQTIC128F1480A45,0
TRSETPO12903CBE0AD,0
TRONXWV128F148F710,0
TREOYCR128F930D08A,0
TRPLGTZ128F9339556,0
TRTLZFV128F1486DFA,0
TRWISLZ12903CAE81F,0
TRRZLZT128F4292550,0
TRDFKGP128F9342B15,0
TRVMXVO128F92EEEC9,0
TRSQNVS12903CCE397,0
TRAMXSO128F9306258,0
TRXGVOS128F92D02D7,0
TRAQBVO128F425D1F9,0
TRJQWHX12903CF0268,0
TRCNMPB128F4284832,0
TRTUTSE12903D0A8A7,0
TRXGXIN128F9342E37,0
TRTXZZZ128F4266434,0
TRHODZY12903CF22C1,0
TRJAKSW128F935A651,0
TRMIAMQ128F934C9BD,0
TRPYKTC12903CD43FE,0
TRDNGTU128F429F5AD,0
TRJJHTX128F1472057,0
TRGHINQ128F92FEDEA,0
TRDSKCT128F428B135,0
TRRMZXV128F14902AC,0
TROAZVW128F4279319,0
TRCRMET12903CE35B8,0
TRSCLOI128F92C5A5A,0
TRLWFHW128F4297126,0
TROIERE128F92FBD53,0
TRVHLLK128F427B87B,0
TRBROVA128F42255AF,0
TRSYSCD128F92E951A,0
TRNVNFZ128F428C7A3,0
TRPGMCS128F92DE737,0
TRNBKOQ128F42A01C2,0
TRQMBMI128F9337C7A,0
TRNFKLS128F14A5AAB,0
TRJJENU12903CD9297,0
TRKGOUL12903CFCE5E,0
TRLJHZS128F92FD86A,0
TRXRAIW128F4272CD7,0
TRNGBPW128F42702D8,0
TRHASLE128F92E8334,0
TRTVUVL128F42622A2,0
TRONIDF12903C9CE15,0
TRXZFWJ128F4259286,0
TRTOCID128F147CC65,0
TRJKYUU128F1476CD9,0
TRJJHWE128F42482B0,0
TRLJKLX128F4268EE8,0
TRYHQEU128F9302A1C,0
TRSMTEB128F930C708,0
TRQBFQH128F934B60E,0
TRLAFRO128E0786415,0
TRBAAPY128F426E2EB,0
TRXFSUW128F4282B34,0
TRZRBYH128F92F2CFA,0
TRQQOFV128F4260184,0
TRUHICH12903CEF1AA,0
TRTKGNQ128F92F9311,0
TREEOYM128F14A4E34,0
TRGJBLQ128F92CFD89,0
TRRCODZ128F428CCB5,0
TRJWRRU128F42370F8,0
TRKFJWV128F933A20D,0
TRIMEUI128F427C2F0,0
TRRJIGW128F4294188,0
TRTAFVQ128F14B07AC,0
TRJXUVB12903CAF2C0,0
TRJMXMF128F4276F6E,0
TREEGIU128F4289B4E,0
TRFXILC128F14A207E,0
TRTFKAO128F4277D4B,0
TRWQVGW128F423AEDD,0
TRXWRZC128F428E4C1,0
TRBKVFB12903D004EE,0
TRMBQAT128F9337C72,0
TRFRTVB128F9346939,0
TRRGKBK128F425A30C,0
TRQYYBF128F9307800,0
TRVRDQV128F92E2967,0
TRIQIAD128F930D049,0
TRSXOPU128F4292471,0
TRNGHHZ128F4212FCC,0
TRXOKQJ128F427145E,0
TRQRRHY128F92DBB4A,0
TRUANHK128F92E66C4,0
TROGEBE128F933BFC5,0
TRWFKXV128F4255BE0,0
TROFRTU128F4259DBF,0
TRAACUP128E0789C69,0
TRYVZCA12903CF1307,0
TROSSNE128F93480ED,0
TRCBIGR12903CCB7A5,0
TREYBAW128F932A9FF,0
TRUUOGZ128F14688CC,0
TRNAQBJ128F42B87E9,0
TRARKXM128F14911B0,0
TRUZDXK128F9326908,0
TRMNFEA128F93365CA,0
TRJXFVK128F933E94E,0
TRMLOCA12903CEEBF9,0
TRBEUMG128F422305C,0
TRDEYMS128F425179F,0
TRPLQYF12903C9D4FB,0
TRHPLKN128F93218BA,0
TRVSGHK128F93134F2,0
TRUQHWO128F93251E5,0
TRJUSPT128F42B3E4F,0
TRCMMYC128F92CF78D,0
TRVSJHO128F424C7FE,0
TRLFUUL128F425A2D7,0
TRZOZNO128F427EFFB,0
TRCIWEW128F42843F5,0
TRCJSTL128F933A793,0
TRXRETB128F92FCCDC,0
TRFTGDG128F149BC3C,0
TRUCMZG128F9320A1A,0
TRXHVCP128F422D5C1,0
TRXCSMI128F427F0A3,0
TRYVYYE128F145C6E1,0
TRVHYYX128F428E191,0
TRJNBPA128F931BF05,0
TRCMGHO128EF34E57F,0
TRBFLHH128F425E548,0
TRVDRVN128F9329127,0
TRNGOUZ128F4289278,0
TRQGLQH128F425A91F,0
TRQMVVR128F1495B4A,0
TRENPPR12903CC3EAD,0
TRBFRVL128F149F991,0
TRYOBML128F425076E,0
TROGODX128F92EF744,0
TREIOXV128F9308413,0
TRXMUVZ12903CEFBE4,0
TRXENCB128F92F7179,0
TRNMLEW128F931841B,0
TRNRENJ12903CC9499,0
TRENBCR128E0785639,0
TRYZIQV128F42ACEF3,0
TRMDCCE128F92CEE28,0
TRDGRXQ128F92E63E3,0
TRWDWOL128F422258E,0
TRRGQHO128F425D30B,0
TRARTWU128F4277E4F,0
TRKYFED128F1451989,0
TRRERKJ128F42B98D4,0
TREDZFT128F92CE67E,0
TRLTGWT128F934580E,0
TRKIHFM128F1460095,0
TRZGMLH128F4272DF1,0
TRIGZAP128F932E534,0
TRKGHFZ128F92F9681,0
TRJQXLI128F4230F46,0
TRHDONA128F1497E0B,0
TRZJGZK128E0793FA4,0
TRVUVCZ128F42A28D9,0
TRGOLAX128F92F87BF,0
TRUATJF128F426FCCD,0
TRIEXKF128F1477BFF,0
TRLEIOX128F9307C8D,0
TRTALTM128F428ECB7,0
TRNZOQA12903CC0EEF,0
TRIXWVV128F92EC066,0
TRBAZZR128F1486968,0
TRVZOTA128F428ADF5,0
TRRFWUJ128F425C638,0
TRKYNXQ128F92FB098,0
TRZYFWE128F4277BFF,0
TROJCQH12903CDAB88,0
TRPYKWJ128F427CE6C,0
TRHYJLT128F9344C0F,0
TRCPYDX128F1452CC3,0
TROINPF128F1457E7C,0
TRLQJMD128F422B5B8,0
TRHJHUD128F427D1FC,0
TRHRKQZ128F92D6B07,0
TRIYBQS128F423BD0D,0
TRIMYQH128F9331FAA,0
TRTDONE128F932BEE8,0
TRYPUEL128EF3444F0,0
TRMPLIM12903CC17EE,0
TRYJCUJ12903CB8992,0
TRSIQGI128F92D1060,0
TRSUCBJ128F426321F,0
TRINPFI128F424E34C,0
TRRKIMG128F4291CAB,0
TRZQLME128F1488A74,0
TRVXMSP128F1473CD3,0
TRGSXMJ128F14A928E,0
TRHHFAL128F92F213E,0
TRYZMOD12903CA432B,0
TRHKSDJ12903CB6464,0
TRFZPTI128F92F1E62,0
TRJCZRW128F934AC57,0
TRFEQGU128F930B7A1,0
TRFGTTJ12903CAC8FE,0
TRNUTWX128F425AF40,0
TRNPTFQ128F422948E,0
TRTKLDB128EF342E10,0
TRGGRAR128F9347933,0
TREDZWM128F423ED76,0
TREWOPE128E0782228,0
TRRINSM128F14A9F06,0
TRWDTRZ12903CB01D2,0
TRONMCZ128F428A8D4,0
TRCYJMI128F92C4FBB,0
TRGSZZF128F146FA70,0
TRBEWNU128F148F6CF,0
TRHEFTM128F4241B96,0
TRQVTWC128F428A8D6,0
TRWSGOH128F4299612,0
TRJTSGY128F4249EF8,0
TRBCGKB12903CFF680,0
TRCOGGB128E078F62E,0
TRCMGZX128F14ADFFE,0
TRITSGN128F42999B5,0
TRPRSTN128F1476647,0
TRUHOCN128F426EE11,0
TRINLOH12903C9D187,0
TRWBSTM128F4246BDA,0
TRFZWBL128F14AE4C9,0
TRFCPFX12903CB2D52,0
TRKEFGT128F932475C,0
TRXNTAO128F931A03B,0
TRKRKFI128E0781F3D,0
TRCQOJU128F92E8436,0
TRMPARY12903CE0C1B,0
TRVVOVO128F934C8E8,0
TRGWZWW12903CD960F,0
TRGINKF128F426C324,0
TRWIEEC128F92F29CC,0
TRPRDMQ128F422F286,0
TRGQYEQ12903CDFB2B,0
TROGXWJ128F4261A62,0
TRQYYGT128F1486701,0
TRQXOSO128F1493790,0
TRQCPEG128F4283AD6,0
TRGCDUQ128F1456CDD,0
TRSDDCV128F147BE58,0
TRLAKPD128F146B1A6,0
TRWYTLF128F425A90F,0
TRPZNWV128F148AFFC,0
TRAUXDX128F934210A,0
TRNZKLG128F92FC182,0
TRIESFI128F427B267,0
TREYTJO128F426BFD1,0
TRQKGNW128F427F17D,0
TRNUNGF128F4252F35,0
TRBYFPX128F145C4C1,0
TRMUGQR12903CA7556,0
TREOJQR128F42329E0,0
TRBWYAP12903CE5992,0
TRRPCQB128F14937E6,0
TRZFNUG128F93518C0,0
TRYXRXJ128F423E595,0
TRHDJHY128E0791EFD,0
TRMLGGZ128F14633C3,0
TRJHFMR12903CF6A65,0
TRUMMBL128F423345C,0
TRGLMCR128F93376A4,0
TRUPRXU128F92FAE86,0
TRIKQHX128F92F5C17,0
TRQWYOK128F147B66A,0
TRQPJLY12903CA982B,0
TRZOGMF128F42625F5,0
TRFAEMW128F14762E1,0
TRLHFVW128F424316A,0
TRTLLXB128F14A2B63,0
TRQWQKM128F934EDED,0
TRYHVXH128F92F2599,0
TRXCTJM128F4232C49,0
TRZBUFS128F9327C9F,0
TRRETPS12903CF5BE8,0
TRTFWDW128F931953A,0
TRVBGXO128F4226F76,0
TRYNYSX128E07897B3,0
TRADVXQ128F42AD6B3,0
TRXOYSR128F428BF98,0
TRKLGGX12903CE7FCB,0
TRHSNLF128E0796916,0
TRVYYXL128F4296D35,0
TRFPPXC128F421A580,0
TRBCIKK12903CBD892,0
TREGIPG128F932E764,0
TRGIOQZ128F146B6E6,0
TRUNZLC12903CB7124,0
TRAMNSC128F1475A04,0
TRORBNH128F4299C7E,0
TRQBOIH128F92D6EA8,0
TRXBJWB128EF363C80,0
TRZISVQ12903CE821F,0
TRTHFJB128F145C09D,0
TRFRWCK12903CE743F,0
TRPSEMD128F429B2F7,0
TRIIMSW128F9358A94,0
TRLJKDT128F1474050,0
TRGZEIF128F9328D38,0
TRANCPN12903CC5E93,0
TRFTYAZ128F4257D67,0
TRMOGNJ128F9305899,0
TRCPIAP128F4231568,0
TRRGUUT128F4293B46,0
TRBKOBR128F14AD106,0
TRZEECU128F93161C0,0
TRTNWLK128F92F7B36,0
TRQVTPB128F92FCD4F,0
TRGCQRL12903CF5FD3,0
TRZMSXJ128F42A0495,0
TRQCXDQ128F4254E09,0
TRGFTVO128F4244F73,0
TRRWLFO128F427AF90,0
TRDIRFQ128F93382DF,0
TRFOUEW128F42596D0,0
TRTGYDB128F429CBD8,0
TRDUGGA128F428A9CD,0
TREFQZA128F4258BBD,0
TRFZLMY128F933744F,0
TRAPSWY128F9332104,0
TRJAYSC128F92DF6CE,0
TRHZXJM128F14768B0,0
TRATJZS128F1499874,0
TRYCKII128F9338134,0
TRNNBQK128F93013D6,0
TRMLIUL128F4285B84,0
TRTHTJB128F4294796,0
TRREDQV128F4291BE7,0
TRYHJBE128F428194B,0
TRBFVGL128F4289B63,0
TRRMCQW128F42663B7,0
TRMFUQL128F429B8C0,0
TRCQVHR12903D0165A,0
TRGEYYU128F145F4D8,0
TRKWIYB128F4259520,0
TRJPEHW128F428E0DE,0
TRZFRMM128F42911F6,0
TRHVEWZ128F92DE1A7,0
TRGJRDM128F147B5A2,0
TRNTGBB128F9329787,0
TRBBQTR128F4298315,0
TRYQVNZ128F423390D,0
TRKJAMQ12903D0ACAF,0
TRCXBDK128F42631C9,0
TRUXBJY128F42890B1,0
TRBMRKO128EF3554F0,0
TRPXQUA12903CC380F,0
TRGHHNT128F92F8F7A,0
TRPAFKY128F4276D24,0
TRWBEJR128F423AEC4,0
TRVBNTA128F4279657,0
TRKOYSB128F1488D28,0
TRNIDST128F148AA4E,0
TROUXMX128F9310FA5,0
TRUWKTB128F42154B1,0
TRSVESD128F92F161A,0
TRSGFEU128F931B2F7,0
TRNRELR12903CC3110,0
TRDBANU12903CBD4A1,0
TRJFBFA128F931D057,0
TROSUEQ12903CFCB23,0
TRCYVEK128F42282C7,0
TRYICJL128F92F8FB3,0
TRQFOSX12903CE94D0,0
TRVICDS12903CDA93C,0
TRBRPCZ128F425C022,0
TRNEGRK128E078647D,0
TROMWWU128EF34E47B,0
TRKBEDZ128F145B89A,0
TRICFDK128F425FB7C,0
TRLIFLO128F14525A8,0
TRXDEUE12903CE92DB,0
TROVROL128F423CAB6,0
TRWGMFM128F932DCBF,0
TRMRZQT128F92CD45D,0
TRUBLTX128F42858ED,0
TRFYKHU128EF34DF4C,0
TRWURJT12903CAAD87,0
TRNQQXQ128F92F6D73,0
TRTYCFZ128F423EB2E,0
TROBDFR128EF34E51C,0
TRKPJWO128F934B0FB,0
TRWHSSD128F1455ADD,0
TRCOJWR128F92EC087,0
TRVXTCC12903CF466C,0
TRYWZRA128F14947DA,0
TRLDTDL128F4281405,0
TRWCCPN128E0794CA4,0
TRPSLNG128F425CBD5,0
TRUDOCA128F4262111,0
TRMBCQX128F935E71A,0
TRRZZAE128E0798C75,0
TRVBJMC128F934B0FC,0
TRFLRKD12903CCD8E7,0
TRWJXME128F4263CD8,0
TRPOZUM128F42AAE4A,0
TRTRNJM128F4263EFD,0
TRVEAUE128F145FA85,0
TRBJNHA128F428BE6D,0
TRMLWHR128F930D4C9,0
TRBFUGZ128F92D2835,0
TRZBROO128F147AF4E,0
TRBZFLO128F92FD04B,0
TRPUIWW128F4221A8E,0
TRGBQQQ128F934A2C3,0
TRKPLJJ128F92FAF38,0
TRDBDJC128F92F1DBF,0
TRWAUDF128F147AF45,0
TRJXNLL12903CE9120,0
TRCEFQE128F427FD38,0
TRBPPKT128F14598A4,0
TRNRYBY128F425DDA0,0
TROQLQB128F4241079,0
TRXNPVT128F42A652D,0
TRWDAOR128F424CD4E,0
TRMZAQZ128F92E9CC7,0
TRCCWPV128F92FE18F,0
TRPPVVV128E078EA56,0
TRRVKET128F429C23F,0
TRQZNGR128F425257E,0
TRZGYHB128F14939F2,0
TRKHNTJ12903CD0C15,0
TRIPFRX128F423B502,0
TRFONWY128F92F9FB1,0
TRYOSUQ128F92F8F52,0
TRTOJDN128F92F6E06,0
TRANTKJ12903CB666D,0
TRHYLNZ128F9334292,0
TRNCJWG128F930CD21,0
TRKHXSO128F42637E4,0
TRDLNGQ128EF3560AB,0
TRYEFAO128F42955CC,0
TRXNZPW128F930D6A5,0
TRIQNQV128F92D5CA9,0
TRLWWLH128F147D94B,0
TRTSBNC12903CDB373,0
TRHZEVT128F42B807F,0
TRFEADB128F92EEA3B,0
TRNZROC128F92E5104,0
TRSCPRQ128F933D817,0
TREAIUA128F1494BF8,0
TRTTPIP128F934B39B,0
TRNRMGS128F4267019,0
TRFSFRW128F9326FF4,0
TRUNQIM12903CC9217,0
TROCCYP128F14AE515,0
TRWEKLN12903D01BDE,0
TRMQGKX128F9335DB7,0
TRTXIEQ128F9344E3C,0
TRHDXIK12903CD492A,0
TRHCJHF128F42397CE,0
TRSKIEN12903CFFD36,0
TRMKSLC128F92FEB67,0
TRAVKEU128F92F8D9C,0
TRBAOUJ128F425B6DD,0
TRGSSCQ12903C9ECEF,0
TRPRYBE128F4248064,0
TRWZHNL128F14AD40A,0
TRBIXGU12903CC8D03,0
TRFUJDX128F931E5C4,0
TRQQLHN12903CD3B77,0
TRZGJGF12903CE01C9,0
TRUWBLF128F934E308,0
TROGKPY128F930783C,0
TRXTBBY128F92C49E5,0
TRGFHAJ128F933C87C,0
TRZFRWI128F92EF0AB,0
TREAYAU128F426F5E4,0
TRZQTFH12903D04B3F,0
TRMVLDJ12903CF1343,0
TRIHDPJ128F423ED16,0
TRUUUPN12903C9E170,0
TRWDGII128F93483BA,0
TRAHFHR12903CCCAF8,0
TRHCCEK12903CAF35C,0
TRLAWAG12903CDBDE8,0
TRDLGFZ128E078B98A,0
TREIWKF128F427DD99,0
TRMHWZY128F14AA55A,0
TRMPCYV128F148F2F5,0
TRBKLUZ12903CAF4E2,0
TRVBGOR128F4284C70,0
TRCPUMM128F4276D59,0
TRIBWFQ128F429B07C,0
TROKXMU128F9312FEF,0
TRNVABE128F14656BA,0
TRXQKXV128F4263471,0
TRKKYKF12903CF2922,0
TRVPRMP128E0786437,0
TRAHZSJ12903CB743D,0
TRKWRMI12903CAA687,0
TRTIJAT12903C9A33B,0
TRRTDGW128F428A11F,0
TRRCSTS128F9315AC0,0
TRFGZBX128F14592BF,0
TRPQHVQ128F92E48BC,0
TRSLPNN128F4277E38,0
TRFFCBP128F92ECDB2,0
TRHEOBF12903CC2EBD,0
TRHPMNY128F42646BD,0
TREEXSM128F934E97E,0
TRPPLWO128F92FFC41,0
TREXKKS128F1483A7E,0
TRCIFUO128F931FBEC,0
TRJDWMV12903CA65D4,0
TRYOONA128F92FDCEB,0
TRDSKEU128F14566FE,0
TRBDFVQ128F4271136,0
TRBERIH128F931107E,0
TRWCELE128F428B8F4,0
TRSTGAC128F92DEA1B,0
TRCGKRB128F92E4E9A,0
TRGJTPL128F426AADB,0
TRALUXW128F14669EA,0
TRYIYIZ128F930685E,0
TRWDTIW12903CD20EE,0
TRTDOWS128F42ACA47,0
TRKFYFO128F4292573,0
TRBHPJS128F4270609,0
TRUWFXF128E0795D22,0
TROXEVD128F421A0BB,0
TRWDEGM128F146B830,0
TRAWZIC12903CB8DCE,0
TRQOMTV12903CF24B0,0
TRPAFBR128F933AB38,0
TRTVXMG128F4285B35,0
TRIPGGJ12903CAE374,0
TRHJWMI128F4278D06,0
TRRJYYG128F426C2BE,0
TRYQFVA128F148FC64,0
TRRDIEX128F4289FD8,0
TRCOHAF128F93373E9,0
TRAPSEO128F4297178,0
TRAVFUU12903CCDE9D,0
TRWMHQF128F9303640,0
TRTYGBC128F1475579,0
TROFPAH128F425D1EC,0
TRLGRDK128F930961C,0
TRSSKII128F422604A,0
TRLXWCZ128F92E9A85,0
TRIGFVW128F4261ECB,0
TRYBDAD128F934B9AC,0
TRGPJQY128F9301206,0
TRDXTDM12903CACDAB,0
TROIPAS128F92FFC35,0
TRNORYU128F9308350,0
TRKMWRG128F9330454,0
TRZKGCC128F92E7457,0
TRGBTQE128F1461D47,0
TRDXIJV128F149A2EB,0
TRKYFYM128F9330DC5,0
TRTROTE12903CACE04,0
TRUUJMF12903CC119E,0
TRILRPN128F1456091,0
TRHEWNB128E078E801,0
TREDBOJ128F4264A38,0
TRCYJOG128F92D1D23,0
TRQWAOI128F428E4C7,0
TRQLIWC128F42520EA,0
TRPYTJF128F92F9D28,0
TRUQBWN128F92DFCF7,0
TRKYICV128F933031B,0
TRKHQTA128F9330DAE,0
TRRRIMD128F1494934,0
TRZOKJM128F427309F,0
TRXJTSM128F92E63E5,0
TRFZMAN128F92E243A,0
TRXISUL128F422896D,0
TRJMHJZ128F4290063,0
TRETYWE128F145BB0F,0
TRVWHDH128F42756B1,0
TRIIHJO128F93416EB,0
TRLDUMK12903C9D769,0
TRXPVRV128F9321BC5,0
TRGXBZL128F42AA433,0
TRJGWKR128F4294503,0
TRFABLC12903D01F3B,0
TRVOLAA128F42755E2,0
TRAZYXX128F4276DDF,0
TRNSXGT128F423CF50,0
TRDYPFA128F1473713,0
TRHNRJY128F42B92D8,0
TRQHTHO128F4264367,0
TRHYIJE128F14961E7,0
TRSAFXB12903CB7437,0
TRXEQXS128F933DF66,0
TRWRKYX128F4290797,0
TRRUNLP128E0782C7A,0
TRTQGPB128F92D7F64,0
TRXFWMT128F4279AFD,0
TRWRSOB128F14AB718,0
TRDTMYF128E0798FEA,0
TRMGVIP128F4272C31,0
TRKYGDZ128F423B39C,0
TRXLNAD128F92EC757,0
TRQROJP128F42322A1,0
TRCCSGM128F92F9681,0
TRRDUBR128F1480E05,0
TRWCKEU128F9306987,0
TRPQSSD128F426B7BE,0
TRIGCGO128F4260288,0
TRYMZYH128F148B67C,0
TRWYFDU128F424C652,0
TRPLTZO128F424D731,0
TRLPJCY128F4288E94,0
TRPYJWT128F145BD6E,0
TRJLFKN128F425E65A,0
TREABMY128F932B0B5,0
TRIFNNA128F428593C,0
TRGKRTL128F9319C95,0
TRHPTFN128F42541ED,0
TRUAAKM128F425EBB4,0
TRFPNHO128F4299355,0
TRLTBLZ12903CBE6A5,0
TROPDDR128F9366873,0
TRPRSEA128F4236C73,0
TRQYSOJ12903CB5382,0
TRTBVIA128F42992DC,0
TRFGFXQ12903CC9B3E,0
TRXAAJG128F425AD9B,0
TRABICV128F146AEF8,0
TRRPFBX128F14721C6,0
TRPANMR128F422D944,0
TRSPTGH128F92D167F,0
TRJXQQK128F92D4F32,0
TRCLLET128F147C570,0
TRDQIFM128F4276546,0
TRFJGHN128F932F64E,0
TRKUDHX128F42AC951,0
TROBVCX128F42BA44C,0
TRJTMED128F4299010,0
TRRRQYO128F92F223D,0
TRNWPAL128F429EB48,0
TRMSZCB128F92DE5A7,0
TRNEXUJ12903D01991,0
TRQMPXL12903CF2B9B,0
TRZQEEN128F933C93E,0
TRIGVAF12903CF4186,0
TRGINJX128F4246BE8,0
TREJOEL128F145C35B,0
TRCVTEP128F14830BB,0
TRKTLGA128F4280295,0
TRYGLIM128F425A36F,0
TRHJIFO128F1477464,0
TRPGRER128F4271E8D,0
TRMGSIX12903CB476A,0
TRXGXXB128F146A9F5,0
TRYQEXQ128F92FCA9E,0
TRBOYLQ12903CD777B,0
TRUEFCU12903CEF9FD,0
TRWFCJQ128F92D186D,0
TRASXCG128F42792EE,0
TRAATPA128F146753C,0
TRTRBUH128F92CE617,0
TRPTNWY128F931127F,0
TRZHWSO128F4286430,0
TRXOBUO128F4274E63,0
TRSHJQA128F427BCB1,0
TRWGEBJ12903CAF920,0
TRBSUKT128F931F4D1,0
TROTNSN128F4289067,0
TRKRIUF12903D10335,0
TRGYEPO12903CB0250,0
TRUAFCB128F9349BEF,0
TRNWDFM12903D01B74,0
TRTJBSR128F42A9740,0
TRARJMX128F149BE14,0
TRFFJXX128F92FA3BB,0
TRHAOPO128F9313CA5,0
TRTFMPJ128EF34DBEF,0
TRANSIL128F4276686,0
TRUEOBV128F426361E,0
TRABUWT128F4242FD2,0
TRKHENP128F426300D,0
TRPXRZW128F934389A,0
TRHXHQG128F92FEA41,0
TREWEDW128F4277E97,0
TRHSZUL128F930884E,0
TRPOCDS12903C9A94F,0
TRFVRQD128F92F87C6,0
TRBEZVQ128F422F365,0
TRKBRCH128F14823F1,0
TRENRBL128F4277DA8,0
TRYGZRF12903CAF072,0
TRNHTXP128F4234157,0
TRGMQHI128F933B16A,0
TRIMSXP128EF34E5A4,0
TRYDTJJ128F42A8E3F,0
TRFCLVV128F426B742,0
TRCXWVO128F4237745,0
TRHCOMA128F428BE90,0
TRWMKTP12903CA29F0,0
TRDYJIY128F92FA6C1,0
TROPLZK128F148EB56,0
TRTMUDY12903CD9EDA,0
TRETURH128F933D2B1,0
TRSBZXQ128F92FE131,0
TRLOHCR128F4298635,0
TRKYYKN128F92F0D21,0
TRONRGI128F931B14A,0
TRVBOFB128F1495AB8,0
TRLUXWM128F148F74A,0
TRMCVYY128F42856A6,0
TRTTEUY12903CEB854,0
TRPAVHT128F92F9550,0
TRXLOTL128F92E0663,0
TRDCXYA12903D027C4,0
TRAETZJ128F422B208,0
TRGBFIX128F4250464,0
TRTBFDD128F934D86D,0
TREGSQI128F42838BB,0
TRNPKZQ128F931425B,0
TRHWWLT128F425CE99,0
TROLAPQ128F14A8E0D,0
TRRWPPQ12903CC6CF4,0
TRAPFWL128F423CD04,0
TRJIKZW128F92DDACC,0
TRUFYUU128F147DFE1,0
TRYERTA128F149F54B,0
TRISCOC12903CB23EF,0
TREVPZI12903CC7026,0
TRDEQXG128F14530C8,0
TRLDUZV128F422E0D8,0
TRAYJID128F422A8A6,0
TRPQZGF128F42581B2,0
TRVAZOR128F934C253,0
TRNWFAU128EF3685EE,0
TRJCLTN128F93251E1,0
TRRDJLQ12903CC7E32,0
TRSJSIR128F4288B13,0
TRZEPMQ128F932A7AA,0
TRCNQHR128F148932D,0
TRTHZXW128F4235B65,0
TRKLZDH128F4214551,0
TRSCGIQ128F92EF03F,0
TRKYJSM128F931CD7F,0
TRJYSYZ128F42923ED,0
