TRQBJIK128F92F7AD8,1
TRVOVKQ128F4231095,1
TRKFLXV128F92FFB11,5
TRDWBCU128F426C536,11
TRCVLYU128F4282E69,5
TRZLCFO128F92E6AE2,1
TRZETWI128F93089E3,3
TRWJATK128F4241DC2,1
TRQFQRF128F426E05E,1
TRKJTUV128F932BB1D,6
TRPCNKD12903CEF9A4,1
TRJUIBH128E0793AF1,6
TRERUDZ128F1465259,1
TRBAQLA128E0785C87,1
TRCRCBT128F4260DD1,1
TRCWNZW128F427D0E0,3
TREANGJ128F14989F6,11
TRWTXXP128F428BDD0,1
TROMKCG128F9320C09,2
TROZKPM128F42840FD,2
TRNPZWV128E0788BDA,1
TRABFDT12903CADD73,2
TROSDLC128F92CA920,1
TRZURRG12903CB2CFA,7
TRNJLKP128F427CE28,1
TRRQBED128F4279305,1
TRSFZUW128F42506D2,8
TRNZXWN128F4235146,3
TRHKJNX12903CEFCDF,41
TRNOADS12903CEA891,17
TREVCGZ128E079232A,4
TRXTXMP128EF35F7B9,5
TRYXOOD128F42B845A,1
TRDFTYP128F145A186,1
TRWMZOQ12903CC16CB,3
TRXGAUO128F425F12F,1
TRMTMEO128F92CFD60,1
TRSJKLY128E079849E,1
TRDNPZO128F147D9C8,4
TRJCMQA128F146374E,1
TRXCUAV128E0793B6A,18
TRMHBXZ128F4238406,3
TRVIOPH128E079894E,3
TROINFG128F425C284,1
TRWPPQF128F92FDF02,1
TRBDOVF128E0795641,1
TRVHEDH128F4243651,1
TRNAZEE128F932A3EA,7
TRHIVEJ128F14749AD,12
TRIXUHH128E078A188,2
TRMGWVS128F424F277,1
TRGJZIR128F42A24DD,2
TRWQINA128F9339E57,3
TRFAQMX12903CF53D4,14
TRRHBZV128F933DD94,3
TRDNHAW128F429DB9A,2
TRAZNGN128EF34B644,3
TRWEGVD128F425B455,1
TRKLUZB128EF35FB4A,4
TRWRUCY128F424351B,1
TRGWTOD12903CCE886,1
TRGAIWX128F421A9D1,1
TRLZMDQ128F145BDEF,2
TRDSBLB128F4276D86,1
TRSQWRB128F14A8955,2
TRHVZYA128E07848F1,1
TRCPAGR128F423A01A,1
TRMGUWH128F146903A,5
TRPEBGD128F933DEEF,1
TRVXBZV128F4226B25,1
TRHMLAZ128F4289FFC,1
TRZQIFK128F4275BDF,1
TRHNKAU128F9300856,3
TRPAMST128E078A9C4,6
TRHHYQQ128F42BB341,14
TRUGJMC12903CF7C3B,1
TRPNULQ128E078DBBE,1
TRRUFRV128F145808A,1
TRNEIDS128F932A7A8,1
TRWUTAT12903CD125C,1
TRJMHJZ128F4290063,1
TRVFOYW128F14519CA,10
TRTKUXS128F427CB18,6
TRMNSNO128E079640C,1
TRMGUEF12903CFE374,1
TRPPMLX128F9317A54,1
TREYVKJ128F931E1B0,1
TRXRKDL128F934B397,1
TRUIHWU128F931DFBF,2
TRPUTZR128F92DF6E8,31
TRFLZPO128F422EA4F,1
TRGWWRE128E0781CDE,1
TRIZFLW128F92F3B82,1
TRAYLRR128F933CA9D,7
TRNICFB128F14773EB,2
TRHTQFK128F427BBAA,1
TRDJDMF128F423CCC4,10
TRMLZVP128F14B0234,1
TRAVDOK128F424EA5E,11
TROSPTE12903CCCB19,1
TRHQENS128E0784814,1
TRBQIKR128F148BE55,1
TRIECAW128F92FC7B0,1
TRVFXHJ128F4285F93,5
TRKWURH128F4296C72,1
TRPYVBV128E0785EAA,6
TRQAKLD128F424F32A,2
TRPGITE128F9308785,2
TRGMZNT128F92DE267,1
TRGZUZA128F4248B23,1
TRDLSSD12903CBBEBF,1
TRQNYOA128F1469E1D,6
TRADTWS128F4241AC1,2
TRHAROJ128F9326578,1
TRWBFCQ128F92E659C,3
TRQSKPP128F4255A47,10
TRGLLMA128E0781CC0,3
TRVNHIT128F9330453,12
TRIDWDW128F92EA141,5
TRQQNLB128F4243518,1
TRNOCDJ128F9320A91,1
TRGUKXL128E07846D5,4
TRXURUR128F933D476,1
TRBCQIT128F147D985,1
TRWXUOJ12903CE8966,2
TRSWOXO12903CFBBFA,1
TREREBE128E078EB58,1
TRENTGL128E0780C8E,1
TRPFKZM12903D11317,3
TRPLDGF128F92F2A85,7
TRTMOVM128E0787420,1
TRUEXQC128F92CF1A7,1
TRSKMEP128F1466302,1
TRIWTDL128F934424A,2
TRIRKZO128F42312A5,1
TRTNJHH128F932A4DC,21
TRRXGAK128EF349F1A,1
TRFFGMS128F9341A81,1
TRLBBLG128F933C0E1,5
TRYGKRK128F9353545,1
TRHYNHZ128F42335A2,4
TRLSPUL128F92E8FD6,1
TRRHGFY12903CD2DC8,1
TRKZOBJ128F428AF61,2
TRWEPCC128F1490EB6,1
TRAMGPM128F9311196,1
TRTFTLA128F4292322,2
TRSZNIY128F14A437E,1
TRLZQUS128F92E58B3,1
TRFEMSU128F92DE0A4,1
TRISVIR128EF343497,1
TRCLXTI128F932D0C9,1
TRUHNVW128F4271765,1
TRUBJDW128F9303DE6,1
TRJXDOO128F42335FC,2
TRRQVMQ12903CBDFCC,1
TRQVZZU128F146EED9,3
TRRNLVL128F92EB809,4
TRAIRVL12903CFFE57,1
TRRUQAX128F92FDEF0,1
TRVYUKA12903CEA428,10
TRITNOZ128F932B5E5,1
TRXWWWB128F9305CAA,1
TRMPVGR128F92CD261,1
TRSKWNH128F42B32DC,3
TRQQLNY128F92F9046,11
TRQWEQN128F4289FF5,1
TRJOLVL128F4262D6E,1
TRLVBPN128F42A7E70,1
TRXNEWL12903CE9600,27
TRAAKDG128F42A0ECB,4
TRNEPSF128E0785E21,7
TRNWAPE128F934BC37,1
TRCDZDA128E078746C,1
TRAHVXE128F9339BAD,1
TRTGHNJ128F1458F84,1
TRISBIF128F4243ABB,2
TRHIQPE128F92CCF20,1
TRCRJHK128F423DBC9,1
TRWQQVW128F422AECF,2
TRHBABG128F4281C8E,1
TRTEWUA128F9333BFD,1
TRUXGVA128F42BA44D,1
TRFNUVT128F92F9011,3
TRETNEX128F427263A,3
TRYHBEW128F147DF6D,3
TRMGXFT12903CEAE87,1
TRNOVXA128F92FD533,2
TRDKZKP12903D13FEB,2
TREUMIP128F424119B,4
TRQLCBM128F92DC640,7
TRQEZBQ128F4272086,1
TRHUZTD128E078F4EA,1
TRZWFVY128F92FDBBB,2
TRBZIWR128F92E58B8,1
TRUALDZ128F9335DF6,1
TRZSNFG128F930ADD4,3
TRVNFJO128F42BC5A0,1
TREFEST128E078BDE8,6
TRZPSWK128F4243514,4
TRNEDIV128F4295228,1
TRTUCUY128F92E1D24,1
TROLWOI128F425EF06,2
TREVHXZ128F423D475,1
TRUPXKQ12903CEB057,1
TRFLNKX128F9339775,1
TRARBNI12903CF7972,5
TRRJLQW128F4257946,2
TRPXJXT128F9322162,1
TRQOPIY128E0792203,6
TRTNDNE128F1486812,2
TRCHGTU128F429BB05,1
TRMTURE128F4280AAD,1
TRJMTPO128F4271772,1
TROXEOE128F427D32B,4
TRFLVUY12903CF5438,1
TRJCLLM128F42202EB,6
TRGENTH128F425D114,12
TRMSPLO128F426D357,6
TRRRZXV128F92EFABF,2
TRSXLTB128E078B014,2
TRRSPPR12903D0DD7F,5
TRBNYBX128F422EC61,6
TRRUAUU128F4272677,1
TRLZBFJ128F932657F,1
TRRHRGE128F42B5082,1
TRYMRST128E078373F,1
TRBZEVW128F931BE83,7
TRUTGVT128F92CAB69,8
TRUYTGI128F92F61A7,2
TRAOAHW128F4241DC4,1
TRAVIRO128EF3445B5,1
TREEBIT12903D0DE88,1
TRDZCAV12903CAFC10,1
TRPPZUE128E0785DEF,1
TRZIQAP128F93129F2,1
TRVLXNQ128F930F52A,1
TRTPQFY128F9332C44,5
TRXHDTA128F42A077A,2
TRHZDRH128F42BC673,4
TRPJMUG128F148B195,1
TRBHDTL128F1468F7D,6
TRPBJUA12903CF5572,8
TRTKETT128F424F452,4
TRCGAHJ128F42BC351,1
TRYTUJX12903CB70EC,1
TRUATKW128F4227BCA,1
TRDRTRR128F931E65D,1
TRQBDEJ128E079336A,1
TRBUIQZ128F9322737,5
TRPLZBW128F14A561E,1
TRIFMCF128E0785D58,1
TRWYGWI12903CBA626,1
TRQHCBJ12903CAB21C,4
TRLQTMK128E07810A3,3
TRRTXII128F92F276F,1
TRGFGYX128F931DB9A,1
TRJNNBG12903CD3AEE,4
TRXDBRF128F930DC7D,3
TRRVBME12903D07A54,3
TRMDKOD128F148CCAE,1
TRFAJNT128F931B200,2
TRNEGYK128F42720D5,2
TRHPPYX128F429A8F8,6
TRACVCY128F92E742E,5
TRKNCMX128F930668C,1
TRTAKWD128F42743F2,3
TRADVCE12903CFB19B,3
TRNWTSR12903CD3E88,1
TRRKEHF128F4281CF3,1
TRGRRQC128F148BE34,2
TRTXBKA128F42305E8,5
TRPPLWO128F92FFC41,2
TRNWJFS128F93377B9,12
TRBXBVP12903CEB17E,1
TRBGCAK128F425F3CC,1
TRHMECP128F1475A10,16
TRPXCIE128F422AA52,1
TRNHNQS128E0784EDF,3
TRCGYEP128F9341B93,1
TRYKAYZ128F4282EEE,11
TRDGVDO12903CCF777,1
TROFAON128E079371E,3
TRXYRED128F1495E1C,1
TRJYSIV128F428E271,1
TRIIEWH128F4290E72,1
TRFLKZZ128F92F7904,5
TRSLSZH128F92EDA58,4
TRGTGJR128F92D2C42,2
TRNUKJF128F425B82C,1
TRRPRXH128F423F02F,2
TRPYRKW128F92D2E1E,1
TRXQDIQ128E078868E,1
TRHWBBW128F146FDD7,3
TRSQVIF128F42393A4,1
TRXYEKR128E079654C,1
TRASTUE128F930D488,2
TROXFCA128F9304198,1
TRLTRUN128F4262426,1
TRNSRJG128F42627A1,1
TRIBFPV128E0784D77,1
TRYZFBX128F1498541,1
TRAOALO128F427CB1D,1
TRKNGTA128F934B95D,3
TRQCHRO128F425980D,2
TRRMGZB128F424D66D,2
TRBSQIW128F9306A32,2
TRXRBOX128F147281B,1
TRXNWTR128E0781F2E,6
TRPNBQU128F427AB21,10
TRECRGP128F1470AC7,1
TRZBTML128F4248202,1
TRPKSFQ128F92C6641,5
TRSMIXL128F42A52E2,14
TRWJKJK128F9338FEF,1
TRJSIHC128F9316B4F,8
TRSTGGL128F4285F98,5
TRJLKGL128F147CC99,1
TRDIJED128F934486A,1
TRIKXVZ128F933C699,1
TRQENGC128F933AA33,2
TRPFLRB128F14A895D,3
TRRYLAO128E0781CD0,1
TROHCQB128F93358C5,1
TRKGNVU128F93061BD,1
TRQCHZH128F4252DB7,1
TRKVDOZ128F4285F91,1
TRZTJRK128F428D2BC,1
TRUOKIQ128F14A66A5,1
TRSAVRV128E0784602,1
TRPWPWW128F42311D1,22
TRFNIYL128F92EDA9E,2
TRDXQYK128F423ECDC,1
TRXZKTY128F149ACD8,1
TRTYKPI128F428A4EE,1
TRQQNCG128E0793E6D,1
TRQHZGX128F933D656,1
TRLBJCW128EF344237,2
TRAADKW128E079503A,4
TRTHBQM12903C9CC51,1
TRAKLHO128F42BA554,1
TRCLWUA128F933D438,7
TRKJBHI128F427A724,1
TRGMWXV128F92DF8F0,9
TRATLAT128F145C212,10
TRYBFNR128F426BE3D,3
TRFOUYW12903CA0E1F,1
TRTGTAG128EF353C26,1
TRHRNUV128F428B021,1
TREWNZW128F930680B,2
TRUOPBE128E078E16D,1
TRLELZF12903CB3A5F,1
TRYBRUN128F4284B7D,3
TRHXLHJ128F425BD38,2
TRWDIDI128F9337C16,4
TRJSBCG128F9309677,1
TRGRPWC12903CA0E20,3
TRSOHHY128F4229748,1
TRSWFJV128F42274B9,2
TRJESAH128F4262899,2
TRXOSLI128EF34C04E,2
TRQPPAD128F93092E0,1
TRJOMDU128F1489A5E,1
TRBIXDZ128F427E461,1
TRHEHYE128F42811F3,11
TRNXTXH128F92FF599,1
TRCCPUL128F4285F96,2
TRTIQHM12903CC98F7,8
TRXCDYX12903CD3AC8,3
TRUGGEZ128E0791ADD,2
TRJSVDG128EF35163D,1
TREVFFO12903CFE309,1
TRKNFRQ128F14895B7,1
TRDVQDB128F9311B1D,1
TREQNFM128F93165A8,1
TRETPUR128F14A6644,1
TRBSDPT128F93357A8,11
TRGNCYP12903C9A6D0,1
TRZWTAS12903CB3EE3,1
TRTCBSQ128F425467F,1
TRYXTBZ128F9306697,2
TRIFHLB128F9351A5F,3
TRRDMJO128F1487E8D,1
TRSZNGP128F9309A66,5
TRPLRFI128F427EC74,1
TRNYJUT128F932EEF0,3
TRTZCVN128E0787E6F,5
TRHXUCT128F42ACF64,1
TRWVVMX128F1460888,1
TRGXIHH128F423CF6D,2
TRXYLKX128F148988C,5
TRKPCWP128F9302A15,6
TRZXIRJ128E0781337,2
TRQFXKD128E0780CAE,2
TRAOWLO128F92F26F9,1
TRMIQHN128E0786025,2
TRTXQUZ128F1452559,2
TRTTAJO128F4285F90,1
TRNDLHN128E07826C3,3
TRUVPYX128F4271EDB,1
TRVKJFF128F429B81A,1
TREWTIO128F145497E,1
TRDJRDU128E07914D3,14
TRIIFTG12903CE4EA4,2
TRMVNLY128F4273D4C,7
TRMFCDV128F1476197,1
TRIMRYX128E0799442,1
TRIUNNZ128F92DD51A,5
TRRJHBQ128F429525B,1
TRXRHQO128F148CCA8,1
TRYFVDL128F9320EA2,1
TRDWTVM128F92EC39C,1
TRZYHAK128F930A393,1
TRGEQUX128E0785E24,5
TRUGXEP128F4267A74,1
TRGOPLD128F931644A,1
TRHKKBU128F4284480,11
TRNLVKW128F1457F12,4
TRKRADU128F92E17F6,1
TRNIGFD128EF35F2A3,4
TREBMVB128EF350B93,2
TRQIWYE128F92FFABC,3
TRQSETD128F92F6525,7
TRHDJDB128F930527A,8
TRJTJRW128F1459EEA,1
TRYVVCW128F429DB85,1
TRJVIAV128F92DE1AF,1
TRVNUEI128F92FB21F,1
TRKBXFH128F4231AB7,1
TRMSIXA128F14563A8,1
TRROKIJ128F42851E5,4
TRCPGQB128F4252355,9
TROBJJZ128F92C491D,5
TRVSBTV12903CC6670,2
TRRSGFX128F92F4914,8
TRNQPOU128F422B142,1
TRMHHMG12903CA2EB3,6
TRBOVTA128F145E9B2,1
TRHFLUI128F93033D0,13
TRBYLLN12903CD6F30,1
TRQZREN128F9313253,4
TRRKXNQ128F9339002,2
TRHTCXG12903CC2F60,1
TRSLNMO128F145F945,1
TRLEPFM128F147FCB0,2
TRVUXNO12903CD8DD3,1
TRNPSSM128F4243517,2
TRIWBXM128F9350128,2
TRMHHRK128F932A818,1
TRZLDUD128F42ACD48,1
TRAVCCK128F92CEE3C,5
TRYRZFF128F933BBBB,1
TRZGLBK128F428D25D,2
TRDOVAF128F93112F7,1
TRGZUAJ128F1460607,1
TRWBSOX128F92D2DCD,2
TRYNNOM128F42664B3,1
TROEUWZ128F9318255,2
TRKBJPL12903CED195,10
TRNQLIN128F92FCDC6,2
TRYZMOC128F423E58D,3
TRTRDPT128E0781D5E,3
TRPKQEL128E0795771,1
TREWPDP128E07896EE,1
TREXRCX12903CCF77C,1
TRUWQDN128F425D7C0,1
TRARBYG128F423E5A5,1
TRKGGLZ128F146C57C,1
TRPMCDL128F147F5C0,3
TRJUPFO128E078227F,1
TRIPTHE12903CF219F,1
TRGRWLW128F14A8B61,6
TRTNFRQ12903CB6360,2
TRSGJVH128F429EB78,1
TRFFKAC128F92F705B,1
TRBYEWK128F9303A4F,1
TROHGSP128F9307A20,1
TRUZFXQ128F147D9C0,3
TRVHOEM128F425A55B,3
TRYQMAY128F92E58AF,1
TRAVWZA128F931F36E,2
TRZEOBW128F92EAA20,1
TROXRVT128E079650A,1
TRAVTHZ128F4256A36,1
TRSEHKD128E0782311,2
TRTAUVN128F931BA2A,9
TRYIDXY128E0787827,1
TROUKLP12903CB6364,1
TRCMUJL12903CC018A,4
TRKWFDK128F4250465,2
TRCJBGP12903CA91FC,4
TRLTMYW128F423BC96,2
TRSGCAG128E0793E6A,1
TRCEZXR128F92C4288,1
TRJGAHT128F4287040,1
TRWIRPO128E0786B95,1
TRWVLSK128F425DD4D,1
TRAYYDK128F4241326,1
TREVEBW128EF343783,1
TREQNPN128F92D66F1,2
TREWNUL128F92E58BB,4
TRCKYKV128F9303FC5,1
TRIQHBL128F428E45A,1
TRZNKFI128F42A8E2D,5
TRYSFAY12903CECB7D,6
TRUXLWW128F14567C4,1
TRPGPDK12903CCC651,2
TRFSNVJ128F1486DF4,1
TRKSMKQ128E07918F8,1
TRGWHXN128E078BD73,1
TRFZCUQ12903CC04BA,2
TRCOFIC128F93173C1,3
TRBXFBB12903CDF91C,1
TRGFXIU128F1454832,1
TRBXGHM128E0791287,3
TRPFYYL128F92F7144,11
TRONBHE128F92D6309,1
TRKHLLG128EF3437B3,2
TRVAZDF128F425DD56,3
TRAUQPA128F423D693,26
TRANKTK128E07921D9,6
TRAVRDW128F932657D,1
TRKNKQJ12903CBB3FF,1
TRQMZWR128F425640C,1
TRKNCFG128E0783790,3
TRAHUGQ128F92FF08F,2
TROOOQV128F424A068,1
TRZQCRR128E0781176,1
TRSLIDR128F92EB1C9,1
TRHGPOY128EF342373,8
TRAPEZW12903CE75EF,1
TRYIEJY128F42A1B89,1
TROBGDE12903CE8127,1
TRRUMAK128F933DAD0,3
TRRSCSO128F429EA4B,1
TRNBAPQ128F42775BA,1
TRWWPRR128F9308A3D,2
TREDVZY128F146F5CF,16
TRDAPYV12903CD776B,4
TROAQBZ128F9326213,11
TRCQSDA12903CBB3EB,3
TROMQBP128F4279306,4
TRMRZXG128F42305FA,4
TRICISY12903CA0E28,1
TRFUVKB12903CB0FE3,1
TRXRIAE12903CF374B,1
TRRVYME128F4274DA3,5
TROWUZD128F1465363,5
TRYTKCQ128F1495661,1
TRYXYLM128F4259801,1
TRZBTHV128F428A610,3
TRLDVEF128F42A1258,1
TRVMKOU128F148DAC0,1
TRNUELA128F92F9873,1
TROQVHZ128F425B054,1
TRLWCBT128F9332177,1
TRCNTCN128F92EFF82,4
TRAMFHU128F421C961,1
TREUQZZ128F4291F56,1
TRHUGFX128EF359525,6
TRZBPWW128F147DF6B,4
TRLCWEK128F93131BE,2
TRMOYCC128C7196947,1
TRJLOCD128F149798A,1
TRTEWCN128F42337AF,1
TRLRGVX128E078EC1B,1
TREHBDQ128F4262893,4
TRSOADT128F93072DA,2
TRMFAWD128F932B11D,1
TRVQHZG128F4259B2D,2
TRQAPRM128F9310CCE,3
TRIHDIU128E0789446,3
TRZKISX128F429A7DA,1
TROBVQC128F92F4C13,1
TREJKCZ128C7196DAD,8
TROYPCN128F930B7BA,25
TRYIKBI128F426FFF2,1
TRZZZYR128F92F0796,1
TRHFGRN128F427EFC3,1
TROENVT128E07850DF,16
TRRIAKP128F930CAF8,1
TRDHDBA128F427168E,5
TRWNNBU128F42AC5E2,1
TRKUOQD12903CE5A2B,5
TRXXLGV12903CA7484,1
TREMDON128F427C701,4
TRRBHJR128F14944F0,1
TRZCIWG128F4248B25,1
TROKFOQ128F4241DD0,1
TRMYECS128F92DE4B4,5
TRIWDDF128F429DE8A,1
TROIESH128F422EEA3,1
TRXYJMN128F931B4EC,1
TRVVAXI12903CED5C6,8
TRUNQMU128F4257B0E,1
TRDWWGK128F4243516,6
TRMNDRE128F4272D52,3
TRRBKQW128F42847AD,8
TRYGTTH128F1459EE1,1
TRIQETT128EF351B58,1
TRXUYKI128F145288D,1
TRYGXDU128F930667F,3
TRNRPWE12903CA9CFD,1
TRDVSCH128F931B5E0,1
TRWWAEQ128F9309E96,1
TRXAMWP128F9307435,6
TRMCJQB128E0781032,3
TRJSNRA128F42BA068,1
TRAJZES128F4278E4B,1
TROTUWT128F93234B9,18
TRALXLX128E078D1B4,1
TRSMSZM128E0792BFD,1
TRBLGSR128F92CC86B,1
TRWNSUY128F42515EB,1
TROJVOK128EF35543E,1
TRLIPEE12903D06C01,1
TRICFYO12903CFE35A,1
TRTXSNK128F14989DB,1
TRNRNWF128F14530C0,8
TROZLJW12903CFC2F9,1
TRKEOKC12903CE7554,1
TRTJSFW128F423ECDB,1
TRDFZTB12903CF1CBD,4
TRLOIKS128F92C4FDE,9
TROTIUH128E0782538,2
TRGXGKH12903CB0021,1
TROHFJK12903CC4BCE,4
TRFQOSP128F427C2B2,16
TRNCYOO12903CE9853,4
TRGDJJU12903CE3039,7
TROVIUK128F145A17F,2
TRGZIMZ128F930A016,1
TRIFVND128F423EEDF,5
TRBYROG128F149BCDE,1
TRBRLNJ128F92F622E,3
TRSDPSU128F1470884,4
TRAXQYP128F930458D,1
TRBPKZQ128F145850B,16
TRMLSSS128F42676C2,1
TRKMTBE128F4289F04,1
TRDAHZL128F42B6309,1
TRCKSOL128F4281DAA,2
TRUUQND128F93104A3,11
TRDRFVY128F4281937,2
TRTWEJL128E078DCCA,2
TRMYDQF128F4270F2F,24
TRZJNOD128F4264131,3
TRLKIUQ128F42720DF,2
TRXHMUB128F42202E5,3
TRDNIBX128E0785F93,7
TRGKGEW128F149EC79,1
TRLEUCW128F9305E7C,2
TRIDARQ128F92F3C18,1
TRULNMQ128F92E1FDA,1
TROJUDY128F9339983,2
TRAKXMS12903CB36F2,1
TRALEPN128F9311179,1
TRJDGSU128F4287AFD,1
TRTEGUJ128F425B7D3,2
TRIFTVH128F92D306F,2
TRYZKBN128F9312273,1
TRDYTWL128F4271ED1,1
TRHFJIP128F1490D75,1
TRJKZWW128E078E21F,2
TRPUYLI128F425D72A,2
TRKJHNE128F42380FC,21
TRIYVUR128F423A75F,4
TRNSLSH128F14615C2,1
TRMLSSE128F4275DE9,1
TRIPOMF128F1455251,1
TRLLEBS128F4291A18,1
TRAJNLN128F427D137,1
TRGBYPJ128F427F0E6,4
TRIZYZI128F9347F39,1
TRVIWLR12903C99C92,1
TREQOSK128F147262D,1
TRCHYHL128F92C665A,1
TRHPTMT128F92F28D1,1
TRQHBSQ128F4282F19,1
TRQLGXX128F9355B57,1
TRQRCBM128F14640C5,3
TRMRFHM12903CA8E18,1
TRZCIFC128F930B1E2,1
TRTXNQI128F14681EC,2
TRTPXWT128F92FE179,1
TRMRAHR128F428ABA2,1
TRJXLKS128F931675A,1
TRMBVAW128F9335A10,1
TRUMION12903CB6373,2
TRMKEXR128F1485D8A,3
TRZLPJL128F147338D,1
TRKJWAX128F425A062,1
TRPOXFP128F92F99ED,6
TRHEZYI128F932D744,4
TROWGCR128F4243A37,1
TRCHMQK128F42742A0,1
TRYYEMS128F424FE46,1
TRSXJSK128F42A0ED7,1
TRYLAET128F14B0DA6,1
TRLMQBL128F1485DD9,14
TRZCEZU128F4235E73,4
TRYQCBV128F933EFA0,5
TRZUBHV128F145528D,2
TRZPVLJ128F148D2F7,3
TRTHGRG12903CF488D,1
TROZXIS128F93357DD,1
TRJCGNG128F930A77A,3
TRTLQWI12903CA4513,2
TREINNG128F4284976,1
TRGYIOD128EF34C3B4,1
TRBTVVD128F146D742,8
TRTWHOH128F4274D8A,1
TRDXICQ128F424827F,6
TRJKHKL128F429D114,1
TRZSTVP128F4235F02,1
TRPGGCU128F92F8FFC,2
TRCMAHC128F424E83E,1
TRGCDKU128F1482021,1
TRVMTRT128E078604A,1
TRBIFFV128F930DE98,2
TRZTSYY12903CD1368,1
TRFFHRT128F4288863,1
TRUZDBA128F145E9F2,9
TRSBUCO128E079436C,3
TREWBIA128F4232D18,4
TRNAEQB128F147EE3E,1
TRBJSEW128F42969A1,1
TRTWORV12903CF6020,1
TRTKQWP128F14824A4,1
TRAUOEY128F421CBD3,1
TRRWGXO12903CA8481,10
TRILOOC128F4285F8B,2
TRAMPSM128F42442EC,4
TRYODCQ12903C9595C,1
TRBYBCO128F424E27B,4
TRABOVH128F427D3B4,3
TRPHFXT128F93510C5,10
TRTUEVP128F4272010,1
TRBRDIQ128F14557AE,2
TRXDTYI128F934B8E2,1
TRLPJOP128F4292E53,1
TRVEKRD128F148FF1F,4
TRHLSVQ128F14823FD,3
TRFTUIW128E0784B9F,2
TRIIJJM128F92F0136,7
TRJCJCT128F92DDC15,1
TRWTJYK12903CF7C35,1
TRXTRNO128F146DC0E,7
TRMWKIL12903CA8348,2
TRPUIDY128F92F0234,5
TRQKQJF128F92F4A65,11
TRPOIAI128F4247FE2,7
TRYJEEM128F92FC2AE,2
TRCSMXV128F4298973,1
TRTCQZL128F145255D,8
TROGTUS128F932D6CB,2
TRTKJLY128E07915C1,1
TRONYHY128F92C9D11,2
TRYNPLR128E0796C66,1
TREWQYK128F92D2681,1
TRYNLIJ128F92EA87F,2
TRDXOZM128E0793855,6
TRCVLJD128F9311C67,1
TRZXSSH128F4284839,1
TRKFWPM12903CCAB5C,2
TRFYOIE128F93207CB,4
TRNMIHU128EF33FD75,1
TRIHRKA128F931FF0E,1
TRHMSOG128F145A184,11
TRMEAGQ128F427BD1C,2
TRSALBQ128EF35F936,1
TRNWINQ128F4251F4D,1
TRXUWEC128F426BE3F,5
TRADMOG128F932CCFB,1
TRTQSRT128F42A51E5,2
TRKMHAQ128F932AB05,1
TRKJRVK128F932A6C9,1
TRVZVER128F92E87A2,1
TRYFHYV128F9351A6C,3
TRPTTRV128F429EB30,1
TRPQMJK12903CBA854,1
TRUSLJS12903C9A84A,1
TRGBITI128F42BBC56,15
TRUTURG128F92C3BF5,13
TRUFUHT128F9350112,2
TRPOMPW12903CF7975,31
TRPXSDW128F92E8B74,1
TRPDEYG128F421CE4A,2
TRODVKZ128F426D462,1
TRDRNHG128F4232D80,1
TRLBJWG128F4296FC0,1
TRDOIUT128F92E494D,30
TRZRXRD128F931113D,5
TRRUMQT128F1464BAE,1
TRBGLJU12903CEFCEB,5
TRQSDCI128F93421E7,2
TRDYPIC128F92C1F6F,1
TRSDRPY128F933E202,1
TRTACZT128F4228AAA,1
TRHSGXW12903CE895F,1
TRSOOHO128F92FC299,2
TRPLUEZ128F422F195,1
TRIMRYC128F92F6AE2,1
TRJSLVI128F429496A,4
TRKHGHV128F428F2CD,1
TRIEHVV128F9326821,1
TRWTXIM12903CA1390,2
TRXNUMC128F14A4741,1
TRWHVWJ128F92E742B,5
TRYYMYX12903CA7DFA,2
TRWBGIS128F4285F8C,3
TRSHTER12903CE5606,7
TRVDBPW128F424351C,3
TRXWAZC128F9314B3E,1
TRIXAZF128F421EE64,1
TRYSCLK128F42BC353,1
TRGLURC128F145A6A3,1
TRYQSXX12903CF5F10,1
TRUHUNN128F92E58B5,1
TRULQLY12903D0DD73,1
TRRNFHH128F92D262D,1
TRIBCKA128F934294C,1
TRPHIIE128F932E037,2
TRMFRFX12903CD6E4C,2
TRLCLWE128F92D426C,3
TRWVTDX128F931ECEF,4
TRRFFTC128E078944D,3
TRVYVZB128E0787D3D,5
TRADNHT12903CF7BE9,3
TRBCMSH12903D03298,3
TRBXZJJ128F147C2F5,1
TRHKXKQ128F933A4A6,1
TRERDGD128F14A7AF4,2
TRANQLL128F92F5263,6
TRMEBYQ128F932FEFF,2
TRDZQIM12903CB5687,26
TRKUYNB128F92F651E,6
TRUAICZ12903CC5B2A,1
TRYCKII128F9338134,24
TRSAYYW128F92F6899,1
TROWDVP128F1492500,1
TRMVEBI128F42B5A07,2
TRENQKJ128F426DD4B,5
TRDRUCK12903CA4A3C,2
TRIOIHT128F92F2E01,7
TRDTWWZ12903CC36D8,7
TRYRBOF128F429312E,1
TRXWXIP128F427A818,1
TRAXGLQ12903CDBF13,1
TRZHPYE128F933BB4D,3
TRETZWN128F1485379,1
TRPIFJA128F428885E,1
TRWTWTI12903CAC5ED,2
TRBGDNN128E0789451,2
TROHDFD128F148DAC1,7
TRRUPLJ128E07886A3,1
TRABUSZ128F4257BAB,2
TRBJEIX128F42BA5F1,1
TRMVWMZ128F92F23AC,4
TRJHIKI128F42539D8,17
TREAJBV12903CCDA96,1
TRKDMJH128F92EAA1E,1
TROCQDT128F9350090,1
TRHTOZM128F425E5AF,1
TRUCMAE128F425F322,7
TRPCKQK128F424E12C,1
TRWARBG128F92EB8B7,1
TRIURVM12903CAC364,11
TRWXAAU128F93482EA,2
TRXVRTD128F427D420,1
TRMPPXU128F42922D7,1
TRXMHOA12903CF39E5,2
TRLQTYX128F932DF73,1
TRXVYLV128F42631AF,1
TRWGMNU128F4285330,1
TRLXQVK128EF357B32,1
TREYEEK128F425C97E,1
TRIEXMF128F92FDD60,11
TRUZSGU128F42AA2AE,1
TRHENNE128E0787D32,6
TRUWOUV128F14745E0,5
TRUGNUW128F424C219,1
TRBZGSM128E078EDB4,1
TRQDUVJ128F4294017,1
TRBFPYB12903D009AD,1
TRTLYCI12903CE9C41,1
TRJTKOJ128E0798C43,2
TRTPCEF128F425A860,3
TRHJOFO12903CBFDE9,2
TRISZPB128F14539B3,14
TRZGTHM128F4296DF0,1
TRBMXRJ12903D07304,1
TRSEUYU12903CAB229,1
TRCPOGU128F425BBFB,2
TRBBMHE128EF341D09,10
TRBXZUT128F92D2C60,1
TRBHSWE128F146CB4C,1
TRWLOCY128F9338118,1
TRPMEYH128F4260E1B,1
TRXGWZE128F429DB94,1
TRMZYRP128F9326829,1
TRDHOPK128F9305B5D,2
TRSXSZF128F93234B6,1
TRWCFSC128F148DF34,1
TRCGMWA128F423A36F,2
TRFGJJP128F92D4260,2
TRYIABP128F423C5AB,5
TREALZL12903CA4505,1
TRVRDYC128F1492397,1
TREOKKU128F92EF8AB,3
TRCZPQW128F429BBE8,1
TRVVTWQ128E078F1B7,2
TRHNHBH128F4285F99,1
TRRCXOZ128F92D25F7,2
TRMVRFX128F9305BA3,1
TRCCVVV128F42838D9,1
TRZUSDI128F4259806,2
TRSGCOS128F14836C3,1
TRDKCTS12903CB0D64,8
TRMXKEL128F148DF7F,1
TRQVVDI12903CFA67D,2
TRMSDKZ12903CB5A47,1
TRERMNM128F146586A,2
TREXRFR128F9333C92,9
TRAZDTL128F92D4A05,1
TRPYIFP128F424944B,5
TREMDNV12903CAC420,2
TRXOSUG128F93450BA,1
TRFNYAH128F4272570,9
TRFGCLG128F9319060,1
TRXESGJ12903CC04D2,4
TRXYHLW12903CA0E1D,1
TRICOAO128F1460F9F,1
TRRAEIG12903CD945E,1
TRUVMYA12903CDE5CC,2
TROKGPK128F147D9CC,1
TRXDORJ128F429EB16,18
TRDFWXG12903CBEE0B,1
TRMEYZL128F930BAB1,10
TRFKGEI128F425951F,1
TRBKMRO128F935877F,1
TREBUCN128F92D2CAC,2
TRIRXFP128E0786412,2
TRXCIGE12903CDBF23,1
TRZBCDT128F4240F8F,1
TROHYKR128F9317025,1
TRIFHVJ128F4286790,1
TRUYHHZ128EF341D29,4
TRFGZSS12903CAC442,1
TRLZUPA128F92D8239,1
TRJQTPP128F4246862,1
TREWLBF128F92F25B2,1
TRBZWRK128F92E73B3,1
TRWAJKS128F423ECE1,1
TRRAMYW12903CC9AFF,25
TRCPXPB128F423EA6A,4
TRRAXMZ128F9326584,3
TRJWMRW128F42418D2,1
TRQNBHN128F92F4C1F,1
TRHATRL128F145D294,2
TRIVXTN128F42824B8,2
TRZNABT128F92DFF50,1
TRAHQWU128F4277B78,5
TRTEBXR128F4259ABC,1
TRNUMRY12903CB6530,7
TRWYIOX128F9311181,1
TRJRKRN128F148CCAA,1
TROQPTC128F9345C9A,5
TRSJBHU128F1496F3E,4
TRRBQPC128F429EA33,1
TROVRXH128F145739D,1
TRACSSW128F92F2D81,3
TRDGCIZ128F14640CE,1
TRQYPFZ128F429CD2A,1
TRVWPDU12903CB2C04,14
TRHHHPZ128F146535E,5
TRDQDOY128F147FC9E,1
TRRRQRU128E07928F0,1
TRYKRYI128F92FDC13,2
TRWCHJE128EF349E4F,22
TRCOFFE128F424352B,14
TRGFUVG128F932DDB7,8
TRKQHRE128F4257BA6,1
TRUNWTH128F421A201,2
TRFDGFW128F4286BFF,1
TROGZBI128F92E87A6,4
TRGVZQN128F9319F1B,1
TRXIHCK128E079699E,1
TRDVUST128F4280D13,2
TRXMJMD128F146AE5B,6
TRFKGJG128F1497C8D,5
TRZFEOG128E078ECBE,1
TRLGPJV128F92DF288,6
TRMONWS128F148916C,2
TRMRJHW128F4262C05,1
TRGDMED12903CE2A19,1
TRUENXH128F4240275,1
TRRSBHA128F425E8B5,1
TREXITL128F421DF49,1
TRMIPWX128F92DDEB5,1
TRBIVUY128F148724E,3
TRMHRDA128F92E3541,1
TRBCYWT128EF34C263,1
TRVHANH128F14ADC9E,1
TRSZYOB128F92E0B28,1
TRBXAHV128F9316893,6
TRPXPPD128F4239779,6
TRNTALF128EF343800,20
TRACHXF128F9355813,1
TRQHUZE128F42385E8,1
TRYCILW128F93226D7,10
TREBPCU128F92D12B6,1
TRWUWWJ128F427206A,3
TRVZBSB128F4287B88,6
TREGQMD128F92EAF3A,1
TRQBQRA128F92E922D,1
TRKTIZS128E078EE1D,1
TRDGRNR128F422F2F7,1
TREFJTL128F147850B,6
TREZBSY128F42726B5,0
TRJXYLN128F9328269,0
TRPUDOO128F428BAC6,0
TRVADVG128F426A709,0
TRJPESP128EF342B65,0
TRGYDOE12903CF4B4D,0
TRRVKKN128F42B0BE6,0
TRJYZSS128F426067A,0
TRZFHCK128E07969AD,0
TRKRIEH128E079487C,0
TRAEDGT128F428F154,0
TRPEQLU12903CE0436,0
TRVBTWS12903CC369C,0
TRZAQRN128F932CCF8,0
TROBWBI12903D0A094,0
TRVEIPP128F92EF258,0
TRTMAJY128E07810FB,0
TRHQSIU128F426783B,0
TRWWWVV128F4297220,0
TRXIRDU128F93417E9,0
TRFFMGK128F4290CFC,0
TRJGULN12903CA80F4,0
TRZXFXL12903CE054E,0
TRZUYAR128E078484D,0
TRTXQNF128F14821C1,0
TRODRBW12903CCC5A5,0
TRAOBME128F425A315,0
TRWNNZG128F149F5A1,0
TRUMRTP128F426A25C,0
TRGPHXE12903CEB155,0
TRMFOAX128F42759E3,0
TRYTPSZ128F9323D73,0
TRYLLAH128F4278421,0
TRSSCBX128F9336275,0
TRAGNFH128F4275C42,0
TRSCKIJ12903CA5880,0
TRBSPFO128F4239DEE,0
TRKLSKF128F932A397,0
TRFPHMM128F9308D6C,0
TRGCUHO128F92EC09C,0
TRJFDTK128F422F2D6,0
TRVVEEA12903CDAEA7,0
TRNPGEC128F933D1B7,0
TREGKAC128F423EE48,0
TRIPYPC128E078FCAC,0
TRIWUJT128F92CA7E9,0
TRYSABW128F428DDD9,0
TRROXDF12903CC9B40,0
TRKYSAU12903CF23B8,0
TRIEQOZ128F92E4D94,0
TRATKVY128EF35F97A,0
TROVIOX128F145D225,0
TRZCFIB12903D10A1F,0
TRJGKLM128F92F61DD,0
TRPKYJM128F4232460,0
TRCALKC128F4229232,0
TRUTYWC128F4237284,0
TRALPOQ128F4286C8B,0
TRMHFXT12903D13D88,0
TRNUXZB128F4218F56,0
TRUDADC128F42854B4,0
TRQZGWE128F930B2FB,0
TRROSCZ128F932841F,0
TRQINBB128F429A22D,0
TRRJLZP12903D00712,0
TRQYZEK128F14565AD,0
TROOXJR128F4248110,0
TRELAAL128F424DC2F,0
TRXSJFT128F4268064,0
TRMYRVJ128F935F58A,0
TRNRZUZ128F931F8D8,0
TRDVOMV128F428C203,0
TRZQZQU128F42633D6,0
TRZOMJE128F42932D9,0
TRAAAJN128F428E437,0
TRANAUJ128E07860B0,0
TRSQKDN128F4225519,0
TRDDYJA12903CACE0C,0
TRMSDJC128F14AE577,0
TRKQHNX12903D074B9,0
TRIDVFM128F1496BFA,0
TRYSRCM128F92FEF7F,0
TRMEQQJ128F9336536,0
TRCPHRQ128F14587A8,0
TRKTTDP128F931353B,0
TRHILRE128F92D5B7A,0
TRRQXZO128F14ADE3A,0
TREANAE128EF357AF2,0
TRRYEWY128F93161C0,0
TRELHPJ128F9333042,0
TRGKDDX128F4252D65,0
TRKLGXA128F93414FD,0
TRQNCVZ128F92F992D,0
TRAJRMV128F9329849,0
TRNBVJG12903CAFEF8,0
TRHHQSX128F92F9194,0
TRQZBQT12903C9DA76,0
TRIFOQV128F92CC760,0
TRNHCTF128F9347F0E,0
TRSZGWK128F92E3F6C,0
TRAZHXG128F426B2C9,0
TRKMKHD128F148C39E,0
TRFRAZL128F930B925,0
TREZZHV128F92FC488,0
TREWWHM128F149E0F7,0
TREMXBR128F425A3BB,0
TREDGWS128F1465818,0
TRMOIYM128F92C7A05,0
TRAILCE128F147B414,0
TRVJYAB12903CEF2FD,0
TRHCAWF128F92E9CEC,0
TRNYRGC128F9323450,0
TRUCPEG128F145C295,0
TRHABYX128F145A9BA,0
TRTHYCK128F4276866,0
TRXHMOA128F428FE62,0
TRMFVMX128F422F403,0
TRQICVO12903D0763D,0
TRIIWQS12903D03F4D,0
TRREGRV128F422B288,0
TRVMOKM128F14992EB,0
TRQCXVR128F4273518,0
TRTEDCA128F9315309,0
TRLSYYX128F149DCA2,0
TRZTPOB12903CF05F7,0
TRPWDRY128F146DD37,0
TRFGISO128F93002AB,0
TRSYYCW128E0784B5B,0
TRYVKWC128F4262458,0
TRWEGWG128F92CD6C4,0
TRFXWUO128F425EAB3,0
TRZAOLL128F424A78F,0
TRJLCNG12903CB7E17,0
TRBRUCX128EF35EF44,0
TRWXKNM128F92E838B,0
TRDACLW128F92D98E5,0
TRZFEMJ128F92C7F49,0
TRNMWKO128F428634C,0
TRCBJUU128F425D796,0
TRYENWK128F4266028,0
TRWSIKY128F9338623,0
TRZVCRT128F1490F08,0
TRRCURN128F4212FC7,0
TRPZREV12903CC23AF,0
TROCIHL12903CD727D,0
TRHOQVF128F424E95D,0
TRYSBBR128F92F066F,0
TRJBYDX128F9332999,0
TRCHCBD128F934B63A,0
TRKRVVQ128F92EDA3D,0
TRZJQHD128F425C17E,0
TRLADVQ128F4297718,0
TRRSECL128F42A1019,0
TRWBGLR128F424EF4E,0
TRITBCH128F4232159,0
TRYZQUI12903CB0B3E,0
TRIGIFE128F4279728,0
TRIJHLY12903D0CE4D,0
TRWGQPU128F92D0957,0
TRMAXIG128F4270311,0
TRHIIZS128F42746E9,0
TRJHRJF128F424EF3B,0
TRDPWQN128EF351CE5,0
TRYCHTM128F9331A17,0
TROQEFI128F92F8978,0
TRHTQST128F92E736D,0
TRGUAYR12903CD83A4,0
TRLRBDX128F1460A93,0
TRTIZVA128F930B621,0
TRJGOQM128F425E0BA,0
TRWZRNM128F4230F5B,0
TRNWXBW12903CCD0F1,0
TRQAAZX128F92F9069,0
TROFAEH128F425A0A8,0
TRZYGBK128F932E971,0
TRGVPZK128E07851C9,0
TRGYFTS128F9306691,0
TRFGYRT128F92DDCBE,0
TROXLAW12903CA258E,0
TRZZKLH128F92F22EC,0
TRQOTGP12903CC5365,0
TRUANHK128F92E66C4,0
TRIMGTX128E0784D40,0
TRYTWTT128F934B26D,0
TRDNKYN128F92D2D48,0
TRLFCAP128F932660C,0
TRAZBBD128F93355E5,0
TRLODOQ128F4294C43,0
TRRLTYQ12903CEC439,0
TRXWUPQ128F42887C4,0
TRHDTVU12903CF4811,0
TRUDWYA128F4243F35,0
TRGVGXI128F42559BF,0
TRILHMS12903CA9A57,0
TRVKZPQ12903D03FE8,0
TRBHZVZ128F92C5424,0
TRXJPJM12903CDB0C8,0
TRILUFY128F932196E,0
TRNNUBL128F428ECC7,0
TRBVDJU128F429B770,0
TRMTSAX128F9338092,0
TRYULVY128E0787477,0
TRGNXCQ128F4258553,0
TRYQZRP128F424CA04,0
TRECDDQ128F4262602,0
TRKKXHG128F421A24C,0
TRZTJWN128F42AB093,0
TRRMNLW128F92D92B0,0
TRFUSBH128F931FFA5,0
TROROAL128F9312C2F,0
TRWYAVT128F92F198F,0
TRUAKNZ128E078EE65,0
TRYJNLZ128F422FC4C,0
TRCGFLR12903CCEACA,0
TRRVNJH128F14637C9,0
TRFEFUB128F4299497,0
TRVKGLI128E078D1D4,0
TRSMQPA12903CDD6BC,0
TREOOMX128F423C33F,0
TRHXWHY12903CEC3F5,0
TRXENNV128E0791EAA,0
TREYJSI12903CA90B1,0
TRIZJIC128F9352448,0
TRIWANP128F931C96A,0
TRKBGOR128F146C917,0
TRTCVBN128F42317F9,0
TRMGHQO128F4276CDD,0
TRBQKGV128F425C009,0
TRRLWVY128F425698A,0
TRUAQLU128F9323282,0
TRPBVBU128F14534FB,0
TRGZGCF128E07876F4,0
TRHARXL128F424AFA2,0
TRIMVAL12903CF23D7,0
TRFQYSP128F9335636,0
TRFEIDR128EF3638EE,0
TRZZIYA128F4267F3D,0
TRYPYOG128F93058B8,0
TRLJTBS128F14795B5,0
TRNFYBT128F146159E,0
TREWTMT128F9334F2B,0
TREVYSZ128F42B77A5,0
TRXLBQE128F42496FD,0
TRLELSK128F4285D6C,0
TRGBIOW128F1494503,0
TRDFKDL128F4214579,0
TRFKDHB128F428A7A5,0
TRWNQOV128F423DF68,0
TRUOTFG128F14795B2,0
TRLFYRR128F9322101,0
TRQEMPB128F9366D30,0
TRVJKXP128F1456F7E,0
TRVRSHP128F425D088,0
TRQINAI128F9336E63,0
TRCKKSZ128F92FAD74,0
TROCMUI128F428E31B,0
TRRPEBR12903D068B3,0
TRHUYUZ128F931BEBB,0
TRWRJHG12903CF4FA6,0
TRUPJLE12903CB6427,0
TROSTRB128F4228C7A,0
TRTOFRJ128F92E25B4,0
TRBRHQA128F931DF70,0
TRYKUMJ12903CD4774,0
TROZCJF128F1482E3E,0
TRVCYFZ128F932E9F1,0
TRMAUQL128E0789AF3,0
TRVDYGZ12903CB04D7,0
TRTNGKK128F4274D7A,0
TRMCWGR128F92CDA60,0
TRAFQNZ128F424A437,0
TRREHBW128F4235B5D,0
TRCQTGQ128F14698E1,0
TRBKWZT128F92EE56D,0
TRWXEGS128F1459D1C,0
TRPGHZW128F427CBCD,0
TRYBDNW128F427D47F,0
TRDPSUT12903CE1F6E,0
TRMRSKE12903CCD88A,0
TRYVNML128F9310D80,0
TREVNWQ128F4286D5F,0
TRCZDBT128F934CD06,0
TRVUCOT128F421CA85,0
TRHVEUS128F146A0FD,0
TRAIUJV128F1476CF1,0
TRMYFNB128EF34C441,0
TRGOQBK128F92F0CF8,0
TRLRXIO128F4276276,0
TRTMOZN128F145E220,0
TRKKAVU128F92C4505,0
TRYMLBN12903D019CB,0
TRCWRPF128F14ADD1C,0
TRNFQIF12903CCF45A,0
TRTSCER12903CA906E,0
TRTXBBZ12903CCA041,0
TROJVAW128F932E585,0
TRVCJUZ128F428B458,0
TRUYXAF128F4231318,0
TRFLZBO128F423053F,0
TRZIAEA128F423AFAA,0
TRJZKQX128F42601D8,0
TRLKNUP128F9321BBF,0
TRCEJVV128F1486053,0
TRPQHOC128F92CCF1F,0
TRSCZQX128F932F43B,0
TRHESDT12903CE82A5,0
TRPPGMB128F429DBCB,0
TRUNGSY128F92CC88B,0
TRCVLPA128F425EDB6,0
TRSIDWB128E0785510,0
TRTVSZE128F424F4F8,0
TROUEFP128F932E661,0
TRPPYVM128F423B2C4,0
TRVDOXU128F425BCD3,0
TRZNEAW128F42779C4,0
TRBKWEY128F4270F6D,0
TRQHQGJ12903CBF5A0,0
TRNEEIW128F4254C89,0
TRUUTBZ128F934B5F3,0
TRMUSEQ128F14948DD,0
TRXOPFF128E0781615,0
TRZRJWE128F9309720,0
TRSZXYL12903CC0AA0,0
TRSWCCB128F4281944,0
TROGUGD12903CCFC6A,0
TRYULNR128F92D105A,0
TRNMKOR128F4299814,0
TRSQIXW128E0793900,0
TRPRNWN128F426594A,0
TROUXWJ128F934684A,0
TRLIOPA128F14815A6,0
TRYVTQG128F4279640,0
TRVCTEW128F9324BDC,0
TRBLESS128F1456B96,0
TRXUHIU128F9349D04,0
TRIZVQY128F14549B8,0
TRYWPNA128F426399C,0
TRHQAGL128F9349DAD,0
TRDIECA128F1492955,0
TRVMPWQ128F92EFC9A,0
TRTSKRY12903CBECA4,0
TRDREFB128E078597F,0
TRYBIUX128F426AE91,0
TRQQOQB128F92F9657,0
TRDQNJM128F14AC472,0
TRYRSEW128F423783C,0
TRXNLAN128F92F65DB,0
TRIKZKN128F92FDE3A,0
TRDQTAU128F429EF1E,0
TRBUMBX128F423FB13,0
TRSIDZQ128F9308163,0
TREJEYB128F9342A5E,0
TRSOCTT128F423BCC3,0
TRWEVRB12903CA2551,0
TRXEKPB128EF343EBA,0
TRISOYO128F4221581,0
TRFSBQO128F1463418,0
TRVQPPL12903CA9450,0
TRLPIRC128F92F8AE4,0
TRXSMCZ128F42A136E,0
TRGZMIK128E0783B8F,0
TRURMNA128F92E9CD2,0
TRUVWRN128F93419D4,0
TROBPXX128F425AFA3,0
TRIEGJV128F4236080,0
TREUMKK128F9343FAF,0
TRKNXBD128EF34DABC,0
TRDVKIZ128F147AF7D,0
TRIBDMV128F42187AB,0
TRBRXWR128F9308881,0
TREMCXH12903CDB0DF,0
TRQJCNW128F4264038,0
TRBWRHY128F427B0C0,0
TRVMQJY128F9314CF6,0
TRMSNNC128F931A30C,0
TRCHEIL128F92E0341,0
TRRHCOS128F4248193,0
TRENIXZ128F429813D,0
TRCZPRJ128F4279705,0
TRGVEEH128F932288C,0
TROINBB128F92F057D,0
TRDMFKZ128F934E55F,0
TREITNL128F9316276,0
TRNGVFI12903CD1D19,0
TRUIOCD128F426AAC3,0
TRXLEEU128F4255779,0
TRIHMIH12903CE2E0F,0
TRKHXRO128F4228CD9,0
TRSMOPM128F4291D90,0
TRIMFIU128F148426F,0
TREESGH128F933E261,0
TREXIZW128F4255893,0
TRHGSVA128F14A06E5,0
TRDDRLG128F4280ABB,0
TRMCTIO128F4226851,0
TRLVWRN128F93369BC,0
TRPBUUG128F42AA2F6,0
TRWUGZZ128F428A14B,0
TRUZDIZ128F92D5E4E,0
TRKNQAV128F4267DF4,0
TRVHIPP128F14A046C,0
TRTCBYE128F9342F78,0
TRGYIZF128F42664E5,0
TRRZXPS128F148528F,0
TRLAINQ128F9305DFA,0
TRFIXFI128F93161C3,0
TRHEPRA12903CF51C6,0
TRDAHWJ128F933D718,0
TRXHAZJ128F92E3245,0
TREXNKV12903CC4CD9,0
TRGJNKO128F427B43C,0
TRZDJED12903CBA257,0
TRRLJQF128F427B336,0
TRSOYYH12903CF8B47,0
TRIJTIB128F931883F,0
TREARRD128F146286D,0
TRGPGER12903CB96EC,0
TRMMYRR128F931E1F4,0
TRXCEZD12903CB6BE9,0
TRMCTXL128EF343FB9,0
TRJQLPV128F934AEF7,0
TRZLSVU128F425A98B,0
TRNSAOF12903CB9ECC,0
TRSNAWX12903CC230A,0
TRZQDTZ128F428F457,0
TRSEFIV128F9300AF2,0
TRADKAX128E0786B92,0
TRMAYAV128F932720C,0
TRNKAAI128F92F8EC7,0
TRHAEBB128E078D1B9,0
TRHIGSA128F92FB540,0
TROCZGW128F4268664,0
TRGHCKT128F424203E,0
TRXXVVM128F933A331,0
TREWLQN128F1459C83,0
TRGNYDM128F934B468,0
TROVETT128F932E24A,0
TRXIQVS128F426B285,0
TRYPCBY12903CE9844,0
TRTEKUM128F147380C,0
TRZLTMG128EF35B725,0
TRCITAB12903D04048,0
TRPCRIV12903CD6882,0
TRRRAHX128F932D7FD,0
TRPJRIQ128F42604DC,0
TRETFIH128F422BCFC,0
TRUDAYB128F932F706,0
TRRDRCC128F145DDE3,0
TRIPLCX128F932666A,0
TRETLTK128F4218F40,0
TRMCIGC128F933CA16,0
TRZKBZZ128F424C7E9,0
TRRADBS128F42326D5,0
TRDDQRF12903CFF2A9,0
TRZHNTC128EF345EDB,0
TRVBNBG128F42334CF,0
TRSKTIF128F429B085,0
TRAHUWM128F42801C0,0
TRYGFBC128F42857C5,0
TRACYHQ12903CCE804,0
TRHKQBS128F146ECFA,0
TRAJKOU128F92F4ABB,0
TRNHOGZ12903CF7F58,0
TRYISEN128F14956CA,0
TRQORUR12903D0C6F6,0
TRLLCXL128F426BD67,0
TRBIQAD128F92C8254,0
TRTMFUC128F9344AC0,0
TRNZVWM128F92F2225,0
TRVRGOZ128F146039C,0
TRKQELU128F428BBE4,0
TRDLFOC128F9326BE9,0
TRBRBQQ128E0791B9C,0
TRVBALN128F4298DB8,0
TRPHFFN128F146356D,0
TRWJRDD128F9306938,0
TRBOZNJ128F92F25AF,0
TRFZQDT12903CDF8BB,0
TRTXBRG12903CB66A4,0
TRWFMNS128F4261CE9,0
TRHUGDV128F148CAAB,0
TRNULAD128F421531D,0
TRZHTMY128F930939A,0
TRQTHKR128F930C435,0
TRIXQTL128F92D3184,0
TRPXDZU128F4242F46,0
TROFSSB128F4219D81,0
TRMKXAG12903CA62BA,0
TREEVYC12903CAE66E,0
TRNIUDG128F4229DE6,0
TRPEYZG128F933B035,0
TRTVACC128F429102A,0
TRKFEWU12903CE6A69,0
TRJEIHN128F4235FFE,0
TRNFNSQ128F930778E,0
TRHFVFV128F1464AD8,0
TRWVOKA12903CE6AD0,0
TRCBWKJ12903D07592,0
TRGUFQO128F932C6FA,0
TRSZMTS128F4264B4A,0
TRTYOSO128F92CBCAA,0
TRVIJXV12903CB94FF,0
TRCBQZR128F42935A8,0
TRAKOFV128F42637CD,0
TRKEMNM128F423EACF,0
TRQITAD128F429BAF7,0
TRUNAHX128F92EDF8B,0
TRSJFSF128F1480C93,0
TRKZGFZ128F92E7C78,0
TRICZDK128F92FE384,0
TRYIHXS128F92F003D,0
TRURHJF128F148F192,0
TRGDODH128F1464AE4,0
TRCAOOJ128F427B9BC,0
TRYVHCE128EF353C34,0
TRTFOBV128F92F1FDF,0
TRWAFKY128F42676AB,0
TRALGWZ128F4241B20,0
TRUVEWW12903CE695B,0
TRALEXH128F429C7CA,0
TRLXKRA12903CB21D2,0
TRZCNQU128F931FB67,0
TRTHWYL128F9331470,0
TRFBPLR128F425A3AB,0
TRJIQZI128F4270258,0
TRVFHCV12903CA1946,0
TRGBGDT128F424DA4C,0
TRZYPOT128F14B0B7C,0
TRNWCRG128F42202DC,0
TRFFWXE128F92F5FF4,0
TRRCHOE128F149DABA,0
TRGCLAH128F428A9D2,0
TRZMGDT128F92F5482,0
TRBVRSF128F4257C54,0
TROMBBE12903C9CBE4,0
TRVUFYJ12903CB4772,0
TRVUTRB128F1477EB2,0
TRAOIZI128F4263784,0
TRNMTDL128F42790D1,0
TREBSEK128F148A9AC,0
TRCMAHL128F92FA64E,0
TRVMVGV128F1478F8B,0
TRKTJMV12903CAC338,0
TRDWSEX128F146373A,0
TREJJIG128F4231F5D,0
TROEIEP128F931D791,0
TRJQHQX128F92C520A,0
TRYJLQQ128F933FF08,0
TRYBBBL128F4216C20,0
TRMUYAI128F147E4F4,0
TRIYRJA128F1480B7A,0
TRHJXVS128F92EE2EB,0
TRXJICC12903CA55AF,0
TRWDTOE128E0799A39,0
TRQAJQJ128E0781811,0
TRWWFSC128F42AD6B7,0
TRFKMME12903CA43EA,0
TREIAKT128F4264745,0
TRHBZFB128F9343657,0
TRYBUPX128F424F5C0,0
TRGCLEL128F149ABF4,0
TRBAOEO12903CC5BD3,0
TRYQNPM128F92F2868,0
TRFZONK128E078B711,0
TRLSJMS128F930A5B8,0
TRXKOXF128F4272266,0
TROFQNN128F9316A0D,0
TRKMVAL128F4255D38,0
TREUOGK128F92FE84D,0
TRGHXIY128F424C22D,0
TRJGSVL128F92DC647,0
TRESCTM12903D0BA9D,0
TRBDBSB128F9341FF5,0
TRCBHRP128F428E2B1,0
TRCQRSY12903CD7364,0
TRZOSOL128F1468259,0
TRMWDYI128F421DF06,0
TRFVKRY128F93050DD,0
TRLRVJF128F4262FF3,0
TRYOBDM128F92C8134,0
TRIFEEU128F426764C,0
TRZBYRX128F427547F,0
TRECBRB128F427E130,0
TRLDIIM128F931694F,0
TRAGRMQ12903CA69AC,0
TRTICXR12903D04B39,0
TROGLMY128F935306A,0
TRKFQRL128F932BAB6,0
TRYZIRB128F92F3A5C,0
TRZVYCQ128F9331757,0
TRLYQCH12903CDECAC,0
TREIDAB128F93033BD,0
TRQGTDZ128F42450A3,0
TRKKECD12903CD329A,0
TRCJJHM128F4273BBB,0
TRWRZFR128F428AB6B,0
TRWDILU12903D00171,0
TRCXMOB128F932BDB1,0
TRWNVLI12903CD172E,0
TRJERGY12903CC7C87,0
TRWIIUV128F4267E54,0
TRHYKCO128F42272CD,0
TRWCORE128F423ACB8,0
TRAZUQM128F4242779,0
TRVALQX128F4274A61,0
TRRQOLT12903D07636,0
TRTQAFF128F9304DC2,0
TRGEEBJ128F428195D,0
TRTMRCN128F9339679,0
TRGQHLL128F92F90B4,0
TRSKDUS128F92F346A,0
TRZQUFS128E0781706,0
TRSGYZL128F4228B37,0
TRQDLIN128F93384E9,0
TRMKUBG128F9322BB4,0
TRBJYBO128F92F446C,0
TRILDOA128F426E75F,0
TRJPYRF128F4272501,0
TRMKJIS128F92D798E,0
TRPJSGM12903CB17ED,0
TRERSMD12903CE7763,0
TRTLZFS128F145E6ED,0
TRFZOIR128F933D66A,0
TROQRCO128F934269A,0
TRPCTML128E078F398,0
TRSLVQH12903CE434F,0
TRKCWVT12903CAF623,0
TRYDMYI128F92FD7EB,0
TRDCXPI128F1459CD8,0
TRIWMHU12903CEABA4,0
TRVRNWP128F4277FA1,0
TRBKLPG128F93355E6,0
TRQXKXL128F426E03E,0
TRQXOFO128F422F2E1,0
TRJOTPG128F14675DF,0
TRZVDZU128F93505B1,0
TRTKWEH12903CBE9EB,0
TRAAXPY128F147BE9E,0
TRYSWTT12903CD20E8,0
TRTYPFY128F427073D,0
TRAVMPT128F4246BE4,0
TRXGJXC128F423CC56,0
TRDHCHT128F9317CB9,0
TRAOTDT128F429C56E,0
TRAIHRM128F145E7D9,0
TRXDHNU128F92DFA4D,0
TRHOFCN128F4285739,0
TRICJQG128F4286A45,0
TRXPEWA128F428DCEA,0
TRAKKGN128F1474172,0
TRZKMQG128F930CB45,0
TRFISJR128F1492A8C,0
TRAZOBV128F4226F73,0
TRKTLGA128F4280295,0
TRZEOWE128F4294FE6,0
TRLCXFG128F145E9B6,0
TRKOSRW128F425786F,0
TRCKOOI128F93310C9,0
TRLNTGG128F932939C,0
TRQSOJY12903CC078D,0
TRLMRIU128F422AB50,0
TRROLKS128F934B5D4,0
TRDKBBA128F4274043,0
TRKDKHP128F4243465,0
TRVPUZQ128F428A2CD,0
TRIWXZN128F147777B,0
TRFANZZ128F4285607,0
TRYRXXB12903CBEF9A,0
TRVLYIU12903D12C22,0
TRSSJJA128F92FD200,0
TRVPQZH12903CB83E7,0
TROZCCE128F93096E3,0
TRKVFYV128F145485D,0
TRTJMAK12903CF8239,0
TRHZAQX128F4287ECC,0
TRYIWZR12903CC494E,0
TRHRXAK12903CFA6A1,0
TRVWIRA128F429F858,0
TRQVSVK128F9320B51,0
TRJVCDM12903CD105A,0
TRERBWB128F428358F,0
TRTXBCQ128F4293499,0
TRASPNM128F4281B68,0
TRMEHLO128F93657BE,0
TRXEWBT128F42A8D7C,0
TRGIQZT128F426538E,0
TRHPQTR128F145E5C4,0
TRJZRLT128F424C6EC,0
TRVGDFM128F92FAFC4,0
TRLWUWK128F92FDF99,0
TRJWKZF128F92DCEF1,0
TRFFJJC128F9308665,0
TRCEBLD128F4264C07,0
TRWTZBU128F428814C,0
TREXBGO128F428D3A7,0
TRXPVFM128F421BB33,0
TRLXSXB128F145E553,0
TRUZEPU128F4294029,0
TRFZGUP128F4255688,0
TRDEAPR128F4219FA0,0
TRWFCVO128F422601C,0
TRCLXRY128F1465010,0
TRMVKBU128F425BB61,0
TRFDJPQ128EF342BB8,0
TRCTVKY128F92E4597,0
TRRAXSZ12903CB4B1E,0
TRBWHFR128E07924F0,0
TRUEVBB128F146561B,0
TRVXAJH128F421F97E,0
TRMAAPK128E07844B2,0
TRRRCSA12903CE8718,0
TRGHGDN128EF3638F1,0
TRMQBIX128F931B104,0
TRADYID128F931915A,0
TRSXIXZ12903CD28B4,0
TRTEZVZ12903CECC39,0
TRIBYGQ128F425B71D,0
TRKNCEN128F14B0236,0
TRQSRBW128F92FDD40,0
TRICUJL128F92D0A86,0
TRENIVK12903CEB153,0
TROMKKM128F4231599,0
TRZWAPQ128F42773F3,0
TRRPMNM128F92FFB42,0
TRPLEPK12903CF5358,0
TRWNOTY128F428FD3C,0
TRVIMDC128F92E2424,0
TRRPNQW128F426CA58,0
TRZPWSK128F428B3D9,0
TRUCKFW128F92EA01B,0
TRHBEAH12903CC6271,0
TRVAZIR128F9335FEF,0
TRAHXMH128F9303A2C,0
TRIFWEL128F931FA2B,0
TRLAMYZ12903CA8342,0
TRABKEH12903CE5BE9,0
TRLHEOL12903CBCC0E,0
TRXUNJD128F42480A7,0
TREMZZX128E078A540,0
TRQFGKE128F930D57E,0
TRQBRJN128F9313A19,0
TREOZOC128F9333795,0
TRLQZSK128F4276B26,0
TRGQZPB128F92F0EED,0
TRDATAW12903CE7CB2,0
TRUTOKN128F42A520F,0
TRXWHKJ128F92F9F02,0
TRMHAIP128F4237654,0
TRBNTFL128F4248DF6,0
TRYWJEA128F42496E9,0
TRNLLVC128F425C54F,0
TRMVMKD128F92F6329,0
TRRWMIO128F92F9187,0
TRDSHYH128F932E442,0
TRFEHVI128F92D541E,0
TRVIHCM128F9334F08,0
TRXNHBP128F92DCF5F,0
TRVJEMU128F42475AF,0
TRTKETH128F92CFD78,0
TRGCUIZ12903CCAA79,0
TRVRWES128EF3664DD,0
TRVVWBG128F92CBFAA,0
TRWLQLX128F4272D11,0
TREFVMA128F426A8DC,0
TRZFREZ128F930C162,0
TRLWBNQ128F92E210B,0
TRTSDGL128F931D50A,0
TRBUJCZ12903D02FC8,0
TRABIPA128F1458F79,0
TRTYJUK128F4291080,0
TRHELEN128F4276BC5,0
TRSFSYZ128F4282638,0
TRNVTJP12903CA2E84,0
TRMXJEY128F424CD12,0
TRGMIQZ12903CFE515,0
TRKLHQK128F92EC063,0
TRMAMQK12903C9A1D2,0
TRXVDSU128F426730C,0
TRJZRZX128F4281C0E,0
TRUZBHZ128F931F56E,0
TRPPCNM128F147D96A,0
TRRUYID128F932CA2B,0
TRDYOGV128F1497D65,0
TRTGYGH128F426781C,0
TROMEQB128F9335F82,0
TRARNGD128F145267E,0
TRSWRKU128F92E0422,0
TRIUTIT128F9353EE2,0
TRTEZZF128F42198F2,0
TROMMBJ128F14ADDA2,0
TRRFYIB128F934AE3F,0
TRAYVKL12903CBDB84,0
TRHITYO128F422BC61,0
TRCILQV128F424E0C0,0
TRWJNCO12903CC27D6,0
TRJURGK128F42227ED,0
TREKFFQ128F42818EA,0
TREQPLT128F9330778,0
TRNGFBR12903CA0776,0
TRCWPAJ12903CC5CDD,0
TRYHWDF12903CBA261,0
TREDSIQ128F146C06B,0
TRVYINR128F149570A,0
TRDZUWV12903CB9D83,0
TRYPPXT128F426B7C5,0
TRWRRFC128F931FD82,0
TRFSTKR12903CE4894,0
TRCJOAU128F4215DE5,0
TRXIIOX128EF34D968,0
TRQZNJN128F423FDA9,0
TRIJVTO128F92FE521,0
TRFEPGY12903CC0022,0
TRXEKKJ128F92EE8A9,0
TRPBWPC128F9325885,0
TRNHFCZ128F427F3D5,0
TRYIQAA128F425AD19,0
TRNKLCI128F42A1202,0
TROQWUI12903CFDE92,0
TRPFWTY128F425855E,0
TRIAEDE128F933CB66,0
TREAHRT12903CEB166,0
TRSMPGC12903CDA99C,0
TRYBBLK128E0785028,0
TRIOKLQ12903CA26F2,0
TRLMWNA128F146604F,0
TRYUYAJ12903CAE3CD,0
TRHMHIY128F421A43E,0
TRILJKL128F14AA118,0
TRXKRON128F145E766,0
TRVTHOB128F92F1A6E,0
TRQUNDW128F145DC08,0
TRJLBPZ12903CD8663,0
TRMUQCT12903D0A08E,0
TRAVKKT12903CDD22B,0
TRXNOKI128F9332371,0
TRUABWL128F4234156,0
TRPYOLF128F92EC156,0
TRCWWRX128F1472B2B,0
TRXOGGZ12903CFA4BD,0
TRIWLZZ128F424FA6D,0
TRGEPYH128E0798357,0
TRTPZMV128F145817A,0
TRLTSGB128F425493E,0
TRVNTYD128F42409EF,0
TRWRCCK128F4299C5A,0
TRHMCAB128F14614D7,0
TRDSFZU12903C9B42A,0
TRNFPHY128F426C2B4,0
TRHVICB128E0787F38,0
TRJCYIJ12903CFA120,0
TRNARFA128F422F5B3,0
TRDDCLP128F4254E81,0
TREEGUL128F1462C8B,0
TRAQPTK128F421B571,0
TRBCSLL12903CDC48A,0
TRSABBF128F42710A1,0
TRNSHXO12903CAE275,0
TRYQGES128F427D1D1,0
TRZWGFW128F4273380,0
TRACGPC12903CC1CA2,0
TRKKEGZ128F42783D2,0
TRCKSHT128F9345241,0
TRMUUHQ12903CA8503,0
TRMONET12903CF7631,0
TRRBFYF12903CE41EC,0
TRGAPJY128F930D635,0
TRKUHPV128F4299953,0
TRNBYHC128F14611D6,0
TRHQERW128F42890B2,0
TRFQCAS128F93102C6,0
TRBXEMA128F4274625,0
TREEQMT12903CB4CB7,0
TRNKYFM12903CFCA32,0
TRSJATY128F429B778,0
TRVFUES12903CAB432,0
TRVXWXQ128F4232867,0
TRYHVMB128F42900B4,0
TRNQOZG12903CBD750,0
TRNNQSX128F92FCBBE,0
TRICEGS128F426900F,0
TRZYPAN128F4261BEA,0
TRJHFIP128F92F2630,0
TRHXGUZ128F42786BA,0
TRTXQGV128F145E247,0
TRDASKI128E078C712,0
TRJLMAI128F92EBB04,0
TRXOXON12903CA1F09,0
TRYVUXO128F429EC19,0
TRETAFE128F4274E9C,0
TRAAYXE128F4289CA7,0
TRWYMTK128F4262C79,0
TRQWPJB12903CDEBFE,0
TRUSOGW128F426B9BE,0
TRMNGGQ128F428F4FC,0
TRWVRBJ128F93373AA,0
TRYPUMO128F9344F71,0
TRGWWIE128F93446B0,0
TRVWJHN128F93204D2,0
TRBIKVI128EF33F51D,0
TRXWMLC128F9329062,0
TRCGHST12903CFDE68,0
TRCNAGR128F930ABB5,0
TRHHZLA128F427F1C5,0
TRTKGGD128F149BE55,0
TRNRAZH128F4251181,0
TRKARKW128F424AFFF,0
TRNWQPW128F42818FB,0
TRQWWNL128F425A46E,0
TRTCHZN128F1477C04,0
TRWRQLJ12903CD5592,0
TRMUHST128F4221523,0
TRBJEOE128F4285930,0
TRHQMNP128F93122F4,0
TRUBEZF128F92F40CD,0
TRZZCCU128F92EDA46,0
TRDRKAM128F93266C2,0
TRUGEHS128F934C567,0
TRWBKCE128F426320F,0
TRWEGXB128F424E77E,0
TRJLKKR128F9341D0F,0
TRARWFL128F42B4686,0
TRYNWCQ128F42377A8,0
TRJTNBV128F149E04D,0
TRVVOSG12903CB3711,0
TREVSBT128F1465C5B,0
TRPFLKO12903CCF5D5,0
TRVKYPS128E0795041,0
TRLUQAU128E078CF26,0
TRAUSYJ128F425AC4B,0
TRJBWXM12903CEC182,0
TRTTJKN128F425EC2E,0
TRTTUIG128F4267BF6,0
TRNPVDP128F42747AA,0
TRNGWUO128EF3582B7,0
TRFYZQO128EF34F59B,0
TRDTFPB128F4247F9A,0
TRNDHTZ128F429DF3E,0
TRHYJXN128F1495906,0
TRVDQSS128F4226A07,0
TRRKBAW128F92E53D4,0
TRPFTST128F933571A,0
TRZQNWE128F4280062,0
TRPOTQJ128F4258C9E,0
TRGNAYZ12903CFEC91,0
TRUQWIJ12903CA29E3,0
TRJFAES128F427EAD7,0
TRHOSVA128F423BAEE,0
TRCUDSQ128EF343820,0
TRJWFAO128F4250CB6,0
TRUQCEF128F9303413,0
TRBTAWB12903CEC05F,0
TRTDYUC128F4291E41,0
TRNISXH128F9319A72,0
TRUNBBJ128F427B496,0
TRJESWI128F1486221,0
TRLCLUF12903CBCF59,0
TRHPHOA128F14B07D9,0
TRQGFCQ128F425627F,0
TRZLCKU12903CD6CCA,0
TRPPHPH128F42863EB,0
TRMJNMB128F149431F,0
TRRTKGQ128F427CA13,0
TRFIZNX128F147D4BF,0
TRANXOR128F930CE22,0
TRVLOLQ128F428C869,0
TROTFGL128F931A403,0
TRWCEJZ128F423539C,0
TRCNDXV12903CFE149,0
TRQMNUN128F92E38EE,0
TRWHYZJ12903CB71CE,0
TRGOZYF12903D016FC,0
TRFEYBB128F428E2EB,0
TRDXUOH128F146AB97,0
TRNQSWR128EF34375F,0
TRUPMML128F4259F62,0
TRYFMYN128F426708C,0
TRSDRKJ128E078256B,0
TRDKENB128EF359E1F,0
TRBFJZY128F931B4A6,0
TRCPZNC12903CAAD51,0
TRLGKDF128F42AB991,0
TRBXDZD128EF3630EC,0
TRYUBCT128F149353D,0
TRATGJJ12903CB248D,0
TRONFYY128F4277C57,0
TRPUDRU128F9357C18,0
TRFEKLT12903CEB2FF,0
TRBCYMO128F1461D54,0
TRRWMXF12903CE1B94,0
TRHAVLI12903CDA6B5,0
TRKFEHA128F92E5172,0
TRSYVQO128F42576CF,0
TRSCQXB12903CD771B,0
TRPFWUU128F92FF2C4,0
TRMAWNA128F93268CF,0
TRUGYCQ128F93429CC,0
TRIITEZ128F92F2C67,0
TRLMVCU128F14ACC82,0
TRXDNOD128F932FE22,0
TRTKPAV128E0788906,0
TRESHZH128E07812F9,0
TRXJUPC12903CD5678,0
TRMTDDY128F4272657,0
TRDNUMZ12903CE91A5,0
TRSPTHA128F147BDA2,0
TRLVKBA128F9337368,0
TRUVBYP128EF340997,0
TRGZGIW128F42747EA,0
TRLOMGE12903D02E90,0
TRRWXAM12903CAEF20,0
TRYNJRM128F4264365,0
TRAADXK12903CFAE92,0
TRFEXRU128F4218F39,0
TROCKGQ128F9308912,0
TRYAEWG12903CC452A,0
TRSGGOR12903CC693F,0
TRLFEJL128F4266CF9,0
TRXAPDC128F428BE12,0
TRHZMFP12903CEBC73,0
